time,base_x,base_y,base_yaw,joint_1,joint_2,joint_3,joint_4,gripper_width,object_x,object_y,object_z,object_grasped,task_state,tracking_error
0.03333333333333333,0.0,0.0,0.0,0.0,-0.4,0.6,0.0,0.08,1.0,0.3,0.05,False,DETECT,0.0
0.06666666666666667,0.0,0.0,0.0,0.0,-0.4,0.6,0.0,0.08,1.0,0.3,0.05,False,MOVE_BASE,0.0
0.1,0.0011192038361462753,0.0,0.05,0.0,-0.4,0.6,0.0,0.08,1.0,0.3,0.05,False,MOVE_BASE,0.1678805754219413
0.13333333333333333,0.0022432023159274076,5.624680413975635e-05,0.1,0.0,-0.4,0.6,0.0,0.08,1.0,0.3,0.05,False,MOVE_BASE,0.16881074143649813
0.16666666666666666,0.003368990980855973,0.0001692024406728811,0.15000000000000002,0.0,-0.4,0.6,0.0,0.08,1.0,0.3,0.05,False,MOVE_BASE,0.16971617369269937
0.19999999999999998,0.004493518019045485,0.00033915807980210177,0.2,0.0,-0.4,0.6,0.0,0.08,1.0,0.3,0.05,False,MOVE_BASE,0.17059464975505445
0.2333333333333333,0.005613694995672892,0.0005662291945102407,0.25,0.0,-0.4,0.6,0.0,0.08,1.0,0.3,0.05,False,MOVE_BASE,0.17144401236925882
0.26666666666666666,0.006726408068361638,0.0008503514882583477,0.3,0.0,-0.4,0.6,0.0,0.08,1.0,0.3,0.05,False,MOVE_BASE,0.17226217474705557
0.3,0.007828529625073286,0.0011912776372254485,0.35,0.0,-0.4,0.6,0.0,0.08,1.0,0.3,0.05,False,MOVE_BASE,0.17304712568663483
0.3333333333333333,0.008916930277477015,0.001588574889144834,0.39999999999999997,0.0,-0.4,0.6,0.0,0.08,1.0,0.3,0.05,False,MOVE_BASE,0.17379693451568734
0.36666666666666664,0.009988491138686714,0.002041623554729519,0.44999999999999996,0.0,-0.4,0.6,0.0,0.08,1.0,0.3,0.05,False,MOVE_BASE,0.1745097558446289
0.39999999999999997,0.011040116310756985,0.0025496164212279694,0.49999999999999994,0.0,-0.4,0.6,0.0,0.08,1.0,0.3,0.05,False,MOVE_BASE,0.1751838341179506
0.4333333333333333,0.012068745504449009,0.0031115591108679323,0.5499999999999999,0.0,-0.4,0.6,0.0,0.08,1.0,0.3,0.05,False,MOVE_BASE,0.1758175079521212
0.4666666666666666,0.013071366711545686,0.003726271399892148,0.6,0.0,-0.4,0.6,0.0,0.08,1.0,0.3,0.05,False,MOVE_BASE,0.17640921424897626
0.49999999999999994,0.014045028848437828,0.004392389506628689,0.65,0.0,-0.4,0.6,0.0,0.08,1.0,0.3,0.05,False,MOVE_BASE,0.1769574920740628
0.5333333333333333,0.014986854288837743,0.005108369349636715,0.7000000000000001,0.0,-0.4,0.6,0.0,0.08,1.0,0.3,0.05,False,MOVE_BASE,0.1774609862899774
0.5666666666666667,0.015894051203315374,0.005872490769493182,0.7500000000000001,0.0,-0.4,0.6,0.0,0.08,1.0,0.3,0.05,False,MOVE_BASE,0.17791845093532868
0.6,0.016763925623900406,0.006682862700306099,0.8000000000000002,0.0,-0.4,0.6,0.0,0.08,1.0,0.3,0.05,False,MOVE_BASE,0.17832875234057466
0.6333333333333333,0.017593893153249916,0.007537429269624184,0.8500000000000002,0.0,-0.4,0.6,0.0,0.08,1.0,0.3,0.05,False,MOVE_BASE,0.17869087197262964
0.6666666666666666,0.018381490239836956,0.008433976798129624,0.9000000000000002,0.0,-0.4,0.6,0.0,0.08,1.0,0.3,0.05,False,MOVE_BASE,0.17900390900079835
0.7,0.019124384943255877,0.0093701416634176,0.9500000000000003,0.0,-0.4,0.6,0.0,0.08,1.0,0.3,0.05,False,MOVE_BASE,0.179267082577281
0.7333333333333333,0.01982038711704371,0.0103434189853489,1.0000000000000002,0.0,-0.4,0.6,0.0,0.08,1.0,0.3,0.05,False,MOVE_BASE,0.17947973382619248
0.7666666666666666,0.0204674579403556,0.011351172083973645,1.0500000000000003,0.0,-0.4,0.6,0.0,0.08,1.0,0.3,0.05,False,MOVE_BASE,0.1796413275357576
0.7999999999999999,0.021063718734372086,0.012390642654925309,1.1000000000000003,0.0,-0.4,0.6,0.0,0.08,1.0,0.3,0.05,False,MOVE_BASE,0.17975145354907243
0.8333333333333333,0.021607459004417177,0.013458961601531389,1.1500000000000004,0.0,-0.4,0.6,0.0,0.08,1.0,0.3,0.05,False,MOVE_BASE,0.17980982784956515
0.8666666666666666,0.024055882254248182,0.018929955882540376,1.2000000000000004,0.0,-0.4,0.6,0.0,0.08,1.0,0.3,0.05,False,MOVE_BASE,0.17981629333803834
0.8999999999999999,0.026226028529847262,0.024511901145573944,1.2500000000000004,0.0,-0.4,0.6,0.0,0.08,1.0,0.3,0.05,False,MOVE_BASE,0.17966881476566682
0.9333333333333332,0.028111884195119445,0.03018751516505953,1.3000000000000005,0.0,-0.4,0.6,0.0,0.08,1.0,0.3,0.05,False,MOVE_BASE,0.17942168620202648
0.9666666666666666,0.029708631521459035,0.035939162618053695,1.3500000000000005,0.0,-0.4,0.6,0.0,0.08,1.0,0.3,0.05,False,MOVE_BASE,0.17907525067115282
0.9999999999999999,0.031012670257474128,0.0417489443700608,1.4000000000000006,0.0,-0.4,0.6,0.0,0.08,1.0,0.3,0.05,False,MOVE_BASE,0.1786299888817225
1.0333333333333332,0.03202163214857894,0.04759878808804025,1.4500000000000006,0.0,-0.4,0.6,0.0,0.08,1.0,0.3,0.05,False,MOVE_BASE,0.17808651846851556
1.0666666666666667,0.03273438832771078,0.05347053960197772,1.5000000000000007,0.0,-0.4,0.6,0.0,0.08,1.0,0.3,0.05,False,MOVE_BASE,0.1774455930449833
1.1,0.033151049547097675,0.0593460544322531,1.5500000000000007,0.0,-0.4,0.6,0.0,0.08,1.0,0.3,0.05,False,MOVE_BASE,0.17670810106861015
1.1333333333333335,0.03327295926981675,0.06520728890004876,1.6000000000000008,0.0,-0.4,0.6,0.0,0.08,1.0,0.3,0.05,False,MOVE_BASE,0.1758750645210187
1.166666666666667,0.03310267968848455,0.07103639024220007,1.6500000000000008,0.0,-0.4,0.6,0.0,0.08,1.0,0.3,0.05,False,MOVE_BASE,0.17494763740502486
1.2000000000000004,0.03264397078645468,0.07681578516015947,1.7000000000000008,0.0,-0.4,0.6,0.0,0.08,1.0,0.3,0.05,False,MOVE_BASE,0.1739271040611058
1.2333333333333338,0.03190176260401354,0.08252826624506002,1.7500000000000009,0.0,-0.4,0.6,0.0,0.08,1.0,0.3,0.05,False,MOVE_BASE,0.1728148773059954
1.2666666666666673,0.03088212091791967,0.08815707573712614,1.800000000000001,0.0,-0.4,0.6,0.0,0.08,1.0,0.3,0.05,False,MOVE_BASE,0.1716124963963717
1.3000000000000007,0.02959220658689214,0.09368598609776292,1.850000000000001,0.0,-0.4,0.6,0.0,0.08,1.0,0.3,0.05,False,MOVE_BASE,0.17032162482084393
1.3333333333333341,0.028040228857998062,0.09909937689640673,1.900000000000001,0.0,-0.4,0.6,0.0,0.08,1.0,0.3,0.05,False,MOVE_BASE,0.16894404792369022
1.3666666666666676,0.0262353929690126,0.10438230754145732,1.950000000000001,0.0,-0.4,0.6,0.0,0.08,1.0,0.3,0.05,False,MOVE_BASE,0.16748167036403136
1.400000000000001,0.024187842419437222,0.10952058541512857,2.000000000000001,0.0,-0.4,0.6,0.0,0.08,1.0,0.3,0.05,False,MOVE_BASE,0.16593651341435828
1.4333333333333345,0.02190859631769429,0.11450082900562028,2.0500000000000007,0.0,-0.4,0.6,0.0,0.08,1.0,0.3,0.05,False,MOVE_BASE,0.16431071210255804
1.466666666666668,0.019409482243818776,0.11931052566637372,2.1000000000000005,0.0,-0.4,0.6,0.0,0.08,1.0,0.3,0.05,False,MOVE_BASE,0.16260651220180236
1.5000000000000013,0.016703065095516126,0.12393808367105648,2.1500000000000004,0.0,-0.4,0.6,0.0,0.08,1.0,0.3,0.05,False,MOVE_BASE,0.16082626707287936
1.5333333333333348,0.013802572410547411,0.12837287827403385,2.2,0.0,-0.4,0.6,0.0,0.08,1.0,0.3,0.05,False,MOVE_BASE,0.1589724343637565
1.5666666666666682,0.010721816679864462,0.13260529152911868,2.25,0.0,-0.4,0.6,0.0,0.08,1.0,0.3,0.05,False,MOVE_BASE,0.15704757257136534
1.6000000000000016,0.007475115183601043,0.13662674566402663,2.3,0.0,-0.4,0.6,0.0,0.08,1.0,0.3,0.05,False,MOVE_BASE,0.15505433747079359
1.633333333333335,0.0040772078958126005,0.14042972985386729,2.3499999999999996,0.0,-0.4,0.6,0.0,0.08,1.0,0.3,0.05,False,MOVE_BASE,0.15299547841725714
1.6666666666666685,0.0005431740136568148,0.14400782028383102,2.3999999999999995,0.0,-0.4,0.6,0.0,0.08,1.0,0.3,0.05,False,MOVE_BASE,0.1508738345264043
1.700000000000002,-0.003111652327539169,0.14735569343864133,2.4499999999999993,0.0,-0.4,0.6,0.0,0.08,1.0,0.3,0.05,False,MOVE_BASE,0.14869233073867535
1.7333333333333354,-0.006871766590200936,0.15046913260397918,2.499999999999999,0.0,-0.4,0.6,0.0,0.08,1.0,0.3,0.05,False,MOVE_BASE,0.1464539737736022
1.7666666666666688,-0.010721578060690712,0.1533450276126002,2.549999999999999,0.0,-0.4,0.6,0.0,0.08,1.0,0.3,0.05,False,MOVE_BASE,0.14416184798008583
1.8000000000000023,-0.014645493211464036,0.1559813679149057,2.5999999999999988,0.0,-0.4,0.6,0.0,0.08,1.0,0.3,0.05,False,MOVE_BASE,0.14181911108882975
1.8333333333333357,-0.018627997655329756,0.15837722909995022,2.6499999999999986,0.0,-0.4,0.6,0.0,0.08,1.0,0.3,0.05,False,MOVE_BASE,0.13942898987323943
1.8666666666666691,-0.022653736162252712,0.1605327530379322,2.6999999999999984,0.0,-0.4,0.6,0.0,0.08,1.0,0.3,0.05,False,MOVE_BASE,0.13699477572521548
1.9000000000000026,-0.02670759022721624,0.16244912185879215,2.7499999999999982,0.0,-0.4,0.6,0.0,0.08,1.0,0.3,0.05,False,MOVE_BASE,0.13451982015237324
1.933333333333336,-0.030774752699360187,0.16412852602331798,2.799999999999998,0.0,-0.4,0.6,0.0,0.08,1.0,0.3,0.05,False,MOVE_BASE,0.13200753020331255
1.9666666666666694,-0.034840799007754567,0.16557412678282732,2.849999999999998,0.0,-0.4,0.6,0.0,0.08,1.0,0.3,0.05,False,MOVE_BASE,0.12946136382763543
2.0000000000000027,-0.03889175454755899,0.16679001336077565,2.8999999999999977,0.0,-0.4,0.6,0.0,0.08,1.0,0.3,0.05,False,MOVE_BASE,0.12688482517746694
2.033333333333336,-0.0429141578217299,0.16778115522426187,2.9499999999999975,0.0,-0.4,0.6,0.0,0.08,1.0,0.3,0.05,False,MOVE_BASE,0.12428145985727004
2.066666666666669,-0.04689511896762496,0.1685533498451228,2.9999999999999973,0.0,-0.4,0.6,0.0,0.08,1.0,0.3,0.05,False,MOVE_BASE,0.1216548501287613
2.1000000000000023,-0.05082237333455141,0.16911316637890153,3.049999999999997,0.0,-0.4,0.6,0.0,0.08,1.0,0.3,0.05,False,MOVE_BASE,0.1190086100777227
2.1333333333333355,-0.05468432981722841,0.16946788571524452,3.099999999999997,0.0,-0.4,0.6,0.0,0.08,1.0,0.3,0.05,False,MOVE_BASE,0.11634638074946642
2.1666666666666687,-0.0584701136909826,0.16962543737505442,3.149999999999997,0.0,-0.4,0.6,0.0,0.08,1.0,0.3,0.05,False,MOVE_BASE,0.11367182525963745
2.200000000000002,-0.06216960373695924,0.16959433374785587,3.1999999999999966,0.0,-0.4,0.6,0.0,0.08,1.0,0.3,0.05,False,MOVE_BASE,0.11098862388693095
2.233333333333335,-0.06577346348938289,0.16938360217719994,3.2499999999999964,0.0,-0.4,0.6,0.0,0.08,1.0,0.3,0.05,False,MOVE_BASE,0.10830046915415047
2.2666666666666684,-0.06927316648161125,0.1690027154124547,3.2999999999999963,0.0,-0.4,0.6,0.0,0.08,1.0,0.3,0.05,False,MOVE_BASE,0.10561106090383351
2.3000000000000016,-0.07266101541305411,0.16846152095194214,3.349999999999996,0.0,-0.4,0.6,0.0,0.08,1.0,0.3,0.05,False,MOVE_BASE,0.10292410137441714
2.333333333333335,-0.07593015520463606,0.16777016980505888,3.399999999999996,0.0,-0.4,0.6,0.0,0.08,1.0,0.3,0.05,False,MOVE_BASE,0.1002432902825974
2.366666666666668,-0.07907457995602547,0.16693904519976083,3.4499999999999957,0.0,-0.4,0.6,0.0,0.08,1.0,0.3,0.05,False,MOVE_BASE,0.09757231991714656
2.4000000000000012,-0.08208913386299488,0.16597869175663085,3.4978578707195838,0.0,-0.4,0.6,0.0,0.08,1.0,0.3,0.05,False,MOVE_BASE,0.09491487024897881
2.4333333333333345,-0.08497181082937583,0.16490591824243267,3.5432798598605117,0.0,-0.4,0.6,0.0,0.08,1.0,0.3,0.05,False,MOVE_BASE,0.09227460406168955
2.4666666666666677,-0.08772254681119575,0.16373745114500476,3.5863989835165335,0.0,-0.4,0.6,0.0,0.08,1.0,0.3,0.05,False,MOVE_BASE,0.08965867174738526
2.500000000000001,-0.09034258096812307,0.16248857134234376,3.627339725096446,0.0,-0.4,0.6,0.0,0.08,1.0,0.3,0.05,False,MOVE_BASE,0.08707382942345203
2.533333333333334,-0.09283419264982108,0.16117315590297254,3.6662187537144115,0.0,-0.4,0.6,0.0,0.08,1.0,0.3,0.05,False,MOVE_BASE,0.08452574693819122
2.5666666666666673,-0.09520047550563299,0.15980373868055062,3.7031455614130064,0.0,-0.4,0.6,0.0,0.08,1.0,0.3,0.05,False,MOVE_BASE,0.08201913358782599
2.6000000000000005,-0.09744514516556668,0.15839158344487814,3.7382230305224255,0.0,-0.4,0.6,0.0,0.08,1.0,0.3,0.05,False,MOVE_BASE,0.07955785230055983
2.6333333333333337,-0.099572376888112,0.15694676464888518,3.7715479406746675,0.0,-0.4,0.6,0.0,0.08,1.0,0.3,0.05,False,MOVE_BASE,0.07714502277653365
2.666666666666667,-0.10158666966636849,0.15547825205490826,3.8032114235142407,0.0,-0.4,0.6,0.0,0.08,1.0,0.3,0.05,False,MOVE_BASE,0.07478311421493898
2.7,-0.10349273347544279,0.1539939963625928,3.8332993719199813,0.0,-0.4,0.6,0.0,0.08,1.0,0.3,0.05,False,MOVE_BASE,0.07247402834112551
2.7333333333333334,-0.10529539659218388,0.15250101372387587,3.8618928095303096,0.0,-0.4,0.6,0.0,0.08,1.0,0.3,0.05,False,MOVE_BASE,0.07021917348397114
2.7666666666666666,-0.10699953019501414,0.1510054676246945,3.8890682255098947,0.0,-0.4,0.6,0.0,0.08,1.0,0.3,0.05,False,MOVE_BASE,0.06801953045974832
2.8,-0.10860998773716854,0.14951274708280837,3.9148978787795534,0.0,-0.4,0.6,0.0,0.08,1.0,0.3,0.05,False,MOVE_BASE,0.06587571100280949
2.833333333333333,-0.11013155686766575,0.14802754047804106,3.939450075329204,0.0,-0.4,0.6,0.0,0.08,1.0,0.3,0.05,False,MOVE_BASE,0.06378800945282616
2.8666666666666663,-0.1115689219420862,0.14655390461406678,3.9627894217262494,0.0,-0.4,0.6,0.0,0.08,1.0,0.3,0.05,False,MOVE_BASE,0.0617564483684046
2.8999999999999995,-0.11292663541445085,0.14509532882557277,3.984977057502884,0.0,-0.4,0.6,0.0,0.08,1.0,0.3,0.05,False,MOVE_BASE,0.05978081869161103
2.9333333333333327,-0.11420909662937788,0.143654794104659,4.006070868742424,0.0,-0.4,0.6,0.0,0.08,1.0,0.3,0.05,False,MOVE_BASE,0.057860715040130684
2.966666666666666,-0.11542053673917917,0.14223482733689483,4.026125684876088,0.0,-0.4,0.6,0.0,0.08,1.0,0.3,0.05,False,MOVE_BASE,0.05599556665550438
2.999999999999999,-0.1165650086537641,0.14083755081976476,4.045193460438822,0.0,-0.4,0.6,0.0,0.08,1.0,0.3,0.05,False,MOVE_BASE,0.054184664488553386
3.0333333333333323,-0.11764638109304171,0.13946472729185086,4.0633234433084775,0.0,-0.4,0.6,0.0,0.08,1.0,0.3,0.05,False,MOVE_BASE,0.05242718485767521
3.0666666666666655,-0.11866833595332484,0.1381178007361295,4.080562330760765,0.0,-0.4,0.6,0.0,0.08,1.0,0.3,0.05,False,MOVE_BASE,0.05072221007278131
3.0999999999999988,-0.11866833595332484,0.1381178007361295,4.130562330760765,0.0,-0.4,0.6,0.0,0.08,1.0,0.3,0.05,False,MOVE_BASE,0.04906874637760534
3.133333333333332,-0.11866833595332484,0.1381178007361295,4.180562330760765,0.0,-0.4,0.6,0.0,0.08,1.0,0.3,0.05,False,MOVE_BASE,0.04906874637760534
3.166666666666665,-0.11866833595332484,0.1381178007361295,4.2305623307607645,0.0,-0.4,0.6,0.0,0.08,1.0,0.3,0.05,False,MOVE_BASE,0.04906874637760534
3.1999999999999984,-0.11866833595332484,0.1381178007361295,4.280562330760764,0.0,-0.4,0.6,0.0,0.08,1.0,0.3,0.05,False,MOVE_BASE,0.04906874637760534
3.2333333333333316,-0.11866833595332484,0.1381178007361295,4.330562330760764,0.0,-0.4,0.6,0.0,0.08,1.0,0.3,0.05,False,MOVE_BASE,0.04906874637760534
3.266666666666665,-0.11866833595332484,0.1381178007361295,4.380562330760764,0.0,-0.4,0.6,0.0,0.08,1.0,0.3,0.05,False,MOVE_BASE,0.04906874637760534
3.299999999999998,-0.11866833595332484,0.1381178007361295,4.430562330760764,0.0,-0.4,0.6,0.0,0.08,1.0,0.3,0.05,False,MOVE_BASE,0.04906874637760534
3.3333333333333313,-0.11866833595332484,0.1381178007361295,4.480562330760764,0.0,-0.4,0.6,0.0,0.08,1.0,0.3,0.05,False,MOVE_BASE,0.04906874637760534
3.3666666666666645,-0.11866833595332484,0.1381178007361295,4.530562330760763,0.0,-0.4,0.6,0.0,0.08,1.0,0.3,0.05,False,MOVE_BASE,0.04906874637760534
3.3999999999999977,-0.11866833595332484,0.1381178007361295,4.580562330760763,0.0,-0.4,0.6,0.0,0.08,1.0,0.3,0.05,False,MOVE_BASE,0.04906874637760534
3.433333333333331,-0.11866833595332484,0.1381178007361295,4.630562330760763,0.0,-0.4,0.6,0.0,0.08,1.0,0.3,0.05,False,MOVE_BASE,0.04906874637760534
3.466666666666664,-0.11866833595332484,0.1381178007361295,4.680562330760763,0.0,-0.4,0.6,0.0,0.08,1.0,0.3,0.05,False,MOVE_BASE,0.04906874637760534
3.4999999999999973,-0.11866833595332484,0.1381178007361295,4.730562330760763,0.0,-0.4,0.6,0.0,0.08,1.0,0.3,0.05,False,MOVE_BASE,0.04906874637760534
3.5333333333333306,-0.11866833595332484,0.1381178007361295,4.7805623307607625,0.0,-0.4,0.6,0.0,0.08,1.0,0.3,0.05,False,MOVE_BASE,0.04906874637760534
3.5666666666666638,-0.11866833595332484,0.1381178007361295,4.830562330760762,0.0,-0.4,0.6,0.0,0.08,1.0,0.3,0.05,False,MOVE_BASE,0.04906874637760534
3.599999999999997,-0.11866833595332484,0.1381178007361295,4.880562330760762,0.0,-0.4,0.6,0.0,0.08,1.0,0.3,0.05,False,MOVE_BASE,0.04906874637760534
3.63333333333333,-0.11866833595332484,0.1381178007361295,4.930562330760762,0.0,-0.4,0.6,0.0,0.08,1.0,0.3,0.05,False,MOVE_BASE,0.04906874637760534
3.6666666666666634,-0.11866833595332484,0.1381178007361295,4.980562330760762,0.0,-0.4,0.6,0.0,0.08,1.0,0.3,0.05,False,MOVE_BASE,0.04906874637760534
3.6999999999999966,-0.11866833595332484,0.1381178007361295,5.030562330760762,0.0,-0.4,0.6,0.0,0.08,1.0,0.3,0.05,False,MOVE_BASE,0.04906874637760534
3.73333333333333,-0.11866833595332484,0.1381178007361295,5.0805623307607615,0.0,-0.4,0.6,0.0,0.08,1.0,0.3,0.05,False,MOVE_BASE,0.04906874637760534
3.766666666666663,-0.11866833595332484,0.1381178007361295,5.130562330760761,0.0,-0.4,0.6,0.0,0.08,1.0,0.3,0.05,False,MOVE_BASE,0.04906874637760534
3.7999999999999963,-0.11866833595332484,0.1381178007361295,5.180562330760761,0.0,-0.4,0.6,0.0,0.08,1.0,0.3,0.05,False,MOVE_BASE,0.04906874637760534
3.8333333333333295,-0.11866833595332484,0.1381178007361295,5.230562330760761,0.0,-0.4,0.6,0.0,0.08,1.0,0.3,0.05,False,MOVE_BASE,0.04906874637760534
3.8666666666666627,-0.11866833595332484,0.1381178007361295,5.280562330760761,0.0,-0.4,0.6,0.0,0.08,1.0,0.3,0.05,False,MOVE_BASE,0.04906874637760534
3.899999999999996,-0.11866833595332484,0.1381178007361295,5.330562330760761,0.0,-0.4,0.6,0.0,0.08,1.0,0.3,0.05,False,MOVE_BASE,0.04906874637760534
3.933333333333329,-0.11866833595332484,0.1381178007361295,5.38056233076076,0.0,-0.4,0.6,0.0,0.08,1.0,0.3,0.05,False,MOVE_BASE,0.04906874637760534
3.9666666666666623,-0.11866833595332484,0.1381178007361295,5.43056233076076,0.0,-0.4,0.6,0.0,0.08,1.0,0.3,0.05,False,MOVE_BASE,0.04906874637760534
3.9999999999999956,-0.11866833595332484,0.1381178007361295,5.48056233076076,0.0,-0.4,0.6,0.0,0.08,1.0,0.3,0.05,False,MOVE_BASE,0.04906874637760534
4.033333333333329,-0.11866833595332484,0.1381178007361295,5.53056233076076,0.0,-0.4,0.6,0.0,0.08,1.0,0.3,0.05,False,MOVE_BASE,0.04906874637760534
4.066666666666662,-0.11866833595332484,0.1381178007361295,5.58056233076076,0.0,-0.4,0.6,0.0,0.08,1.0,0.3,0.05,False,MOVE_BASE,0.04906874637760534
4.099999999999995,-0.11866833595332484,0.1381178007361295,5.6305623307607595,0.0,-0.4,0.6,0.0,0.08,1.0,0.3,0.05,False,MOVE_BASE,0.04906874637760534
4.133333333333328,-0.11866833595332484,0.1381178007361295,5.680562330760759,0.0,-0.4,0.6,0.0,0.08,1.0,0.3,0.05,False,MOVE_BASE,0.04906874637760534
4.166666666666662,-0.11866833595332484,0.1381178007361295,5.730562330760759,0.0,-0.4,0.6,0.0,0.08,1.0,0.3,0.05,False,MOVE_BASE,0.04906874637760534
4.199999999999995,-0.11866833595332484,0.1381178007361295,5.776614245462328,0.0,-0.4,0.6,0.0,0.08,1.0,0.3,0.05,False,MOVE_BASE,0.04906874637760534
4.233333333333328,-0.11866833595332484,0.1381178007361295,5.818828500605433,0.0,-0.4,0.6,0.0,0.08,1.0,0.3,0.05,False,MOVE_BASE,0.04906874637760534
4.266666666666661,-0.11866833595332484,0.1381178007361295,5.85752490115328,0.0,-0.4,0.6,0.0,0.08,1.0,0.3,0.05,False,MOVE_BASE,0.04906874637760534
4.2999999999999945,-0.11866833595332484,0.1381178007361295,5.892996601655472,0.0,-0.4,0.6,0.0,0.08,1.0,0.3,0.05,False,MOVE_BASE,0.04906874637760534
4.333333333333328,-0.11866833595332484,0.1381178007361295,5.925512327115815,0.0,-0.4,0.6,0.0,0.08,1.0,0.3,0.05,False,MOVE_BASE,0.04906874637760534
4.366666666666661,-0.11866833595332484,0.1381178007361295,5.955318408787796,0.0,-0.4,0.6,0.0,0.08,1.0,0.3,0.05,False,MOVE_BASE,0.04906874637760534
4.399999999999994,-0.11866833595332484,0.1381178007361295,5.982640650320445,0.0,-0.4,0.6,0.0,0.08,1.0,0.3,0.05,False,MOVE_BASE,0.04906874637760534
4.433333333333327,-0.11866833595332484,0.1381178007361295,6.007686038392039,0.0,-0.4,0.6,0.0,0.08,1.0,0.3,0.05,False,MOVE_BASE,0.04906874637760534
4.466666666666661,-0.11866833595332484,0.1381178007361295,6.0306443107910015,0.0,-0.4,0.6,0.0,0.08,1.0,0.3,0.05,False,MOVE_BASE,0.04906874637760534
4.499999999999994,-0.11866833595332484,0.1381178007361295,6.051689393823383,0.0,-0.4,0.6,0.0,0.08,1.0,0.3,0.05,False,MOVE_BASE,0.04906874637760534
4.533333333333327,-0.11866833595332484,0.1381178007361295,6.0709807199364,0.0,-0.4,0.6,0.0,0.08,1.0,0.3,0.05,False,MOVE_BASE,0.04906874637760534
4.56666666666666,-0.11866833595332484,0.1381178007361295,6.088664435539998,0.0,-0.4,0.6,0.0,0.08,1.0,0.3,0.05,False,MOVE_BASE,0.04906874637760534
4.599999999999993,-0.11866833595332484,0.1381178007361295,6.104874508176631,0.0,-0.4,0.6,0.0,0.08,1.0,0.3,0.05,False,MOVE_BASE,0.04906874637760534
4.633333333333327,-0.11866833595332484,0.1381178007361295,6.119733741426877,0.0,-0.4,0.6,0.0,0.08,1.0,0.3,0.05,False,MOVE_BASE,0.04906874637760534
4.66666666666666,-0.11866833595332484,0.1381178007361295,6.133354705239603,0.0,-0.4,0.6,0.0,0.08,1.0,0.3,0.05,False,MOVE_BASE,0.04906874637760534
4.699999999999993,-0.11866833595332484,0.1381178007361295,6.145840588734602,0.0,-0.4,0.6,0.0,0.08,1.0,0.3,0.05,False,MOVE_BASE,0.04906874637760534
4.733333333333326,-0.11866833595332484,0.1381178007361295,6.157285981938351,0.0,-0.4,0.6,0.0,0.08,1.0,0.3,0.05,False,MOVE_BASE,0.04906874637760534
4.7666666666666595,-0.11866833595332484,0.1381178007361295,6.167777592375121,0.0,-0.4,0.6,0.0,0.08,1.0,0.3,0.05,False,MOVE_BASE,0.04906874637760534
4.799999999999993,-0.11866833595332484,0.1381178007361295,6.17739490194216,0.0,-0.4,0.6,0.0,0.08,1.0,0.3,0.05,False,MOVE_BASE,0.04906874637760534
4.833333333333326,-0.11866833595332484,0.1381178007361295,6.186210769045279,0.0,-0.4,0.6,0.0,0.08,1.0,0.3,0.05,False,MOVE_BASE,0.04906874637760534
4.866666666666659,-0.11866833595332484,0.1381178007361295,6.194291980556471,0.0,-0.4,0.6,0.0,0.08,1.0,0.3,0.05,False,MOVE_BASE,0.04906874637760534
4.899999999999992,-0.11866833595332484,0.1381178007361295,6.2016997577750645,0.0,-0.4,0.6,0.0,0.08,1.0,0.3,0.05,False,MOVE_BASE,0.04906874637760534
4.933333333333326,-0.11866833595332484,0.1381178007361295,6.208490220225442,0.0,-0.4,0.6,0.0,0.08,1.0,0.3,0.05,False,MOVE_BASE,0.04906874637760534
4.966666666666659,-0.11866833595332484,0.1381178007361295,6.214714810804954,0.0,-0.4,0.6,0.0,0.08,1.0,0.3,0.05,False,MOVE_BASE,0.04906874637760534
4.999999999999992,-0.11866833595332484,0.1381178007361295,6.22042068550284,0.0,-0.4,0.6,0.0,0.08,1.0,0.3,0.05,False,MOVE_BASE,0.04906874637760534
5.033333333333325,-0.11866833595332484,0.1381178007361295,6.225651070642569,0.0,-0.4,0.6,0.0,0.08,1.0,0.3,0.05,False,MOVE_BASE,0.04906874637760534
5.066666666666658,-0.11866833595332484,0.1381178007361295,6.2304455903539875,0.0,-0.4,0.6,0.0,0.08,1.0,0.3,0.05,False,MOVE_BASE,0.04906874637760534
5.099999999999992,-0.11866833595332484,0.1381178007361295,6.23484056675612,0.0,-0.4,0.6,0.0,0.08,1.0,0.3,0.05,False,MOVE_BASE,0.04906874637760534
5.133333333333325,-0.11866833595332484,0.1381178007361295,6.238869295124743,0.0,-0.4,0.6,0.0,0.08,1.0,0.3,0.05,False,ALIGN_ARM,0.04906874637760534
5.166666666666658,-0.11866833595332484,0.1381178007361295,6.238869295124743,0.0,-0.4,0.6,0.0,0.08,1.0,0.3,0.05,False,ALIGN_ARM,0.24139641690706948
5.199999999999991,-0.11866833595332484,0.1381178007361295,6.238869295124743,0.0,-0.4,0.6,0.0,0.08,1.0,0.3,0.05,False,ALIGN_ARM,0.24139641690706948
5.2333333333333245,-0.11866833595332484,0.1381178007361295,6.238869295124743,0.0,-0.4,0.6,0.0,0.08,1.0,0.3,0.05,False,ALIGN_ARM,0.24139641690706948
5.266666666666658,-0.11866833595332484,0.1381178007361295,6.238869295124743,0.0,-0.4,0.6,0.0,0.08,1.0,0.3,0.05,False,ALIGN_ARM,0.24139641690706948
5.299999999999991,-0.11866833595332484,0.1381178007361295,6.238869295124743,0.0,-0.4,0.6,0.0,0.08,1.0,0.3,0.05,False,ALIGN_ARM,0.24139641690706948
5.333333333333324,-0.11866833595332484,0.1381178007361295,6.238869295124743,0.0,-0.4,0.6,0.0,0.08,1.0,0.3,0.05,False,ALIGN_ARM,0.24139641690706948
5.366666666666657,-0.11866833595332484,0.1381178007361295,6.238869295124743,0.0007677373686562922,-0.40317775271538203,0.603004559245542,0.0,0.08,1.0,0.3,0.05,False,ALIGN_ARM,0.24139641690706948
5.399999999999991,-0.11866833595332484,0.1381178007361295,6.238869295124743,0.0007677373686562922,-0.40317775271538203,0.603004559245542,0.0,0.08,1.0,0.3,0.05,False,ALIGN_ARM,0.24036479557235654
5.433333333333324,-0.11866833595332484,0.1381178007361295,6.238869295124743,0.0017944141091094535,-0.40777302325201203,0.6079945781279967,0.0,0.08,1.0,0.3,0.05,False,ALIGN_ARM,0.24036479557235654
5.466666666666657,-0.11866833595332484,0.1381178007361295,6.238869295124743,0.0025599536600255553,-0.411481979191859,0.6125176391088709,0.0,0.08,1.0,0.3,0.05,False,ALIGN_ARM,0.23900721765566368
5.49999999999999,-0.11866833595332484,0.1381178007361295,6.238869295124743,0.003462447825637007,-0.4156626110994916,0.6173328698165929,0.0,0.08,1.0,0.3,0.05,False,ALIGN_ARM,0.2380143276330295
5.5333333333333234,-0.11866833595332484,0.1381178007361295,6.238869295124743,0.00452851736304216,-0.4205171254636734,0.6228154040380153,0.0,0.08,1.0,0.3,0.05,False,ALIGN_ARM,0.23683598014231072
5.566666666666657,-0.11866833595332484,0.1381178007361295,6.238869295124743,0.005771146261160815,-0.4261207175090793,0.6290890202862462,0.0,0.08,1.0,0.3,0.05,False,ALIGN_ARM,0.23544460746806492
5.59999999999999,-0.11866833595332484,0.1381178007361295,6.238869295124743,0.007199283102385956,-0.4325025801629373,0.6361836855036088,0.0,0.08,1.0,0.3,0.05,False,ALIGN_ARM,0.23382662701177737
5.633333333333323,-0.11866833595332484,0.1381178007361295,6.238869295124743,0.008819784109947751,-0.43967056423889556,0.6440887456676073,0.0,0.08,1.0,0.3,0.05,False,ALIGN_ARM,0.23197291296191627
5.666666666666656,-0.11866833595332484,0.1381178007361295,6.238869295124743,0.010638066447208215,-0.44761965142208787,0.6527711153814956,0.0,0.08,1.0,0.3,0.05,False,ALIGN_ARM,0.22987704355364813
5.6999999999999895,-0.11866833595332484,0.1381178007361295,6.238869295124743,0.012658349772926727,-0.4563352492189474,0.662182251161031,0.0,0.08,1.0,0.3,0.05,False,ALIGN_ARM,0.22753469739634571
5.733333333333323,-0.11866833595332484,0.1381178007361295,6.238869295124743,0.014883761187895304,-0.4657948670999547,0.6722616416088789,0.0,0.08,1.0,0.3,0.05,False,ALIGN_ARM,0.22494341165320467
5.766666666666656,-0.11866833595332484,0.1381178007361295,6.238869295124743,0.01731639375927318,-0.47596930168705504,0.6829392621739266,0.0,0.08,1.0,0.3,0.05,False,ALIGN_ARM,0.2221024555366699
5.799999999999989,-0.11866833595332484,0.1381178007361295,6.238869295124743,0.01995734797891925,-0.4868236655745089,0.6941377175403658,0.0,0.08,1.0,0.3,0.05,False,ALIGN_ARM,0.2190127387649594
5.833333333333322,-0.11866833595332484,0.1381178007361295,6.238869295124743,0.022806765482588493,-0.4983183406548065,0.7057742432314221,0.0,0.08,1.0,0.3,0.05,False,ALIGN_ARM,0.21567672927036582
5.866666666666656,-0.11866833595332484,0.1381178007361295,6.238869295124743,0.02586385779083094,-0.5104098613639658,0.7177625735078057,0.0,0.08,1.0,0.3,0.05,False,ALIGN_ARM,0.21209837248214944
5.899999999999989,-0.11866833595332484,0.1381178007361295,6.238869295124743,0.029126930761206545,-0.5230517162886706,0.7300146455808839,0.0,0.08,1.0,0.3,0.05,False,ALIGN_ARM,0.20828301032561908
5.933333333333322,-0.11866833595332484,0.1381178007361295,6.238869295124743,0.032593404900828765,-0.5361950581649776,0.7424421134910636,0.0,0.08,1.0,0.3,0.05,False,ALIGN_ARM,0.20423729992942166
5.966666666666655,-0.11866833595332484,0.1381178007361295,6.238869295124743,0.03625983163090849,-0.5497893191518167,0.7549576594599433,0.0,0.08,1.0,0.3,0.05,False,ALIGN_ARM,0.19996913252773804
5.9999999999999885,-0.11866833595332484,0.1381178007361295,6.238869295124743,0.04012190578881323,-0.5637827346793755,0.767476104403431,0.0,0.08,1.0,0.3,0.05,False,ALIGN_ARM,0.19548755299816045
6.033333333333322,-0.11866833595332484,0.1381178007361295,6.238869295124743,0.04417447476829031,-0.5781227845456757,0.7799153307972944,0.0,0.08,1.0,0.3,0.05,False,ALIGN_ARM,0.19080268036399248
6.066666666666655,-0.11866833595332484,0.1381178007361295,6.238869295124743,0.04841154491970795,-0.5927565628780742,0.7921970373419039,0.0,0.08,1.0,0.3,0.05,False,ALIGN_ARM,0.18592562941636415
6.099999999999988,-0.11866833595332484,0.1381178007361295,6.238869295124743,0.0528262859350981,-0.6076310901922924,0.804247348511444,0.0,0.08,1.0,0.3,0.05,False,ALIGN_ARM,0.1808684334621516
6.133333333333321,-0.11866833595332484,0.1381178007361295,6.238869295124743,0.05741103404718445,-0.6226935805375479,0.8159973015952713,0.0,0.08,1.0,0.3,0.05,False,ALIGN_ARM,0.1756439681150589
6.1666666666666545,-0.11866833595332484,0.1381178007361295,6.238869295124743,0.06215729494356607,-0.6378916758926259,0.8273832325318407,0.0,0.08,1.0,0.3,0.05,False,ALIGN_ARM,0.17026587597686524
6.199999999999988,-0.11866833595332484,0.1381178007361295,6.238869295124743,0.06705574732205907,-0.6531736584043296,0.8383470787946599,0.0,0.08,1.0,0.3,0.05,False,ALIGN_ARM,0.16474849204777992
6.233333333333321,-0.11866833595332484,0.1381178007361295,6.238869295124743,0.07209624804075213,-0.6684886489883436,0.8488366139206074,0.0,0.08,1.0,0.3,0.05,False,ALIGN_ARM,0.15910676967790352
6.266666666666654,-0.11866833595332484,0.1381178007361295,6.238869295124743,0.0772678397979429,-0.683786799096726,0.8588056254727069,0.0,0.08,1.0,0.3,0.05,False,ALIGN_ARM,0.15335620691311544
6.299999999999987,-0.11866833595332484,0.1381178007361295,6.238869295124743,0.08255876231331605,-0.6990194802873466,0.8682140444574316,0.0,0.08,1.0,0.3,0.05,False,ALIGN_ARM,0.14751277310596206
6.333333333333321,-0.11866833595332484,0.1381178007361295,6.238869295124743,0.08795646789397527,-0.7141394745401205,0.877028031906572,0.0,0.08,1.0,0.3,0.05,False,ALIGN_ARM,0.14159283566305184
6.366666666666654,-0.11866833595332484,0.1381178007361295,6.238869295124743,0.09344764229945694,-0.7291011665270312,0.8852200259931032,0.0,0.08,1.0,0.3,0.05,False,ALIGN_ARM,0.13561308685660842
6.399999999999987,-0.11866833595332484,0.1381178007361295,6.238869295124743,0.0990182317383285,-0.7438607377703035,0.8927687513374488,0.0,0.08,1.0,0.3,0.05,False,ALIGN_ARM,0.12959047066621276
6.43333333333332,-0.11866833595332484,0.1381178007361295,6.238869295124743,0.10465347681062198,-0.758376361172733,0.8996591906910592,0.0,0.08,1.0,0.3,0.05,False,ALIGN_ARM,0.12354210957594114
6.4666666666666535,-0.11866833595332484,0.1381178007361295,6.238869295124743,0.11033795409515045,-0.7726083935510963,0.9058825185333951,0.0,0.08,1.0,0.3,0.05,False,ALIGN_ARM,0.11748523133271103
6.499999999999987,-0.11866833595332484,0.1381178007361295,6.238869295124743,0.11605562605323645,-0.7865195629286823,0.9114359953762595,0.0,0.08,1.0,0.3,0.05,False,ALIGN_ARM,0.1114370956724346
6.53333333333332,-0.11866833595332484,0.1381178007361295,6.238869295124743,0.12178989978641463,-0.8000751469523317,0.9163228215615122,0.0,0.08,1.0,0.3,0.05,False,ALIGN_ARM,0.10541492102895403
6.566666666666653,-0.11866833595332484,0.1381178007361295,6.238869295124743,0.12752369509274064,-0.8132431382177389,0.9205519489350994,0.0,0.08,1.0,0.3,0.05,False,ALIGN_ARM,0.0994358112317935
6.599999999999986,-0.11866833595332484,0.1381178007361295,6.238869295124743,0.13323952212350784,-0.8259943923873341,0.9241378495234437,0.0,0.08,1.0,0.3,0.05,False,ALIGN_ARM,0.09351668224106832
6.6333333333333195,-0.11866833595332484,0.1381178007361295,6.238869295124743,0.1389195688275266,-0.8383027550695483,0.9271002401023398,0.0,0.08,1.0,0.3,0.05,False,ALIGN_ARM,0.08767418899653702
6.666666666666653,-0.11866833595332484,0.1381178007361295,6.238869295124743,0.14454579817816468,-0.8501451636564618,0.9294637625538561,0.0,0.08,1.0,0.3,0.05,False,ALIGN_ARM,0.08192465235920582
6.699999999999986,-0.11866833595332484,0.1381178007361295,6.238869295124743,0.15010005505564353,-0.8615017209085329,0.9312576199411697,0.0,0.08,1.0,0.3,0.05,False,ALIGN_ARM,0.07628398628503485
6.733333333333319,-0.11866833595332484,0.1381178007361295,6.238869295124743,0.15556418244602951,-0.8723557376638496,0.9325151692388322,0.0,0.08,1.0,0.3,0.05,False,ALIGN_ARM,0.07076762522852612
6.766666666666652,-0.11866833595332484,0.1381178007361295,6.238869295124743,0.1609201464698985,-0.8826937429378076,0.9332734721154364,0.0,0.08,1.0,0.3,0.05,False,ALIGN_ARM,0.06539045190290965
6.799999999999986,-0.11866833595332484,0.1381178007361295,6.238869295124743,0.1661501695739293,-0.8925054604629349,0.9335728058755384,0.0,0.08,1.0,0.3,0.05,False,ALIGN_ARM,0.060166725453924486
6.833333333333319,-0.11866833595332484,0.1381178007361295,6.238869295124743,0.17123687101472748,-0.90178375185913,0.9334561376210421,0.0,0.08,1.0,0.3,0.05,False,ALIGN_ARM,0.0551100101826682
6.866666666666652,-0.11866833595332484,0.1381178007361295,6.238869295124743,0.1761634136564694,-0.9105245274409852,0.9329685650958991,0.0,0.08,1.0,0.3,0.05,False,ALIGN_ARM,0.05023310496797547
6.899999999999985,-0.11866833595332484,0.1381178007361295,6.238869295124743,0.18091365590190145,-0.9187266269843036,0.9321567290643485,0.0,0.08,1.0,0.3,0.05,False,ALIGN_ARM,0.04554797360394925
6.9333333333333185,-0.11866833595332484,0.1381178007361295,6.238869295124743,0.18547230746239132,-0.9263916735513199,0.9310682024583538,0.0,0.08,1.0,0.3,0.05,False,ALIGN_ARM,0.04106567636717302
6.966666666666652,-0.11866833595332484,0.1381178007361295,6.238869295124743,0.1898250875754086,-0.9335239046794549,0.9297508628596112,0.0,0.08,1.0,0.3,0.05,False,ALIGN_ARM,0.03679630328885721
6.999999999999985,-0.11866833595332484,0.1381178007361295,6.238869295124743,0.19395888417497614,-0.9401299860310536,0.9282522556373957,0.0,0.08,1.0,0.3,0.05,False,ALIGN_ARM,0.032748909844808834
7.033333333333318,-0.11866833595332484,0.1381178007361295,6.238869295124743,0.19786191246187357,-0.9462188135494455,0.9266189561596607,0.0,0.08,1.0,0.3,0.05,False,ALIGN_ARM,0.028931456201693694
7.066666666666651,-0.11866833595332484,0.1381178007361295,6.238869295124743,0.20152387131803987,-0.9518013107690938,0.9248959403012836,0.0,0.08,1.0,0.3,0.05,False,ALIGN_ARM,0.025350751806881008
7.0999999999999845,-0.11866833595332484,0.1381178007361295,6.238869295124743,0.20493609601757543,-0.9568902286390687,0.9231259735408037,0.0,0.08,1.0,0.3,0.05,False,ALIGN_ARM,0.022012408258728695
7.133333333333318,-0.11866833595332484,0.1381178007361295,6.238869295124743,0.20809170571794033,-0.9614999554135406,0.921349029295001,0.0,0.08,1.0,0.3,0.05,False,ALIGN_ARM,0.018920805326551403
7.166666666666651,-0.11866833595332484,0.1381178007361295,6.238869295124743,0.21098574433938477,-0.9656463444922009,0.9196017479029199,0.0,0.08,1.0,0.3,0.05,False,ALIGN_ARM,0.016079078451855175
7.199999999999984,-0.11866833595332484,0.1381178007361295,6.238869295124743,0.2136153135454025,-0.9693465678750087,0.9179169475228823,0.0,0.08,1.0,0.3,0.05,False,ALIGN_ARM,0.013489142320016153
7.233333333333317,-0.11866833595332484,0.1381178007361295,6.238869295124743,0.21597969671464898,-0.9726190025711808,0.9163231979901604,0.0,0.08,1.0,0.3,0.05,False,ALIGN_ARM,0.011151776785166174
7.266666666666651,-0.11866833595332484,0.1381178007361295,6.238869295124743,0.21808047300986497,-0.975483156633579,0.9148444679375332,0.0,0.08,1.0,0.3,0.05,False,ALIGN_ARM,0.009066823668975306
7.299999999999984,-0.11866833595332484,0.1381178007361295,6.238869295124743,0.21992162088712164,-0.9779596404574222,0.9134998539955443,0.0,0.08,1.0,0.3,0.05,False,ALIGN_ARM,0.007233585380642582
7.333333333333317,-0.11866833595332484,0.1381178007361295,6.238869295124743,0.2215096106720566,-0.9800701877016076,0.9123033990678374,0.0,0.08,1.0,0.3,0.05,False,ALIGN_ARM,0.005651593364804184
7.36666666666665,-0.11866833595332484,0.1381178007361295,6.238869295124743,0.2228534861461609,-0.981837728546545,0.9112640040723593,0.0,0.08,1.0,0.3,0.05,False,ALIGN_ARM,0.004322024816064747
7.3999999999999835,-0.11866833595332484,0.1381178007361295,6.238869295124743,0.2228534861461609,-0.981837728546545,0.9112640040723593,0.0,0.08,1.0,0.3,0.05,False,ALIGN_ARM,0.003250019075109572
7.433333333333317,-0.11866833595332484,0.1381178007361295,6.238869295124743,0.22483983454573583,-0.9844454068111704,0.9097082899208347,0.0,0.08,1.0,0.3,0.05,False,ALIGN_ARM,0.003250019075109572
7.46666666666665,-0.11866833595332484,0.1381178007361295,6.238869295124743,0.22483983454573583,-0.9844454068111704,0.9097082899208347,0.0,0.08,1.0,0.3,0.05,False,ALIGN_ARM,0.00192739213012674
7.499999999999983,-0.11866833595332484,0.1381178007361295,6.238869295124743,0.2260519657173072,-0.9859910709686879,0.9087096240458938,0.0,0.08,1.0,0.3,0.05,False,ALIGN_ARM,0.00192739213012674
7.533333333333316,-0.11866833595332484,0.1381178007361295,6.238869295124743,0.2260519657173072,-0.9859910709686879,0.9087096240458938,0.0,0.08,1.0,0.3,0.05,False,ALIGN_ARM,0.0016075687004304838
7.5666666666666496,-0.11866833595332484,0.1381178007361295,6.238869295124743,0.2260519657173072,-0.9859910709686879,0.9087096240458938,0.0,0.08,1.0,0.3,0.05,False,ALIGN_ARM,0.0016075687004304838
7.599999999999983,-0.11866833595332484,0.1381178007361295,6.238869295124743,0.2260519657173072,-0.9859910709686879,0.9087096240458938,0.0,0.08,1.0,0.3,0.05,False,ALIGN_ARM,0.0016075687004304838
7.633333333333316,-0.11866833595332484,0.1381178007361295,6.238869295124743,0.2260519657173072,-0.9859910709686879,0.9087096240458938,0.0,0.08,1.0,0.3,0.05,False,ALIGN_ARM,0.0016075687004304838
7.666666666666649,-0.11866833595332484,0.1381178007361295,6.238869295124743,0.2260519657173072,-0.9859910709686879,0.9087096240458938,0.0,0.08,1.0,0.3,0.05,False,ALIGN_ARM,0.0016075687004304838
7.699999999999982,-0.11866833595332484,0.1381178007361295,6.238869295124743,0.2260519657173072,-0.9859910709686879,0.9087096240458938,0.0,0.08,1.0,0.3,0.05,False,ALIGN_ARM,0.0016075687004304838
7.733333333333316,-0.11866833595332484,0.1381178007361295,6.238869295124743,0.2260519657173072,-0.9859910709686879,0.9087096240458938,0.0,0.08,1.0,0.3,0.05,False,ALIGN_ARM,0.1305617077850993
7.766666666666649,-0.11866833595332484,0.1381178007361295,6.238869295124743,0.2260519657173072,-0.9859910709686879,0.9087096240458938,0.0,0.08,1.0,0.3,0.05,False,ALIGN_ARM,0.1305617077850993
7.799999999999982,-0.11866833595332484,0.1381178007361295,6.238869295124743,0.2260519657173072,-0.9859910709686879,0.9087096240458938,0.0,0.08,1.0,0.3,0.05,False,ALIGN_ARM,0.1305617077850993
7.833333333333315,-0.11866833595332484,0.1381178007361295,6.238869295124743,0.2260519657173072,-0.9859910709686879,0.9087096240458938,0.0,0.08,1.0,0.3,0.05,False,ALIGN_ARM,0.1305617077850993
7.8666666666666485,-0.11866833595332484,0.1381178007361295,6.238869295124743,0.2260519657173072,-0.9859910709686879,0.9087096240458938,0.0,0.08,1.0,0.3,0.05,False,ALIGN_ARM,0.1305617077850993
7.899999999999982,-0.11866833595332484,0.1381178007361295,6.238869295124743,0.2260519657173072,-0.9859910709686879,0.9087096240458938,0.0,0.08,1.0,0.3,0.05,False,ALIGN_ARM,0.1305617077850993
7.933333333333315,-0.11866833595332484,0.1381178007361295,6.238869295124743,0.2260519657173072,-0.9859910709686879,0.9087096240458938,0.0,0.08,1.0,0.3,0.05,False,ALIGN_ARM,0.1305617077850993
7.966666666666648,-0.11866833595332484,0.1381178007361295,6.238869295124743,0.2260519657173072,-0.9859910709686879,0.9087096240458938,0.0,0.08,1.0,0.3,0.05,False,ALIGN_ARM,0.1305617077850993
7.999999999999981,-0.11866833595332484,0.1381178007361295,6.238869295124743,0.22608074716952495,-0.9859952060049801,0.9035683655152911,0.0,0.08,1.0,0.3,0.05,False,ALIGN_ARM,0.1305617077850993
8.033333333333315,-0.11866833595332484,0.1381178007361295,6.238869295124743,0.22608074716952495,-0.9859952060049801,0.9035683655152911,0.0,0.08,1.0,0.3,0.05,False,ALIGN_ARM,0.12927851429509019
8.066666666666649,-0.11866833595332484,0.1381178007361295,6.238869295124743,0.2260572986911463,-0.9856179450846854,0.8982664344929463,0.0,0.08,1.0,0.3,0.05,False,ALIGN_ARM,0.12927851429509019
8.099999999999982,-0.11866833595332484,0.1381178007361295,6.238869295124743,0.2260572986911463,-0.9856179450846854,0.8982664344929463,0.0,0.08,1.0,0.3,0.05,False,ALIGN_ARM,0.12811419516731654
8.133333333333315,-0.11866833595332484,0.1381178007361295,6.238869295124743,0.2260404928832811,-0.9851793363163326,0.8910511682823258,0.0,0.08,1.0,0.3,0.05,False,ALIGN_ARM,0.12811419516731654
8.166666666666648,-0.11866833595332484,0.1381178007361295,6.238869295124743,0.22599150493577969,-0.9845880135481768,0.8859223374604622,0.0,0.08,1.0,0.3,0.05,False,ALIGN_ARM,0.12649954936500868
8.199999999999982,-0.11866833595332484,0.1381178007361295,6.238869295124743,0.2259647295883946,-0.9841191885066499,0.8805780500710936,0.0,0.08,1.0,0.3,0.05,False,ALIGN_ARM,0.12546851863329225
8.233333333333315,-0.11866833595332484,0.1381178007361295,6.238869295124743,0.2259408562597389,-0.9836067837254977,0.8746447307976726,0.0,0.08,1.0,0.3,0.05,False,ALIGN_ARM,0.12433363078360624
8.266666666666648,-0.11866833595332484,0.1381178007361295,6.238869295124743,0.22591526926414665,-0.9830084300851575,0.8680319912925695,0.0,0.08,1.0,0.3,0.05,False,ALIGN_ARM,0.12307107849404417
8.299999999999981,-0.11866833595332484,0.1381178007361295,6.238869295124743,0.22588707922964546,-0.982305961423232,0.8607041680962431,0.0,0.08,1.0,0.3,0.05,False,ALIGN_ARM,0.12167628493265814
8.333333333333314,-0.11866833595332484,0.1381178007361295,6.238869295124743,0.22585614889984515,-0.9814850142224014,0.8526371376673566,0.0,0.08,1.0,0.3,0.05,False,ALIGN_ARM,0.1201483276354157
8.366666666666648,-0.11866833595332484,0.1381178007361295,6.238869295124743,0.22582250844463328,-0.9805310870383316,0.8438098317580512,0.0,0.08,1.0,0.3,0.05,False,ALIGN_ARM,0.11848766867221501
8.39999999999998,-0.11866833595332484,0.1381178007361295,6.238869295124743,0.2257862422745016,-0.9794287795779334,0.834202418716358,0.0,0.08,1.0,0.3,0.05,False,ALIGN_ARM,0.11669569323616015
8.433333333333314,-0.11866833595332484,0.1381178007361295,6.238869295124743,0.2257474668502366,-0.9781616536884038,0.8237957811932644,0.0,0.08,1.0,0.3,0.05,False,ALIGN_ARM,0.11477458898521682
8.466666666666647,-0.11866833595332484,0.1381178007361295,6.238869295124743,0.2257063263569962,-0.9767122193738978,0.8125712485120627,0.0,0.08,1.0,0.3,0.05,False,ALIGN_ARM,0.11272729140689326
8.49999999999998,-0.11866833595332484,0.1381178007361295,6.238869295124743,0.2256629921419446,-0.9750619462172603,0.800510375898137,0.0,0.08,1.0,0.3,0.05,False,ALIGN_ARM,0.11055744234096962
8.533333333333314,-0.11866833595332484,0.1381178007361295,6.238869295124743,0.22561766324478025,-0.973191277609969,0.7875947244299183,0.0,0.08,1.0,0.3,0.05,False,ALIGN_ARM,0.10826935143993777
8.566666666666647,-0.11866833595332484,0.1381178007361295,6.238869295124743,0.22557056755990157,-0.9710796400454683,0.7738056268999255,0.0,0.08,1.0,0.3,0.05,False,ALIGN_ARM,0.10586795862965562
8.59999999999998,-0.11866833595332484,0.1381178007361295,6.238869295124743,0.2255219636586256,-0.9687054423609727,0.7591239301322023,0.0,0.08,1.0,0.3,0.05,False,ALIGN_ARM,0.10335879732068681
8.633333333333313,-0.11866833595332484,0.1381178007361295,6.238869295124743,0.22547214342468225,-0.9660460599104039,0.7435297046070124,0.0,0.08,1.0,0.3,0.05,False,ALIGN_ARM,0.10074795845198975
8.666666666666647,-0.11866833595332484,0.1381178007361295,6.238869295124743,0.225421435739125,-0.9630777982113504,0.7270019111077876,0.0,0.08,1.0,0.3,0.05,False,ALIGN_ARM,0.09804205560924975
8.69999999999998,-0.11866833595332484,0.1381178007361295,6.238869295124743,0.22537021152280068,-0.9597758300028427,0.709518012777692,0.0,0.08,1.0,0.3,0.05,False,ALIGN_ARM,0.09524819153067457
8.733333333333313,-0.11866833595332484,0.1381178007361295,6.238869295124743,0.22531889060098265,-0.9561140988780571,0.6910535191210873,0.0,0.08,1.0,0.3,0.05,False,ALIGN_ARM,0.09237392646029151
8.766666666666646,-0.11866833595332484,0.1381178007361295,6.238869295124743,0.22526795098561525,-0.9520651818626561,0.6715814465820042,0.0,0.08,1.0,0.3,0.05,False,ALIGN_ARM,0.08942724896737035
8.79999999999998,-0.11866833595332484,0.1381178007361295,6.238869295124743,0.22521794146309065,-0.9476001026577137,0.651071678692151,0.0,0.08,1.0,0.3,0.05,False,ALIGN_ARM,0.08641655009501599
8.833333333333313,-0.11866833595332484,0.1381178007361295,6.238869295124743,0.22516949869203573,-0.9426880867961236,0.6294902075012192,0.0,0.08,1.0,0.3,0.05,False,ALIGN_ARM,0.08335060206366474
8.866666666666646,-0.11866833595332484,0.1381178007361295,6.238869295124743,0.2251233705829592,-0.937296250475075,0.606798238841495,0.0,0.08,1.0,0.3,0.05,False,ALIGN_ARM,0.08023854326829642
8.899999999999979,-0.11866833595332484,0.1381178007361295,6.238869295124743,0.22508044850292092,-0.931389217303283,0.5829511488502029,0.0,0.08,1.0,0.3,0.05,False,ALIGN_ARM,0.07708987208985536
8.933333333333312,-0.11866833595332484,0.1381178007361295,6.238869295124743,0.22504181195178063,-0.924928663534234,0.5578972928856172,0.0,0.08,1.0,0.3,0.05,False,ALIGN_ARM,0.07391445315567281
8.966666666666645,-0.11866833595332484,0.1381178007361295,6.238869295124743,0.2246843485922434,-0.9135514549415976,0.5222255052514196,0.0,0.08,1.0,0.3,0.05,False,ALIGN_ARM,0.07072254146645904
8.999999999999979,-0.11866833595332484,0.1381178007361295,6.238869295124743,0.22485330303540105,-0.9084435582950359,0.5001916564520114,0.0,0.08,1.0,0.3,0.05,False,ALIGN_ARM,0.06714750523680499
9.033333333333312,-0.11866833595332484,0.1381178007361295,6.238869295124743,0.22458432921522636,-0.8960615957744301,0.462435825941085,0.0,0.08,1.0,0.3,0.05,False,ALIGN_ARM,0.0641914013159165
9.066666666666645,-0.11866833595332484,0.1381178007361295,6.238869295124743,0.22450569096010328,-0.8853532565291351,0.4284282696620753,0.0,0.08,1.0,0.3,0.05,False,ALIGN_ARM,0.060701981125276167
9.099999999999978,-0.11866833595332484,0.1381178007361295,6.238869295124743,0.2244747748961359,-0.8740660378493165,0.393291384296817,0.0,0.08,1.0,0.3,0.05,False,ALIGN_ARM,0.05746536576871855
9.133333333333312,-0.11866833595332484,0.1381178007361295,6.238869295124743,0.22446997908010372,-0.8617047570460896,0.35597520177970093,0.0,0.08,1.0,0.3,0.05,False,ALIGN_ARM,0.054305124437035994
9.166666666666645,-0.11866833595332484,0.1381178007361295,6.238869295124743,0.22449532820408077,-0.8480584063827051,0.3160414427046921,0.0,0.08,1.0,0.3,0.05,False,ALIGN_ARM,0.051208420635534484
9.199999999999978,-0.11866833595332484,0.1381178007361295,6.238869295124743,0.22436598431264324,-0.8281058684044792,0.262554083839598,0.0,0.08,1.0,0.3,0.05,False,ALIGN_ARM,0.04819059226459577
9.233333333333311,-0.11866833595332484,0.1381178007361295,6.238869295124743,0.22431793499135577,-0.8047710645319864,0.20186448235929189,0.0,0.08,1.0,0.3,0.05,False,ALIGN_ARM,0.04504113105723456
9.266666666666644,-0.11866833595332484,0.1381178007361295,6.238869295124743,0.2242388219210895,-0.7673168519706007,0.13519781569262523,0.0,0.08,1.0,0.3,0.05,False,ALIGN_ARM,0.04204659290731921
9.299999999999978,-0.11866833595332484,0.1381178007361295,6.238869295124743,0.22470050894530047,-0.7211477924506939,0.06853114902595857,0.0,0.08,1.0,0.3,0.05,False,ALIGN_ARM,0.04414470765690302
9.33333333333331,-0.11866833595332484,0.1381178007361295,6.238869295124743,0.22556397557229438,-0.7251081385728386,0.0018644823592919024,0.0,0.08,1.0,0.3,0.05,False,ALIGN_ARM,0.05102112267541789
9.366666666666644,-0.11866833595332484,0.1381178007361295,6.238869295124743,0.22640416084141224,-0.7289190832963583,-5.627359689341915e-12,0.0,0.08,1.0,0.3,0.05,False,ALIGN_ARM,0.03567434553292901
9.399999999999977,-0.11866833595332484,0.1381178007361295,6.238869295124743,0.22721848368128547,-0.7325734089026917,-7.306907856552414e-11,0.0,0.08,1.0,0.3,0.05,False,ALIGN_ARM,0.03392559965378601
9.43333333333331,-0.11866833595332484,0.1381178007361295,6.238869295124743,0.22800448642488025,-0.7360646807539368,1.5071097148044998e-10,0.0,0.08,1.0,0.3,0.05,False,ALIGN_ARM,0.03263161489111937
9.466666666666644,-0.11866833595332484,0.1381178007361295,6.238869295124743,0.22875985409097443,-0.739387223780569,-7.589531780816117e-11,0.0,0.08,1.0,0.3,0.05,False,ALIGN_ARM,0.03146691888036505
9.499999999999977,-0.11866833595332484,0.1381178007361295,6.238869295124743,0.2294824335985599,-0.7425361397216117,-1.5525386531933805e-11,0.0,0.08,1.0,0.3,0.05,False,ALIGN_ARM,0.030430837754937084
9.53333333333331,-0.11866833595332484,0.1381178007361295,6.238869295124743,0.23017025284831538,-0.7455073225253404,-3.017087968348875e-10,0.0,0.08,1.0,0.3,0.05,False,ALIGN_ARM,0.029520803677794166
9.566666666666643,-0.11866833595332484,0.1381178007361295,6.238869295124743,0.23082153950608886,-0.7482974775168341,-1.0400738603699722e-10,0.0,0.08,1.0,0.3,0.05,False,ALIGN_ARM,0.028732347581738954
9.599999999999977,-0.11866833595332484,0.1381178007361295,6.238869295124743,0.23143473950816645,-0.7509041396754641,1.3900075535033807e-11,0.0,0.08,1.0,0.3,0.05,False,ALIGN_ARM,0.0280591955525454
9.63333333333331,-0.11866833595332484,0.1381178007361295,6.238869295124743,0.23200853515976458,-0.7533256962036898,1.5181753076909388e-10,0.0,0.08,1.0,0.3,0.05,False,ALIGN_ARM,0.027493471893978542
9.666666666666643,-0.11866833595332484,0.1381178007361295,6.238869295124743,0.2325418626955749,-0.7555614103544694,-1.0725115240362015e-11,0.0,0.08,1.0,0.3,0.05,False,ALIGN_ARM,0.027025997374275662
9.699999999999976,-0.11866833595332484,0.1381178007361295,6.238869295124743,0.23303392942586362,-0.7576114493751198,1.9720422517188751e-10,0.0,0.08,1.0,0.3,0.05,False,ALIGN_ARM,0.02664665782569628
9.73333333333331,-0.11866833595332484,0.1381178007361295,6.238869295124743,0.23348423011369498,-0.7594769139671087,3.80721842940801e-11,0.0,0.08,1.0,0.3,0.05,False,ALIGN_ARM,0.026344809582235562
9.766666666666643,-0.11866833595332484,0.1381178007361295,6.238869295124743,0.23389256287538687,-0.7611598738696281,-7.54112605694246e-11,0.0,0.08,1.0,0.3,0.05,False,ALIGN_ARM,0.026109685747266846
9.799999999999976,-0.11866833595332484,0.1381178007361295,6.238869295124743,0.2342590442419704,-0.7626634055100319,1.5100629080500028e-10,0.0,0.08,1.0,0.3,0.05,False,ALIGN_ARM,0.025930770914165086
9.833333333333309,-0.11866833595332484,0.1381178007361295,6.238869295124743,0.23458412357065392,-0.7639916339810846,-1.2781359304270268e-11,0.0,0.08,1.0,0.3,0.05,False,ALIGN_ARM,0.025798120122146224
9.866666666666642,-0.11866833595332484,0.1381178007361295,6.238869295124743,0.23486859669347007,-0.7651497809998113,3.347446486667849e-10,0.0,0.08,1.0,0.3,0.05,False,ALIGN_ARM,0.02570260766152473
9.899999999999975,-0.11866833595332484,0.1381178007361295,6.238869295124743,0.23511361878743467,-0.7661442141989803,6.911091143813053e-11,0.0,0.08,1.0,0.3,0.05,False,ALIGN_ARM,0.02563610079537975
9.933333333333309,-0.11866833595332484,0.1381178007361295,6.238869295124743,0.23532071652949485,-0.7669825041764964,-2.1496252000652305e-10,0.0,0.08,1.0,0.3,0.05,False,ALIGN_ARM,0.025591560895826104
9.966666666666642,-0.11866833595332484,0.1381178007361295,6.238869295124743,0.23549179950255086,-0.7676734830423813,-6.012615405559529e-11,0.0,0.08,1.0,0.3,0.05,False,ALIGN_ARM,0.02556307929265292
9.999999999999975,-0.11866833595332484,0.1381178007361295,6.238869295124743,0.23562917095804228,-0.7682273073056425,5.2410492612509074e-11,0.0,0.08,1.0,0.3,0.05,False,ALIGN_ARM,0.02554585760612872
10.033333333333308,-0.11866833595332484,0.1381178007361295,6.238869295124743,0.2357355379060385,-0.7686555251162128,-6.996628276745298e-11,0.0,0.08,1.0,0.3,0.05,False,ALIGN_ARM,0.025536142987078563
10.066666666666642,-0.11866833595332484,0.1381178007361295,6.238869295124743,0.2358140208590014,-0.7689711460837654,1.47716477938431e-10,0.0,0.08,1.0,0.3,0.05,False,ALIGN_ARM,0.025531128335496853
10.099999999999975,-0.11866833595332484,0.1381178007361295,6.238869295124743,0.2358681630376648,-0.7691887117697236,-3.070939336158318e-10,0.0,0.08,1.0,0.3,0.05,False,ALIGN_ARM,0.025528826841057835
10.133333333333308,-0.11866833595332484,0.1381178007361295,6.238869295124743,0.2359019394973618,-0.7693243703884505,2.7588570317149674e-11,0.0,0.08,1.0,0.3,0.05,False,ALIGN_ARM,0.02552792959446382
10.166666666666641,-0.11866833595332484,0.1381178007361295,6.238869295124743,0.23591976615675067,-0.7693959470962206,-3.5915362350813496e-10,0.0,0.08,1.0,0.3,0.05,False,ALIGN_ARM,0.0255276548599209
10.199999999999974,-0.11866833595332484,0.1381178007361295,6.238869295124743,0.23592650926467826,-0.7694230181513946,2.7351718112633705e-10,0.0,0.08,1.0,0.3,0.05,False,ALIGN_ARM,0.025527598041483326
10.233333333333308,-0.11866833595332484,0.1381178007361295,6.238869295124743,0.23592749520166198,-0.7694269759085988,-2.2195159599114334e-10,0.0,0.08,1.0,0.3,0.05,False,ALIGN_ARM,0.02552759242009523
10.26666666666664,-0.11866833595332484,0.1381178007361295,6.238869295124743,0.23592749520166198,-0.7694269759085988,-2.2195159599114334e-10,0.0,0.08,1.0,0.3,0.05,True,GRASP,0.02552759242009523
10.299999999999974,-0.11866833595332484,0.1381178007361295,6.238869295124743,0.23592749520166198,-0.7694269759085988,-2.2195159599114334e-10,0.0,0.0,0.2920244686451016,0.09555158284389717,0.08735194062241773,True,GRASP,0.02552759242009523
10.333333333333307,-0.11866833595332484,0.1381178007361295,6.238869295124743,0.23592749520166198,-0.7694269759085988,-2.2195159599114334e-10,0.0,0.0,0.2920244686451016,0.09555158284389717,0.08735194062241773,True,GRASP,0.02552759242009523
10.36666666666664,-0.11866833595332484,0.1381178007361295,6.238869295124743,0.23592749520166198,-0.7694269759085988,-2.2195159599114334e-10,0.0,0.0,0.2920244686451016,0.09555158284389717,0.08735194062241773,True,TRANSPORT,0.02552759242009523
10.399999999999974,-0.11866833595332484,0.1381178007361295,6.238869295124743,0.23592749520166198,-0.7694269759085988,-2.2195159599114334e-10,0.0,0.0,0.2920244686451016,0.09555158284389717,0.08735194062241773,True,TRANSPORT,0.11419349109398579
10.433333333333307,-0.11866833595332484,0.1381178007361295,6.238869295124743,0.23592749520166198,-0.7694269759085988,-2.2195159599114334e-10,0.0,0.0,0.2920244686451016,0.09555158284389717,0.08735194062241773,True,TRANSPORT,0.11419349109398579
10.46666666666664,-0.11866833595332484,0.1381178007361295,6.238869295124743,0.23592749520166198,-0.7694269759085988,-2.2195159599114334e-10,0.0,0.0,0.2920244686451016,0.09555158284389717,0.08735194062241773,True,TRANSPORT,0.11419349109398579
10.499999999999973,-0.11866833595332484,0.1381178007361295,6.238869295124743,0.23592749520166198,-0.7694269759085988,-2.2195159599114334e-10,0.0,0.0,0.2920244686451016,0.09555158284389717,0.08735194062241773,True,TRANSPORT,0.11419349109398579
10.533333333333307,-0.11866833595332484,0.1381178007361295,6.238869295124743,0.23592749520166198,-0.7694269759085988,-2.2195159599114334e-10,0.0,0.0,0.2920244686451016,0.09555158284389717,0.08735194062241773,True,TRANSPORT,0.11419349109398579
10.56666666666664,-0.11866833595332484,0.1381178007361295,6.238869295124743,0.23592749520166198,-0.7694269759085988,-2.2195159599114334e-10,0.0,0.0,0.2920244686451016,0.09555158284389717,0.08735194062241773,True,TRANSPORT,0.11419349109398579
10.599999999999973,-0.11866833595332484,0.1381178007361295,6.238869295124743,0.23592749520166198,-0.7694269759085988,-2.2195159599114334e-10,0.0,0.0,0.2920244686451016,0.09555158284389717,0.08735194062241773,True,TRANSPORT,0.11419349109398579
10.633333333333306,-0.11866833595332484,0.1381178007361295,6.238869295124743,0.23592749520166198,-0.7694269759085988,-2.2195159599114334e-10,0.0,0.0,0.2920244686451016,0.09555158284389717,0.08735194062241773,True,TRANSPORT,0.11419349109398579
10.66666666666664,-0.11866833595332484,0.1381178007361295,6.238869295124743,0.23544828166844647,-0.7679308132134819,0.0006800737199646537,0.0,0.0,0.2926815786875915,0.09548588127853298,0.08806580084947448,True,TRANSPORT,0.11419349109398579
10.699999999999973,-0.11866833595332484,0.1381178007361295,6.238869295124743,0.23544828166844647,-0.7679308132134819,0.0006800737199646537,0.0,0.0,0.2926815786875915,0.09548588127853298,0.08806580084947448,True,TRANSPORT,0.11338227327421702
10.733333333333306,-0.11866833595332484,0.1381178007361295,6.238869295124743,0.235121607739642,-0.7912731847911064,0.05554514701619397,0.0,0.0,0.2931166935514372,0.09543824529413295,0.0888435888536684,True,TRANSPORT,0.11338227327421702
10.766666666666639,-0.11866833595332484,0.1381178007361295,6.238869295124743,0.23504279419842716,-0.8072162169903871,0.0928420476873053,0.0,0.0,0.2932230702892257,0.0954269794245602,0.08950433112345892,True,TRANSPORT,0.11254510911263435
10.799999999999972,-0.11866833595332484,0.1381178007361295,6.238869295124743,0.2349757575310223,-0.8208114384046972,0.125328378295556,0.0,0.0,0.29331341039895176,0.09541735622973493,0.09030115393880213,True,TRANSPORT,0.11187576729950277
10.833333333333306,-0.11866833595332484,0.1381178007361295,6.238869295124743,0.23487725645839658,-0.8317146414845207,0.15227623251788638,0.0,0.0,0.2934465666206121,0.09540327362023847,0.0911847015169779,True,TRANSPORT,0.11107455346036063
10.866666666666639,-0.11866833595332484,0.1381178007361295,6.238869295124743,0.23474733236345374,-0.8411306284359178,0.17634895092469635,0.0,0.0,0.29362241591108384,0.09538469875140078,0.09215898200749766,True,TRANSPORT,0.11018094056809155
10.899999999999972,-0.11866833595332484,0.1381178007361295,6.238869295124743,0.2346542743849066,-0.8516747330444104,0.203284990683386,0.0,0.0,0.2937485539668079,0.09537140162051119,0.09330867559142668,True,TRANSPORT,0.1091909837484896
10.933333333333305,-0.11866833595332484,0.1381178007361295,6.238869295124743,0.23446038848412581,-0.8591241449409588,0.22385081873565066,0.0,0.0,0.2940114324273979,0.09534363337048636,0.09446936566343005,True,TRANSPORT,0.10803563521112146
10.966666666666638,-0.11866833595332484,0.1381178007361295,6.238869295124743,0.2342974585216515,-0.8676063400123454,0.24708366376541085,0.0,0.0,0.2942325372142263,0.09532025585544879,0.09579990497505601,True,TRANSPORT,0.10684784578146288
10.999999999999972,-0.11866833595332484,0.1381178007361295,6.238869295124743,0.23415577014280403,-0.8765590023588177,0.2717510239687396,0.0,0.0,0.2944255589129797,0.09530000885835048,0.09728640269296253,True,TRANSPORT,0.10549890592207681
11.033333333333305,-0.11866833595332484,0.1381178007361295,6.238869295124743,0.23401967623774295,-0.8854680940172791,0.296727331358687,0.0,0.0,0.294611853462128,0.09528068022470616,0.09890803995406534,True,TRANSPORT,0.10400035645944279
11.066666666666638,-0.11866833595332484,0.1381178007361295,6.238869295124743,0.2338744318606336,-0.8939949168500269,0.3212709132522602,0.0,0.0,0.2948113482996868,0.09526012409722612,0.10064515709382964,True,TRANSPORT,0.10236943526250432
11.099999999999971,-0.11866833595332484,0.1381178007361295,6.238869295124743,0.23350106692593442,-0.8980339777780946,0.3363747628888215,0.0,0.0,0.29532569636089834,0.0952073024210247,0.10222119964233407,True,TRANSPORT,0.10062243972071114
11.133333333333304,-0.11866833595332484,0.1381178007361295,6.238869295124743,0.23344182846028946,-0.9080764007994652,0.3650747403122423,0.0,0.0,0.29540328939202265,0.09519811717953451,0.10432644085831021,True,TRANSPORT,0.0989847831999172
11.166666666666638,-0.11866833595332484,0.1381178007361295,6.238869295124743,0.23306520933917252,-0.9122553864521729,0.3812630895610077,0.0,0.0,0.29592333743117205,0.09514460749317108,0.10613689745598513,True,TRANSPORT,0.09689335663624436
11.19999999999997,-0.11866833595332484,0.1381178007361295,6.238869295124743,0.2330188048075833,-0.9218599022079231,0.4097647309728285,0.0,0.0,0.2959866006259834,0.09513783121293401,0.10848071632404385,True,TRANSPORT,0.09502327655139188
11.233333333333304,-0.11866833595332484,0.1381178007361295,6.238869295124743,0.23261648919399297,-0.9256288117649842,0.4257993821928292,0.0,0.0,0.29654296602069075,0.09508033386456172,0.11048132571345916,True,TRANSPORT,0.0926986551999571
11.266666666666637,-0.11866833595332484,0.1381178007361295,6.238869295124743,0.23227798322502874,-0.9304891527151828,0.4446288158204028,0.0,0.0,0.29700498047533325,0.09503043887695063,0.11268399054564074,True,TRANSPORT,0.09063486369228108
11.29999999999997,-0.11866833595332484,0.1381178007361295,6.238869295124743,0.23198138244386168,-0.935789009878537,0.46474718649366625,0.0,0.0,0.29741276163279345,0.09498701970558542,0.1150260691028944,True,TRANSPORT,0.08838669421507675
11.333333333333304,-0.11866833595332484,0.1381178007361295,6.238869295124743,0.23170336159769392,-0.9411310818150901,0.48527205909590554,0.0,0.0,0.29779773264631265,0.0949466139774537,0.11747415079062701,True,TRANSPORT,0.08600936038701913
11.366666666666637,-0.11866833595332484,0.1381178007361295,6.238869295124743,0.23142997455211,-0.9462993836124558,0.5057152538024153,0.0,0.0,0.2981783240129517,0.09490705352306955,0.12000582258807571,True,TRANSPORT,0.08353086797484498
11.39999999999997,-0.11866833595332484,0.1381178007361295,6.238869295124743,0.23115390645871683,-0.9511889735993462,0.5258287917684841,0.0,0.0,0.2985640926159715,0.09486716198337287,0.12260581569736982,True,TRANSPORT,0.08097047957658894
11.433333333333303,-0.11866833595332484,0.1381178007361295,6.238869295124743,0.23087201430441928,-0.9557570083189763,0.5454982173437729,0.0,0.0,0.2989590879971333,0.09482640923383527,0.1252631073516076,True,TRANSPORT,0.07834179463470684
11.466666666666637,-0.11866833595332484,0.1381178007361295,6.238869295124743,0.23058350120136725,-0.9599920482965899,0.5646758252468702,0.0,0.0,0.2993642864677199,0.09478463759470379,0.1279688870677165,True,TRANSPORT,0.07565507237428289
11.49999999999997,-0.11866833595332484,0.1381178007361295,6.238869295124743,0.23028874492319965,-0.9638969253317418,0.5833434855437825,0.0,0.0,0.2997791303010109,0.09474187985224829,0.13071531474052683,True,TRANSPORT,0.07291886272846297
11.533333333333303,-0.11866833595332484,0.1381178007361295,6.238869295124743,0.22998864030144736,-0.9674802398548319,0.6014942703920515,0.0,0.0,0.30020238413504063,0.09469825480504471,0.1334948623357607,True,TRANSPORT,0.07014099562097348
11.566666666666636,-0.11866833595332484,0.1381178007361295,6.238869295124743,0.22968427230886332,-0.9707526346431552,0.619124471578897,0.0,0.0,0.30063255812981426,0.09465391447224725,0.13630001583732357,True,TRANSPORT,0.06732909879382316
11.59999999999997,-0.11866833595332484,0.1381178007361295,6.238869295124743,0.2293767716682553,-0.9737253972962641,0.6362306796153258,0.0,0.0,0.30106809390591954,0.09460902042941345,0.139123169725978,True,TRANSPORT,0.06449082642871028
11.633333333333303,-0.11866833595332484,0.1381178007361295,6.238869295124743,0.22906725891270271,-0.9764100613899469,0.6528090345359342,0.0,0.0,0.30150743622591825,0.09456373449154432,0.14195661208445423,True,TRANSPORT,0.061633934272453186
11.666666666666636,-0.11866833595332484,0.1381178007361295,6.238869295124743,0.22875682629392974,-0.9788183725728581,0.6688552738365083,0.0,0.0,0.30194905607975414,0.09451821562290122,0.14479254719764367,True,TRANSPORT,0.058766283022115354
11.699999999999969,-0.11866833595332484,0.1381178007361295,6.238869295124743,0.22844653367665474,-0.9809623527717842,0.6843650002597332,0.0,0.0,0.3023914560275772,0.0944726191884116,0.14762313137534028,True,TRANSPORT,0.05589581228624614
11.733333333333302,-0.11866833595332484,0.1381178007361295,6.238869295124743,0.22813740850915856,-0.9828543656174626,0.6993339601069255,0.0,0.0,0.3028331705408695,0.09442709690409111,0.15044051216587823,True,TRANSPORT,0.05303050429004814
11.766666666666636,-0.11866833595332484,0.1381178007361295,6.238869295124743,0.22783044630361157,-0.9845071553903428,0.7137582725335432,0.0,0.0,0.30327276593080443,0.09438179688910998,0.15323686757832178,True,TRANSPORT,0.050178345037355354
11.799999999999969,-0.11866833595332484,0.1381178007361295,6.238869295124743,0.22752661056745932,-0.985933856391291,0.7276346032854397,0.0,0.0,0.30370884116865726,0.0943368636280734,0.15600444444116396,True,TRANSPORT,0.047347285544667175
11.833333333333302,-0.11866833595332484,0.1381178007361295,6.238869295124743,0.22722683208686134,-0.9871479767867682,0.7409602913050376,0.0,0.0,0.304140029723132,0.09429243782469841,0.15873559582353175,True,TRANSPORT,0.04454520379850368
11.866666666666635,-0.11866833595332484,0.1381178007361295,6.238869295124743,0.22693200765367572,-0.9881633617091735,0.7537334383564979,0.0,0.0,0.30456500228727273,0.09424865616004124,0.1614228177116065,True,TRANSPORT,0.04177986748616085
11.899999999999968,-0.11866833595332484,0.1381178007361295,6.238869295124743,0.22664299838703927,-0.9889941400152409,0.7659529705792977,0.0,0.0,0.30498247016673496,0.09420565097547276,0.16405878511455607,True,TRANSPORT,0.03905889732723426
11.933333333333302,-0.11866833595332484,0.1381178007361295,6.238869295124743,0.22636062775691365,-0.9896546580669209,0.7776186785835646,0.0,0.0,0.30539118917358266,0.0941635498971606,0.16663638773671455,True,TRANSPORT,0.03638973086803668
11.966666666666635,-0.11866833595332484,0.1381178007361295,6.238869295124743,0.22608567940725305,-0.990159403272272,0.7887312412945251,0.0,0.0,0.3057899639084058,0.09412247542296028,0.16914876533517142,True,TRANSPORT,0.033779586627311606
11.999999999999968,-0.11866833595332484,0.1381178007361295,6.238869295124743,0.2258188948220218,-0.9905229196893602,0.799292237598125,0.0,0.0,0.30617765233226224,0.09408254447431033,0.171589342826319,True,TRANSPORT,0.03123542849338734
12.033333333333301,-0.11866833595332484,0.1381178007361295,6.238869295124743,0.22556097088208918,-0.9907597176327773,0.8093041491178727,0.0,0.0,0.3065531705719926,0.09404386792612317,0.17395186521028735,True,TRANSPORT,0.02876393032485639
12.066666666666634,-0.11866833595332484,0.1381178007361295,6.238869295124743,0.22531255731794878,-0.990884179018384,0.8187703568310262,0.0,0.0,0.3069154979122645,0.09400655011203585,0.1762304323350662,True,TRANSPORT,0.026371440695315503
12.099999999999968,-0.11866833595332484,0.1381178007361295,6.238869295124743,0.2250742541001135,-0.9909104601034491,0.8276951341586983,0.0,0.0,0.3072636819379307,0.09397068832004284,0.17841953354893633,True,TRANSPORT,0.024063947767575145
12.1333333333333,-0.11866833595332484,0.1381178007361295,6.238869295124743,0.22484660873939122,-0.9908523930846659,0.8360836386485695,0.0,0.0,0.30759684381324187,0.09393637226899959,0.18051408224872506,True,TRANSPORT,0.021847044255010634
12.166666666666634,-0.11866833595332484,0.1381178007361295,6.238869295124743,0.22463011352611825,-0.9907233881064827,0.8439419045774477,0.0,0.0,0.3079141836650711,0.0939036835768584,0.182509450345904,True,TRANSPORT,0.019725892464422384
12.199999999999967,-0.11866833595332484,0.1381178007361295,6.238869295124743,0.22442520268571908,-0.9905363370590964,0.8512768384884039,0.0,0.0,0.3082149860666232,0.09387269521542332,0.18440150266257774,True,TRANSPORT,0.017705189403815817
12.2333333333333,-0.11866833595332484,0.1381178007361295,6.238869295124743,0.2242322494580489,-0.9903035205692425,0.8580962197414256,0.0,0.0,0.3084986256097834,0.09384347095750067,0.18618663126797974,True,TRANSPORT,0.01578913194357873
12.266666666666634,-0.11866833595332484,0.1381178007361295,6.238869295124743,0.22405156309395372,-0.9900365195650708,0.8644087081284153,0.0,0.0,0.308764572551556,0.09381606481597002,0.1878617897582936,True,TRANSPORT,0.01398138202244464
12.299999999999967,-0.11866833595332484,0.1381178007361295,6.238869295124743,0.22388338575088457,-0.989746132692414,0.870223860520572,0.0,0.0,0.3090123985364994,0.09379052047234353,0.18942452749353705,True,TRANSPORT,0.012285031897664852
12.3333333333333,-0.11866833595332484,0.1381178007361295,6.238869295124743,0.22372788929093815,-0.9894423008718569,0.8755521585142091,0.0,0.0,0.3092417823823437,0.09376687069855288,0.19087302378750567,True,TRANSPORT,0.010702569425477957
12.366666666666633,-0.11866833595332484,0.1381178007361295,6.238869295124743,0.22358517197297265,-0.9891340401887362,0.8804050489839728,0.0,0.0,0.30945251592498874,0.09374513677219921,0.19220612206029816,True,TRANSPORT,0.00923584337788734
12.399999999999967,-0.11866833595332484,0.1381178007361295,6.238869295124743,0.22345525502283148,-0.988829384221072,0.88479499931584,0.0,0.0,0.30964450991883935,0.09372532788191823,0.19342336395298088,True,TRANSPORT,0.00788602878697895
12.4333333333333,-0.11866833595332484,0.1381178007361295,6.238869295124743,0.22333807908794082,-0.9885353368419918,0.888735569051331,0.0,0.0,0.3098177999823156,0.09370744052731197,0.19452502341087657,True,TRANSPORT,0.006653592317889095
12.466666666666633,-0.11866833595332484,0.1381178007361295,6.238869295124743,0.22323350056521832,-0.9882578363619645,0.8922414993942044,0.0,0.0,0.3099725525863433,0.09369145791154442,0.19551214073322118,True,TRANSPORT,0.005538257665804859
12.499999999999966,-0.11866833595332484,0.1381178007361295,6.238869295124743,0.22323350056521832,-0.9882578363619645,0.8922414993942044,0.0,0.0,0.3099725525863433,0.09369145791154442,0.19551214073322118,True,TRANSPORT,0.004538970979808046
12.5333333333333,-0.11866833595332484,0.1381178007361295,6.238869295124743,0.22303317949926407,-0.9875801978036641,0.8975756615422504,0.0,0.0,0.31026803080298526,0.09366057873181277,0.19712048983025715,True,TRANSPORT,0.004538970979808046
12.566666666666633,-0.11866833595332484,0.1381178007361295,6.238869295124743,0.22303317949926407,-0.9875801978036641,0.8975756615422504,0.0,0.0,0.31026803080298526,0.09366057873181277,0.19712048983025715,True,TRANSPORT,0.0029047590368732087
12.599999999999966,-0.11866833595332484,0.1381178007361295,6.238869295124743,0.2229086170098785,-0.9872134676695329,0.9018537462979853,0.0,0.0,0.31045291960237564,0.09364152530768315,0.1983378371773255,True,TRANSPORT,0.0029047590368732087
12.633333333333299,-0.11866833595332484,0.1381178007361295,6.238869295124743,0.2229086170098785,-0.9872134676695329,0.9018537462979853,0.0,0.0,0.31045291960237564,0.09364152530768315,0.1983378371773255,True,TRANSPORT,0.0016737131780965235
12.666666666666632,-0.11866833595332484,0.1381178007361295,6.238869295124743,0.2229086170098785,-0.9872134676695329,0.9018537462979853,0.0,0.0,0.31045291960237564,0.09364152530768315,0.1983378371773255,True,TRANSPORT,0.0016737131780965235
12.699999999999966,-0.11866833595332484,0.1381178007361295,6.238869295124743,0.22279136752523632,-0.9868340453694298,0.9056733465492111,0.0,0.0,0.31062708407217077,0.0936235709969626,0.19944669405600193,True,TRANSPORT,0.0016737131780965235
12.733333333333299,-0.11866833595332484,0.1381178007361295,6.238869295124743,0.22279136752523632,-0.9868340453694298,0.9056733465492111,0.0,0.0,0.31062708407217077,0.0936235709969626,0.19944669405600193,True,TRANSPORT,0.0005537121123320222
12.766666666666632,-0.11866833595332484,0.1381178007361295,6.238869295124743,0.22279136752523632,-0.9868340453694298,0.9056733465492111,0.0,0.0,0.31062708407217077,0.0936235709969626,0.19944669405600193,True,TRANSPORT,0.0005537121123320222
12.799999999999965,-0.11866833595332484,0.1381178007361295,6.238869295124743,0.22279136752523632,-0.9868340453694298,0.9056733465492111,0.0,0.0,0.31062708407217077,0.0936235709969626,0.19944669405600193,True,TRANSPORT,0.0005537121123320222
12.833333333333298,-0.11866833595332484,0.1381178007361295,6.238869295124743,0.22279136752523632,-0.9868340453694298,0.9056733465492111,0.0,0.0,0.31062708407217077,0.0936235709969626,0.19944669405600193,True,TRANSPORT,0.0005537121123320222
12.866666666666632,-0.11866833595332484,0.1381178007361295,6.238869295124743,0.22279136752523632,-0.9868340453694298,0.9056733465492111,0.0,0.0,0.31062708407217077,0.0936235709969626,0.19944669405600193,True,TRANSPORT,0.0005537121123320222
12.899999999999965,-0.11866833595332484,0.1381178007361295,6.238869295124743,0.22279136752523632,-0.9868340453694298,0.9056733465492111,0.0,0.0,0.31062708407217077,0.0936235709969626,0.19944669405600193,True,TRANSPORT,0.0005537121123320222
12.933333333333298,-0.11866833595332484,0.1381178007361295,6.238869295124743,0.22279136752523632,-0.9868340453694298,0.9056733465492111,0.0,0.0,0.31062708407217077,0.0936235709969626,0.19944669405600193,True,TRANSPORT,0.0005537121123320222
12.966666666666631,-0.11866833595332484,0.1381178007361295,6.238869295124743,0.22279136752523632,-0.9868340453694298,0.9056733465492111,0.0,0.0,0.31062708407217077,0.0936235709969626,0.19944669405600193,True,TRANSPORT,1.0234263908964363
12.999999999999964,-0.11866833595332484,0.1381178007361295,6.238869295124743,0.22279136752523632,-0.9868340453694298,0.9056733465492111,0.0,0.0,0.31062708407217077,0.0936235709969626,0.19944669405600193,True,TRANSPORT,1.0234263908964363
13.033333333333298,-0.11866833595332484,0.1381178007361295,6.238869295124743,0.22279136752523632,-0.9868340453694298,0.9056733465492111,0.0,0.0,0.31062708407217077,0.0936235709969626,0.19944669405600193,True,TRANSPORT,1.0234263908964363
13.066666666666631,-0.11866833595332484,0.1381178007361295,6.238869295124743,0.22279136752523632,-0.9868340453694298,0.9056733465492111,0.0,0.0,0.31062708407217077,0.0936235709969626,0.19944669405600193,True,TRANSPORT,1.0234263908964363
13.099999999999964,-0.11866833595332484,0.1381178007361295,6.238869295124743,0.22403775051788888,-0.9824992137382599,0.8987955197213799,0.0,0.0,0.31169664181876805,0.09434297646112659,0.19953243538392582,True,TRANSPORT,1.0234263908964363
13.133333333333297,-0.11866833595332484,0.1381178007361295,6.238869295124743,0.225091099303362,-0.9778752043961526,0.8911148762870587,0.0,0.0,0.31281195752019286,0.09499178784705985,0.19954353794918206,True,TRANSPORT,1.0221409395122165
13.16666666666663,-0.11866833595332484,0.1381178007361295,6.238869295124743,0.22663541197543424,-0.9713608665679203,0.8803618359611793,0.0,0.0,0.3143758963454172,0.09593433383750168,0.19958535318698584,True,TRANSPORT,1.0208506871323861
13.199999999999964,-0.11866833595332484,0.1381178007361295,6.238869295124743,0.2287110974099531,-0.9624251069223327,0.865541251462662,0.0,0.0,0.3164960192334061,0.0972125628028276,0.19964290835960286,True,TRANSPORT,1.0190252306541807
13.233333333333297,-0.11866833595332484,0.1381178007361295,6.238869295124743,0.23135706546463725,-0.9506622960177853,0.8458919824481239,0.0,0.0,0.31924120923997656,0.09886347628253363,0.19971514201761623,True,TRANSPORT,1.0165503521951866
13.26666666666663,-0.11866833595332484,0.1381178007361295,6.238869295124743,0.2346017344730805,-0.9356704537993861,0.8206326937716275,0.0,0.0,0.32266448713752327,0.10091984159210371,0.19980484274879673,True,TRANSPORT,1.0133478889546055
13.299999999999963,-0.11866833595332484,0.1381178007361295,6.238869295124743,0.2380588633225827,-0.9133825261046161,0.7811385659694062,0.0,0.0,0.32750788123313423,0.10337138432577636,0.19956272100347539,True,TRANSPORT,1.0093555591229826
13.333333333333297,-0.11866833595332484,0.1381178007361295,6.238869295124743,0.2424085201680012,-0.8891221621655732,0.7387287254582517,0.0,0.0,0.33262327803789443,0.10630971872606579,0.1995875371157032,True,TRANSPORT,1.0039335986158202
13.36666666666663,-0.11866833595332484,0.1381178007361295,6.238869295124743,0.24736353957012336,-0.8596818115794591,0.6865567398233701,0.0,0.0,0.3385151131151864,0.10972798914085376,0.19964413679138804,True,TRANSPORT,0.9980343890626691
13.399999999999963,-0.11866833595332484,0.1381178007361295,6.238869295124743,0.2528915980496331,-0.823793151116804,0.6218392024958073,0.0,0.0,0.34520580214943275,0.11364011810440716,0.19973551294391362,True,TRANSPORT,0.9912229726965744
13.433333333333296,-0.11866833595332484,0.1381178007361295,6.238869295124743,0.2589808384344244,-0.779720708239819,0.5551725358291406,0.0,0.0,0.3534603070638631,0.11823425503331848,0.20340927303042414,True,TRANSPORT,0.9834729916728229
13.46666666666663,-0.11866833595332484,0.1381178007361295,6.238869295124743,0.26527823060655864,-0.7179181043028998,0.48850586916247396,0.0,0.0,0.3656224146902922,0.12391375894289244,0.21580328177340205,True,TRANSPORT,0.9740324983707199
13.499999999999963,-0.11866833595332484,0.1381178007361295,6.238869295124743,0.2720394708831853,-0.6512514376362332,0.4218392024958073,0.0,0.0,0.37802561793821915,0.13004313343670698,0.23129404643186838,True,TRANSPORT,0.9607777097258005
13.533333333333296,-0.11866833595332484,0.1381178007361295,6.238869295124743,0.2815226352373764,-0.5845847709695665,0.35517253582914066,0.0,0.0,0.38934010952389914,0.13747591321340186,0.24759275469320488,True,TRANSPORT,0.9473545579865625
13.56666666666663,-0.11866833595332484,0.1381178007361295,6.238869295124743,0.29309998835028955,-0.5179181043028999,0.288505869162474,0.0,0.0,0.3994641888530741,0.14593597131933886,0.2646269946792029,True,TRANSPORT,0.9345389554126612
13.599999999999962,-0.11866833595332484,0.1381178007361295,6.238869295124743,0.3050407748683789,-0.4882303886623839,0.22183920249580735,0.0,0.0,0.4012909526215283,0.15264431452896732,0.26346796083869517,True,TRANSPORT,0.9226095466185273
13.633333333333296,-0.11866833595332484,0.1381178007361295,6.238869295124743,0.31724568094875216,-0.47775028817931153,0.1551725358291407,0.0,0.0,0.39855549773091625,0.15828390127985226,0.25281214064007207,True,TRANSPORT,0.9176554003222045
13.666666666666629,-0.11866833595332484,0.1381178007361295,6.238869295124743,0.327152077964677,-0.4110836215126449,0.08850586916247404,0.0,0.0,0.406585807964836,0.16580591544084028,0.27086602666131393,True,TRANSPORT,0.916632709587037
13.699999999999962,-0.11866833595332484,0.1381178007361295,6.238869295124743,0.33466957040253414,-0.34441695484597823,0.02183920249580737,0.0,0.0,0.4134293556419232,0.17186515483353138,0.2894525192511702,True,TRANSPORT,0.9072224517304126
13.733333333333295,-0.11866833595332484,0.1381178007361295,6.238869295124743,0.34210216611757654,-0.2777502881793116,-0.044827464170859296,0.0,0.0,0.4190151242399396,0.17761488695140748,0.30848904236642555,True,TRANSPORT,0.8999969874460565
13.766666666666628,-0.11866833595332484,0.1381178007361295,6.238869295124743,0.34940318857914815,-0.21109687289735934,-0.11149413083752596,0.0,0.0,0.42332609027304,0.18299236879116232,0.3278839914282968,True,TRANSPORT,0.8944922762129437
13.799999999999962,-0.11866833595332484,0.1381178007361295,6.238869295124743,0.356175339706954,-0.17282756739271277,-0.17816079750419261,0.0,0.0,0.4228615516163075,0.18661399844409585,0.33245293637524576,True,TRANSPORT,0.8907704764980711
13.833333333333295,-0.11866833595332484,0.1381178007361295,6.238869295124743,0.35519235618794176,-0.23311790929439102,-0.24482746417085927,0.0,0.0,0.40727760179625655,0.18105939757996786,0.2857073960963237,True,TRANSPORT,0.8901550059360538
13.866666666666628,-0.11866833595332484,0.1381178007361295,6.238869295124743,0.35515239992375525,-0.2590489841722846,-0.3114941308375259,0.0,0.0,0.3944466729661982,0.17691589625281756,0.2581292803722255,True,TRANSPORT,0.9007029403280339
13.899999999999961,-0.11866833595332484,0.1381178007361295,6.238869295124743,0.35292737069229,-0.27506675039748585,-0.32355331392818276,0.0,0.0,0.3896331045671725,0.17421243801259279,0.24764088989136276,True,TRANSPORT,0.9117539880775826
13.933333333333294,-0.11866833595332484,0.1381178007361295,6.238869295124743,0.3464294531557734,-0.2893838239080032,-0.2999352196674403,0.0,0.0,0.38995733069636135,0.17094009425367776,0.2454427179400335,True,TRANSPORT,0.9166565373935105
13.966666666666628,-0.11866833595332484,0.1381178007361295,6.238869295124743,0.33778673889012284,-0.3342524471484619,-0.23766831913416242,0.0,0.0,0.38855321079273947,0.16603871311998553,0.23626903873765626,True,TRANSPORT,0.9177835090179952
13.999999999999961,-0.11866833595332484,0.1381178007361295,6.238869295124743,0.32164660742526113,-0.26758578048179527,-0.30433498580082907,0.0,0.0,0.3946381712724046,0.15947152123916594,0.25536679103714316,True,TRANSPORT,0.920914617864373
14.033333333333294,-0.11866833595332484,0.1381178007361295,6.238869295124743,0.3161946088147964,-0.2009191138151286,-0.3710016524674957,0.0,0.0,0.3992179314613645,0.15791909565505297,0.2748169513289737,True,TRANSPORT,0.9196404174026618
14.066666666666627,-0.11866833595332484,0.1381178007361295,6.238869295124743,0.3044897882603087,-0.13425244714846196,-0.4209659840296647,0.0,0.0,0.40479292995318517,0.15328796510707773,0.29806291019752007,True,TRANSPORT,0.9177608748936861
14.09999999999996,-0.11866833595332484,0.1381178007361295,6.238869295124743,0.28576288646413583,-0.0675857804817953,-0.4876326506963313,0.0,0.0,0.40694136591324453,0.1439647732622269,0.3179574652778906,True,TRANSPORT,0.9173452243986567
14.133333333333294,-0.11866833595332484,0.1381178007361295,6.238869295124743,0.2590290509996182,-0.0009191138151286304,-0.554299317362998,0.0,0.0,0.4075789081643114,0.1300587002049614,0.3379420327979142,True,TRANSPORT,0.9224012623257337
14.166666666666627,-0.11866833595332484,0.1381178007361295,6.238869295124743,0.32569571766628486,0.06574755285153804,-0.4876326506963313,0.0,0.0,0.42134273758778096,0.16929490398078337,0.38733981106382964,True,TRANSPORT,0.9315599907958348
14.19999999999996,-0.11866833595332484,0.1381178007361295,6.238869295124743,0.3923623843329515,-0.0009191138151286304,-0.4209659840296647,0.0,0.0,0.41867541733282404,0.2054207496321355,0.36735401851270794,True,TRANSPORT,0.9093460380150371
14.233333333333293,-0.11866833595332484,0.1381178007361295,6.238869295124743,0.45902905099961816,0.06574755285153804,-0.354299317362998,0.0,0.0,0.42300768924116117,0.2454742591575678,0.41856901771372873,True,TRANSPORT,0.8911611839691259
14.266666666666627,-0.11866833595332484,0.1381178007361295,6.238869295124743,0.5256957176662849,0.1324142195182047,-0.4209659840296647,0.0,0.0,0.41289939009188303,0.2804049451636113,0.4384672424448275,True,TRANSPORT,0.8815769775819804
14.29999999999996,-0.11866833595332484,0.1381178007361295,6.238869295124743,0.5923623843329515,0.10269980268394008,-0.4876326506963313,0.0,0.0,0.39633936306242135,0.31189873675020324,0.40688158445201794,True,TRANSPORT,0.8823463010138616
14.333333333333293,-0.11866833595332484,0.1381178007361295,6.238869295124743,0.6590290509996182,0.03603313601727341,-0.4209659840296647,0.0,0.0,0.3847507545201212,0.3466204364560968,0.38693337682348944,True,TRANSPORT,0.8784490578482174
14.366666666666626,-0.11866833595332484,0.1381178007361295,6.238869295124743,0.5923623843329515,0.10269980268394008,-0.4876326506963313,0.0,0.0,0.39633936306242135,0.31189873675020324,0.40688158445201794,True,TRANSPORT,0.8739431462331192
14.39999999999996,-0.11866833595332484,0.1381178007361295,6.238869295124743,0.5256957176662849,0.16936646935060673,-0.554299317362998,0.0,0.0,0.404368538548635,0.2759487204064088,0.4266931502139467,True,TRANSPORT,0.8784490578482174
14.433333333333293,-0.11866833595332484,0.1381178007361295,6.238869295124743,0.4590290509996182,0.23603313601727338,-0.6209659840296646,0.0,0.0,0.40870427917023544,0.239177238655599,0.44628005531268944,True,TRANSPORT,0.8884978551529551
14.466666666666626,-0.11866833595332484,0.1381178007361295,6.238869295124743,0.39236238433295156,0.30269980268394003,-0.6876326506963313,0.0,0.0,0.4092627185151064,0.2020056706807777,0.46555527907373884,True,TRANSPORT,0.9038782266171237
14.49999999999996,-0.11866833595332484,0.1381178007361295,6.238869295124743,0.3256957176662849,0.3693664693506067,-0.7542993173629979,0.0,0.0,0.4060116449768977,0.16486347144518274,0.48443318555999826,True,TRANSPORT,0.9242210453913655
14.533333333333292,-0.11866833595332484,0.1381178007361295,6.238869295124743,0.25902905099961826,0.43603313601727334,-0.8209659840296646,0.0,0.0,0.39897117262565723,0.12818157183773826,0.5028299040350016,True,TRANSPORT,0.9490329517160284
14.566666666666626,-0.11866833595332484,0.1381178007361295,6.238869295124743,0.1923623843329516,0.50269980268394,-0.8876326506963312,0.0,0.0,0.38821355119067363,0.09238574374523653,0.5206637015837051,True,TRANSPORT,0.9777350163597855
14.599999999999959,-0.11866833595332484,0.1381178007361295,6.238869295124743,0.12569571766628496,0.5693664693506066,-0.9542993173629979,0.0,0.0,0.3738621177864969,0.057890043322670504,0.5378553462353666,True,TRANSPORT,1.009700292728935
14.633333333333292,-0.11866833595332484,0.1381178007361295,6.238869295124743,0.05902905099961829,0.6360331360172733,-1.0209659840296645,0.0,0.0,0.35608940794974164,0.02509044440445586,0.5543284589752346,True,TRANSPORT,1.044285995566697
14.666666666666625,-0.11866833595332484,0.1381178007361295,6.238869295124743,-0.007637615667048375,0.70269980268394,-1.0876326506963312,0.0,0.0,0.335114458183679,-0.005641229296776393,0.5700098530811278,True,TRANSPORT,1.0808583354581895
14.699999999999958,-0.11866833595332484,0.1381178007361295,6.238869295124743,-0.07430428233371504,0.7693664693506066,-1.1542993173629978,0.0,0.0,0.31119934627141577,-0.033962969762422385,0.5848298592773016,True,TRANSPORT,1.1188098991536226
14.733333333333292,-0.11866833595332484,0.1381178007361295,6.238869295124743,-0.1409709490003817,0.8360331360172732,-1.2209659840296645,0.0,0.0,0.2846450288682687,-0.05956775159233271,0.598722635261009,True,TRANSPORT,1.1575705895062023
14.766666666666625,-0.11866833595332484,0.1381178007361295,6.238869295124743,-0.20763761566704836,0.9026998026839399,-1.2876326506963311,0.0,0.0,0.25578654808580265,-0.08218811257824193,0.6116264582265906,True,TRANSPORT,1.1966135892532817
14.799999999999958,-0.11866833595332484,0.1381178007361295,6.238869295124743,-0.274304282333715,0.9693664693506066,-1.3542993173629978,0.0,0.0,0.22498768971853542,-0.10160007047769719,0.6234839990874693,True,TRANSPORT,1.235457811837764
14.833333333333291,-0.11866833595332484,0.1381178007361295,6.238869295124743,-0.34097094900038166,1.0360331360172732,-1.4209659840296645,0.0,0.0,0.19263518524650766,-0.1176263101523213,0.6342425771777355,True,TRANSPORT,1.2736680735489228
14.866666666666625,-0.11866833595332484,0.1381178007361295,6.238869295124743,-0.4076376156670483,1.1026998026839399,-1.487632650696331,0.0,0.0,0.15913255760556405,-0.13013858799886796,0.6438543943017357,True,TRANSPORT,1.3108539227771092
14.899999999999958,-0.11866833595332484,0.1381178007361295,6.238869295124743,-0.47430428233371497,1.1693664693506065,-1.5542993173629978,0.0,0.0,0.12489371681386853,-0.13905931429267598,0.6522767470918301,True,TRANSPORT,1.3466677814749546
14.933333333333291,-0.11866833595332484,0.1381178007361295,6.238869295124743,-0.5409709490003817,1.2360331360172732,-1.5707963267948966,0.0,0.0,0.09401749025013,-0.14680192478719323,0.6712100627202036,True,TRANSPORT,1.3808028266733183
14.966666666666624,-0.11866833595332484,0.1381178007361295,6.238869295124743,-0.6076376156670483,1.3026998026839398,-1.5707963267948966,0.0,0.0,0.06331856906901336,-0.15175367281650992,0.6930589501024604,True,TRANSPORT,1.4152559308998696
14.999999999999957,-0.11866833595332484,0.1381178007361295,6.238869295124743,-0.674304282333715,1.3693664693506065,-1.5707963267948966,0.0,0.0,0.03188285634356719,-0.15298169739452527,0.7139168314939851,True,TRANSPORT,1.4492361395896005
15.03333333333329,-0.11866833595332484,0.1381178007361295,6.238869295124743,-0.7409709490003816,1.4360331360172731,-1.5707963267948966,0.0,0.0,0.00018596451865610097,-0.150396827890658,0.7336910395285795,True,TRANSPORT,1.4817522085720072
15.066666666666624,-0.11866833595332484,0.1381178007361295,6.238869295124743,-0.8076376156670483,1.5026998026839398,-1.5707963267948966,0.0,0.0,-0.03128718646916692,-0.1439722373418533,0.7522937213825158,True,TRANSPORT,1.5124401623599808
15.099999999999957,-0.11866833595332484,0.1381178007361295,6.238869295124743,-0.8743042823337149,1.5693664693506064,-1.5707963267948966,0.0,0.0,-0.062050631816539,-0.1337442417157178,0.7696422290869386,True,TRANSPORT,1.5409708563685258
15.13333333333329,-0.11866833595332484,0.1381178007361295,6.238869295124743,-0.9409709490003816,1.5707963267948966,-1.5707963267948966,0.0,0.0,-0.08052402694650422,-0.13655475284429686,0.77,True,TRANSPORT,1.5670496733283967
15.166666666666623,-0.11866833595332484,0.1381178007361295,6.238869295124743,-1.0076376156670483,1.5707963267948966,-1.5707963267948966,0.0,0.0,-0.09890670319701687,-0.13848566610910873,0.77,True,TRANSPORT,1.5833997244930966
15.199999999999957,-0.11866833595332484,0.1381178007361295,6.238869295124743,-1.074304282333715,1.5707963267948966,-1.5707963267948966,0.0,0.0,-0.11737717640182861,-0.13918768587928634,0.77,True,TRANSPORT,1.5991934537943673
15.23333333333329,-0.11866833595332484,0.1381178007361295,6.238869295124743,-1.1409709490003817,1.5707963267948966,-1.5707963267948966,0.0,0.0,-0.13585338596848523,-0.1386576932223791,0.77,True,TRANSPORT,1.6145528978203312
15.266666666666623,-0.11866833595332484,0.1381178007361295,6.238869295124743,-1.2076376156670483,1.5707963267948966,-1.5707963267948966,0.0,0.0,-0.15425324581903208,-0.13689804278901996,0.77,True,TRANSPORT,1.6294230440742123
15.299999999999956,-0.11866833595332484,0.1381178007361295,6.238869295124743,-1.274304282333715,1.5707963267948966,-1.5707963267948966,0.0,0.0,-0.17249500908192636,-0.13391655235168676,0.77,True,TRANSPORT,1.6437519822885907
15.33333333333329,-0.11866833595332484,0.1381178007361295,6.238869295124743,-1.3409709490003816,1.5707963267948966,-1.5707963267948966,0.0,0.0,-0.19049763127692304,-0.12972646807191374,0.77,True,TRANSPORT,1.6574908916101418
15.366666666666623,-0.11866833595332484,0.1381178007361295,6.238869295124743,-1.4076376156670483,1.5707963267948966,-1.5707963267948966,0.0,0.0,-0.20818113037937827,-0.12434640565026348,0.77,True,TRANSPORT,1.6705940203387069
15.399999999999956,-0.11866833595332484,0.1381178007361295,6.238869295124743,-1.474304282333715,1.5707963267948966,-1.5707963267948966,0.0,0.0,-0.2254669421642763,-0.11780026762051883,0.77,True,TRANSPORT,1.6830186604238824
15.43333333333329,-0.11866833595332484,0.1381178007361295,6.238869295124743,-1.5409709490003816,1.5707963267948966,-1.5707963267948966,0.0,0.0,-0.24227826925125806,-0.11011713715553895,0.77,True,TRANSPORT,1.6947251185367085
15.466666666666622,-0.11866833595332484,0.1381178007361295,6.238869295124743,-1.6076376156670482,1.5707963267948966,-1.5707963267948966,0.0,0.0,-0.25854042229991514,-0.10133114885658011,0.77,True,TRANSPORT,1.7056766852004464
15.499999999999956,-0.11866833595332484,0.1381178007361295,6.238869295124743,-1.6743042823337149,1.5707963267948966,-1.5707963267948966,0.0,0.0,-0.27418115183948644,-0.09148133710013677,0.77,True,PLACE,1.7056766852004464
15.533333333333289,-0.11866833595332484,0.1381178007361295,6.238869295124743,-1.6076376156670482,1.5707963267948966,-1.5707963267948966,0.0,0.0,-0.25854042229991514,-0.10133114885658011,0.77,True,PLACE,1.7723872342116966
15.566666666666622,-0.11866833595332484,0.1381178007361295,6.238869295124743,-1.6076376156670482,1.5707963267948966,-1.5707963267948966,0.0,0.0,-0.25854042229991514,-0.10133114885658011,0.77,True,PLACE,1.763293947088603
15.599999999999955,-0.11866833595332484,0.1381178007361295,6.238869295124743,-1.6076376156670482,1.5707963267948966,-1.5707963267948966,0.0,0.0,-0.25854042229991514,-0.10133114885658011,0.77,True,PLACE,1.763293947088603
15.633333333333288,-0.11866833595332484,0.1381178007361295,6.238869295124743,-1.60450856434575,1.5707963267948966,-1.5707963267948966,0.0,0.0,-0.25779049072985677,-0.101767642862132,0.77,True,PLACE,1.763293947088603
15.666666666666622,-0.11866833595332484,0.1381178007361295,6.238869295124743,-1.6000365354219996,1.5707963267948966,-1.5707963267948966,0.0,0.0,-0.2567163285108013,-0.10238740035285096,0.77,True,PLACE,1.7628473953892516
15.699999999999955,-0.11866833595332484,0.1381178007361295,6.238869295124743,-1.5930126777616458,1.5707963267948966,-1.5707963267948966,0.0,0.0,-0.2550236628460616,-0.1033510892434596,0.77,True,PLACE,1.7622061519369476
15.733333333333288,-0.11866833595332484,0.1381178007361295,6.238869295124743,-1.5826800135710717,1.5707963267948966,-1.5707963267948966,0.0,0.0,-0.2525214114376637,-0.10474708800529371,0.77,True,PLACE,1.7611918164078353
15.766666666666621,-0.11866833595332484,0.1381178007361295,6.238869295124743,-1.5683848095971296,1.5707963267948966,-1.5707963267948966,0.0,0.0,-0.24903605016299862,-0.1066356652081648,0.77,True,PLACE,1.7596837524784967
15.799999999999955,-0.11866833595332484,0.1381178007361295,6.238869295124743,-1.54941216228667,1.5707963267948966,-1.5707963267948966,0.0,0.0,-0.2443692445928537,-0.10906488791175462,0.77,True,PLACE,1.7575663395775902
15.833333333333288,-0.11866833595332484,0.1381178007361295,6.238869295124743,-1.5249493119604096,1.5707963267948966,-1.5707963267948966,0.0,0.0,-0.2382854447697968,-0.11206562652952355,0.77,True,PLACE,1.7547009802228524
15.866666666666621,-0.11866833595332484,0.1381178007361295,6.238869295124743,-1.4940429140436617,1.5707963267948966,-1.5707963267948966,0.0,0.0,-0.2304972822312362,-0.11564249319176623,0.77,True,PLACE,1.7509147543845573
15.899999999999954,-0.11866833595332484,0.1381178007361295,6.238869295124743,-1.4555493112642375,1.5707963267948966,-1.5707963267948966,0.0,0.0,-0.22064870497713365,-0.1197581468312382,0.77,True,PLACE,1.7459858683656864
15.933333333333287,-0.11866833595332484,0.1381178007361295,6.238869295124743,-1.408078022729715,1.5707963267948966,-1.5707963267948966,0.0,0.0,-0.2082967127849532,-0.12430695813110774,0.77,True,PLACE,1.7396248253238813
15.96666666666662,-0.11866833595332484,0.1381178007361295,6.238869295124743,-1.3499322086896937,1.5707963267948966,-1.5707963267948966,0.0,0.0,-0.1928949371246344,-0.12907204128365118,0.77,True,PLACE,1.7314503171728732
15.999999999999954,-0.11866833595332484,0.1381178007361295,6.238869295124743,-1.283265542023027,1.5707963267948966,-1.5707963267948966,0.0,0.0,-0.17493058569846787,-0.13342328133731132,0.77,True,PLACE,1.7209597169163922
16.03333333333329,-0.11866833595332484,0.1381178007361295,6.238869295124743,-1.2165988753563604,1.5707963267948966,-1.5707963267948966,0.0,0.0,-0.15671627242802705,-0.1365681190523027,0.77,True,PLACE,1.7083160788029599
16.066666666666624,-0.11866833595332484,0.1381178007361295,6.238869295124743,-1.1499322086896937,1.5707963267948966,-1.5707963267948966,0.0,0.0,-0.13833291983876894,-0.13849258254803487,0.77,True,PLACE,1.6950550545263265
16.09999999999996,-0.11866833595332484,0.1381178007361295,6.238869295124743,-1.083265542023027,1.5707963267948966,-1.5707963267948966,0.0,0.0,-0.11986220146379917,-0.1391881218207876,0.77,True,PLACE,1.681221668550174
16.133333333333294,-0.11866833595332484,0.1381178007361295,6.238869295124743,-1.0165988753563604,1.5707963267948966,-1.5707963267948966,0.0,0.0,-0.10138617898481354,-0.13865164672965516,0.77,True,PLACE,1.6668639147494342
16.16666666666663,-0.11866833595332484,0.1381178007361295,6.238869295124743,-0.9499322086896937,1.5707963267948966,-1.5707963267948966,0.0,0.0,-0.08298693764857375,-0.1368855407254202,0.77,True,PLACE,1.6520327605919698
16.199999999999964,-0.11866833595332484,0.1381178007361295,6.238869295124743,-0.8832655420230271,1.5707963267948966,-1.5707963267948966,0.0,0.0,-0.06474622157868831,-0.13389765026136186,0.77,True,PLACE,1.6367821425916949
16.2333333333333,-0.11866833595332484,0.1381178007361295,6.238869295124743,-0.8165988753563604,1.5707963267948966,-1.5707963267948966,0.0,0.0,-0.04674507060293451,-0.12970124993304405,0.77,True,PLACE,1.6211689504973614
16.266666666666634,-0.11866833595332484,0.1381178007361295,6.238869295124743,-0.7499322086896938,1.5707963267948966,-1.5707963267948966,0.0,0.0,-0.0290634602096254,-0.12431498350196102,0.77,True,PLACE,1.6052529972644694
16.29999999999997,-0.11866833595332484,0.1381178007361295,6.238869295124743,-0.6832655420230271,1.5707963267948966,-1.5707963267948966,0.0,0.0,-0.01177994623262242,-0.11776278106506004,0.77,True,PLACE,1.5890969714110914
16.333333333333304,-0.11866833595332484,0.1381178007361295,6.238869295124743,-0.6165988753563605,1.5707963267948966,-1.5707963267948966,0.0,0.0,0.005028684156413055,-0.11007375273813987,0.77,True,PLACE,1.5727663678925063
16.36666666666664,-0.11866833595332484,0.1381178007361295,6.238869295124743,-0.5499322086896938,1.5707963267948966,-1.5707963267948966,0.0,0.0,0.02128775359795848,-0.10128205932546944,0.77,True,PLACE,1.556329393160901
16.399999999999974,-0.11866833595332484,0.1381178007361295,6.238869295124743,-0.4832655420230272,1.5707963267948966,-1.5707963267948966,0.0,0.0,0.036925026321098134,-0.09142676055021458,0.77,True,PLACE,1.5398568396282553
16.43333333333331,-0.11866833595332484,0.1381178007361295,6.238869295124743,-0.41659887535636053,1.5707963267948966,-1.5707963267948966,0.0,0.0,0.051871029072504946,-0.08055164151995434,0.77,True,PLACE,1.5234219243542289
16.466666666666644,-0.11866833595332484,0.1381178007361295,6.238869295124743,-0.3499322086896939,1.5707963267948966,-1.5707963267948966,0.0,0.0,0.06605935977211293,-0.06870501819826683,0.77,True,PLACE,1.5071000864768516
16.49999999999998,-0.11866833595332484,0.1381178007361295,6.238869295124743,-0.28326554202302723,1.50412966012823,-1.5707963267948966,0.0,0.0,0.09782360563337211,-0.06219115359249203,0.7526792564794884,True,PLACE,1.4909687377420007
16.533333333333314,-0.11866833595332484,0.1381178007361295,6.238869295124743,-0.21659887535636058,1.4374629934615633,-1.5707963267948966,0.0,0.0,0.12830244633859728,-0.05202750069927513,0.7341026259546752,True,PLACE,1.4557956228202373
16.56666666666665,-0.11866833595332484,0.1381178007361295,6.238869295124743,-0.14993220868969392,1.3707963267948966,-1.5707963267948966,0.0,0.0,0.15705671247930603,-0.03842535170097994,0.7143526406536072,True,PLACE,1.4194040319767565
16.599999999999984,-0.11866833595332484,0.1381178007361295,6.238869295124743,-0.08326554202302726,1.30412966012823,-1.5707963267948966,0.0,0.0,0.18367967869819926,-0.021650181915572123,0.6935170457832853,True,PLACE,1.3822112559939126
16.63333333333332,-0.11866833595332484,0.1381178007361295,6.238869295124743,-0.016598875356360593,1.2374629934615633,-1.50412966012823,0.0,0.0,0.21271911412783664,-0.0023166158181173735,0.6876077361085374,True,PLACE,1.3446670407758847
16.666666666666654,-0.11866833595332484,0.1381178007361295,6.238869295124743,0.05006779131030607,1.1707963267948966,-1.4374629934615633,0.0,0.0,0.2400051160967598,0.02017884900234669,0.6804389504149817,True,PLACE,1.3110866367255163
16.69999999999999,-0.11866833595332484,0.1381178007361295,6.238869295124743,0.11673445797697274,1.10412966012823,-1.3707963267948966,0.0,0.0,0.2651656272098444,0.045647799600273584,0.6720425381736449,True,PLACE,1.2768784031568485
16.733333333333324,-0.11866833595332484,0.1381178007361295,6.238869295124743,0.1834011246436394,1.0374629934615633,-1.30412966012823,0.0,0.0,0.28785202060580467,0.07385605251635557,0.6624558029530593,True,PLACE,1.2424479403212623
16.76666666666666,-0.11866833595332484,0.1381178007361295,6.238869295124743,0.25006779131030604,0.9707963267948967,-1.2374629934615633,0.0,0.0,0.3077448531580085,0.10452684266691259,0.6517213366870197,True,PLACE,1.2082405672047847
16.799999999999994,-0.11866833595332484,0.1381178007361295,6.238869295124743,0.3167344579769727,0.90412966012823,-1.1707963267948966,0.0,0.0,0.32455916608817964,0.13734474126248153,0.6398868304472006,True,PLACE,1.1747393797181462
16.83333333333333,-0.11866833595332484,0.1381178007361295,6.238869295124743,0.38340112464363935,0.8374629934615634,-1.10412966012823,0.0,0.0,0.33804924054306623,0.17196023762771767,0.6270048625613295,True,PLACE,1.142461177298756
16.866666666666664,-0.11866833595332484,0.1381178007361295,6.238869295124743,0.4438561212996762,0.7707963267948967,-1.0374629934615633,0.0,0.0,0.3484377724230915,0.20509470990566062,0.6131326650182658,True,PLACE,1.1119494443620495
16.9,-0.11866833595332484,0.1381178007361295,6.238869295124743,0.42630181755754437,0.7041296601282301,-0.9707963267948967,0.0,0.0,0.362018145052577,0.20189718091198433,0.5983318691978019,True,PLACE,1.084482137884292
16.933333333333334,-0.11866833595332484,0.1381178007361295,6.238869295124743,0.39596479034267207,0.6374629934615634,-0.90412966012823,0.0,0.0,0.37540080870437753,0.19156890215883432,0.5826682320548545,True,PLACE,1.0676300894022202
16.96666666666667,-0.11866833595332484,0.1381178007361295,6.238869295124743,0.37381213439169514,0.5707963267948968,-0.8374629934615634,0.0,0.0,0.3872113453966262,0.18428706892884752,0.5662113439745582,True,PLACE,1.0533795631809952
17.000000000000004,-0.11866833595332484,0.1381178007361295,6.238869295124743,0.3266713842531431,0.5041296601282301,-0.7707963267948967,0.0,0.0,0.39865689531529486,0.16324935567734544,0.5490343195961992,True,PLACE,1.039070900372428
17.03333333333334,-0.11866833595332484,0.1381178007361295,6.238869295124743,0.2600047175864765,0.4374629934615635,-0.7041296601282301,0.0,0.0,0.4080419836398521,0.13067193631988627,0.5312134729795996,True,PLACE,1.030716147197166
17.066666666666674,-0.11866833595332484,0.1381178007361295,6.238869295124743,0.2716658516616999,0.3707963267948968,-0.6374629934615634,0.0,0.0,0.41575357978292343,0.138586615914001,0.5128279785571184,True,PLACE,1.0296524650059014
17.10000000000001,-0.11866833595332484,0.1381178007361295,6.238869295124743,0.20499918499503322,0.3041296601282302,-0.5707963267948968,0.0,0.0,0.42113301931265484,0.10404308862596333,0.49395951937759464,True,PLACE,1.0119492957801672
17.133333333333344,-0.11866833595332484,0.1381178007361295,6.238869295124743,0.13833251832836657,0.23746299346156352,-0.5041296601282301,0.0,0.0,0.42298930299375515,0.06866082852287418,0.47469192420501305,True,PLACE,1.0160456218180247
17.16666666666668,-0.11866833595332484,0.1381178007361295,6.238869295124743,0.0716658516616999,0.17079632679489687,-0.4374629934615635,0.0,0.0,0.42121106211900217,0.03284220359394242,0.4551107950841885,True,PLACE,1.0246182176424958
17.200000000000014,-0.11866833595332484,0.1381178007361295,6.238869295124743,0.13833251832836657,0.1041296601282302,-0.3707963267948968,0.0,0.0,0.42975295098386346,0.06929860330390582,0.4353031270281216,True,PLACE,1.0375406017502946
17.23333333333335,-0.11866833595332484,0.1381178007361295,6.238869295124743,0.0716658516616999,0.17079632679489687,-0.4374629934615635,0.0,0.0,0.42121106211900217,0.03284220359394242,0.4551107950841885,True,PLACE,1.004176709344414
17.266666666666683,-0.11866833595332484,0.1381178007361295,6.238869295124743,0.00499918499503324,0.23746299346156352,-0.5041296601282301,0.0,0.0,0.4089481829223057,-0.002729910740910904,0.47469192420501305,True,PLACE,1.0375406017502946
17.30000000000002,-0.11866833595332484,0.1381178007361295,6.238869295124743,-0.061667481671633426,0.3041296601282302,-0.5707963267948968,0.0,0.0,0.3930742696665184,-0.03699957346127196,0.49395951937759464,True,PLACE,1.0736954298684633
17.333333333333353,-0.11866833595332484,0.1381178007361295,6.238869295124743,-0.1283341483383001,0.3707963267948968,-0.6374629934615634,0.0,0.0,0.373749410201046,-0.06956408840955958,0.5128279785571184,True,PLACE,1.1120428341277804
17.36666666666669,-0.11866833595332484,0.1381178007361295,6.238869295124743,-0.19500081500496674,0.4374629934615635,-0.7041296601282301,0.0,0.0,0.35118152283580023,-0.10004246433487461,0.5312134729795996,True,PLACE,1.1519994462775698
17.400000000000023,-0.11866833595332484,0.1381178007361295,6.238869295124743,-0.2616674816716334,0.5041296601282301,-0.7707963267948967,0.0,0.0,0.3256232658264477,-0.12808130247208616,0.5490343195961992,True,PLACE,1.1930088544119442
17.43333333333336,-0.11866833595332484,0.1381178007361295,6.238869295124743,-0.32833414833830005,0.5707963267948968,-0.8374629934615634,0.0,0.0,0.29736820965501787,-0.1533602362520053,0.5662113439745582,True,PLACE,1.2345488793986448
17.466666666666693,-0.11866833595332484,0.1381178007361295,6.238869295124743,-0.3950008150049667,0.6374629934615634,-0.90412966012823,0.0,0.0,0.26674633713306894,-0.17559683028353157,0.5826682320548545,True,PLACE,1.2761353738518897
17.50000000000003,-0.11866833595332484,0.1381178007361295,6.238869295124743,-0.46166748167163335,0.7041296601282301,-0.9707963267948967,0.0,0.0,0.2341189480464924,-0.19455085514459175,0.5983318691978019,True,PLACE,1.3173236347073771
17.533333333333363,-0.11866833595332484,0.1381178007361295,6.238869295124743,-0.5283341483383001,0.7707963267948967,-1.0374629934615633,0.0,0.0,0.19987305540509687,-0.2100278653806626,0.6131326650182658,True,PLACE,1.357708301493314
17.5666666666667,-0.11866833595332484,0.1381178007361295,6.238869295124743,-0.5950008150049667,0.8374629934615634,-1.10412966012823,0.0,0.0,0.1644153691737125,-0.22188202024583498,0.6270048625613295,True,PLACE,1.3969223814542213
17.600000000000033,-0.11866833595332484,0.1381178007361295,6.238869295124743,-0.6616674816716334,0.90412966012823,-1.1707963267948966,0.0,0.0,0.12816597048919665,-0.23001809991733976,0.6398868304472006,True,PLACE,1.4346358421996708
17.63333333333337,-0.11866833595332484,0.1381178007361295,6.238869295124743,-0.7283341483383,0.9707963267948967,-1.2374629934615633,0.0,0.0,0.09155178468372972,-0.234392683937051,0.6517213366870197,True,PLACE,1.4705540563083404
17.666666666666703,-0.11866833595332484,0.1381178007361295,6.238869295124743,-0.7950008150049667,1.0374629934615633,-1.30412966012823,0.0,0.0,0.05499996484560764,-0.23501447323495825,0.6624558029530593,True,PLACE,1.504416269056684
17.70000000000004,-0.11866833595332484,0.1381178007361295,6.238869295124743,-0.8616674816716333,1.10412966012823,-1.3707963267948966,0.0,0.0,0.01893129909450965,-0.23194375201194123,0.6720425381736449,True,PLACE,1.5359941827585706
17.733333333333373,-0.11866833595332484,0.1381178007361295,6.238869295124743,-0.9283341483383,1.1707963267948966,-1.4374629934615633,0.0,0.0,-0.016246245796063652,-0.22529100073874642,0.6804389504149817,True,PLACE,1.5650907004199004
17.76666666666671,-0.11866833595332484,0.1381178007361295,6.238869295124743,-0.9950008150049666,1.2374629934615633,-1.50412966012823,0.0,0.0,-0.050143734320630975,-0.2152146863002406,0.6876077361085374,True,PLACE,1.591538839770216
17.800000000000043,-0.11866833595332484,0.1381178007361295,6.238869295124743,-1.0616674816716334,1.30412966012823,-1.5707963267948966,0.0,0.0,-0.08239712005803054,-0.2019182696178693,0.6935170457832853,True,PLACE,1.6152008100919975
17.83333333333338,-0.11866833595332484,0.1381178007361295,6.238869295124743,-1.1283341483383,1.3707963267948966,-1.5707963267948966,0.0,0.0,-0.11117881125329104,-0.18919809259228298,0.7143526406536072,True,PLACE,1.635967234104144
17.866666666666713,-0.11866833595332484,0.1381178007361295,6.238869295124743,-1.1950008150049667,1.4374629934615633,-1.5707963267948966,0.0,0.0,-0.13851815409674384,-0.1729381229874319,0.7341026259546752,True,PLACE,1.6604860222080062
17.90000000000005,-0.11866833595332484,0.1381178007361295,6.238869295124743,-1.2616674816716333,1.50412966012823,-1.5707963267948966,0.0,0.0,-0.16396781392606669,-0.15332755477944676,0.7526792564794884,True,PLACE,1.6822890621453213
17.933333333333383,-0.11866833595332484,0.1381178007361295,6.238869295124743,-1.3283341483383,1.5707963267948966,-1.5707963267948966,0.0,0.0,-0.18710729163753856,-0.13061275082966148,0.77,True,PLACE,1.7011647684582527
17.96666666666672,-0.11866833595332484,0.1381178007361295,6.238869295124743,-1.3950008150049666,1.5707963267948966,-1.5707963267948966,0.0,0.0,-0.20485736379795008,-0.1254565748757619,0.77,True,PLACE,1.7169337873630748
18.000000000000053,-0.11866833595332484,0.1381178007361295,6.238869295124743,-1.4616674816716333,1.5707963267948966,-1.5707963267948966,0.0,0.0,-0.2222245154663116,-0.11912939105548959,0.77,True,PLACE,1.7291360428398332
18.03333333333339,-0.11866833595332484,0.1381178007361295,6.238869295124743,-1.5283341483383,1.5707963267948966,-1.5707963267948966,0.0,0.0,-0.23913158788554392,-0.11165930977224896,0.77,True,PLACE,1.7406520770887053
18.066666666666723,-0.11866833595332484,0.1381178007361295,6.238869295124743,-1.5950008150049666,1.5707963267948966,-1.5707963267948966,0.0,0.08,-0.25550346633801074,-0.10307951909269034,0.77,True,PLACE,1.7406520770887053
18.10000000000006,-0.11866833595332484,0.1381178007361295,6.238869295124743,-1.5283341483383,1.5707963267948966,-1.5707963267948966,0.0,0.08,-0.23913158788554392,-0.11165930977224896,0.77,False,PLACE,1.7139752479804289
18.133333333333393,-0.11866833595332484,0.1381178007361295,6.238869295124743,-1.5283341483383,1.5707963267948966,-1.5707963267948966,0.0,0.08,-0.23913158788554392,-0.11165930977224896,0.77,False,PLACE,1.703660382950628
18.16666666666673,-0.11866833595332484,0.1381178007361295,6.238869295124743,-1.5283341483383,1.5707963267948966,-1.5707963267948966,0.0,0.08,-0.23913158788554392,-0.11165930977224896,0.77,False,PLACE,1.703660382950628
18.200000000000063,-0.11866833595332484,0.1381178007361295,6.238869295124743,-1.5251011872541715,1.5707963267948966,-1.5707963267948966,0.0,0.08,-0.23913158788554392,-0.11165930977224896,0.77,False,PLACE,1.703660382950628
18.2333333333334,-0.11866833595332484,0.1381178007361295,6.238869295124743,-1.520484669857474,1.5707963267948966,-1.5707963267948966,0.0,0.08,-0.23913158788554392,-0.11165930977224896,0.77,False,PLACE,1.703140011548897
18.266666666666733,-0.11866833595332484,0.1381178007361295,6.238869295124743,-1.5132384638335301,1.5707963267948966,-1.5707963267948966,0.0,0.08,-0.23913158788554392,-0.11165930977224896,0.77,False,PLACE,1.7023937620339598
18.300000000000068,-0.11866833595332484,0.1381178007361295,6.238869295124743,-1.5025913751498412,1.5707963267948966,-1.5707963267948966,0.0,0.08,-0.23913158788554392,-0.11165930977224896,0.77,False,PLACE,1.7012149019176652
18.333333333333403,-0.11866833595332484,0.1381178007361295,6.238869295124743,-1.487886332068927,1.5707963267948966,-1.5707963267948966,0.0,0.08,-0.23913158788554392,-0.11165930977224896,0.77,False,PLACE,1.6994661616562674
18.366666666666738,-0.11866833595332484,0.1381178007361295,6.238869295124743,-1.4684155836240829,1.5707963267948966,-1.5707963267948966,0.0,0.08,-0.23913158788554392,-0.11165930977224896,0.77,False,PLACE,1.69701866193733
18.400000000000073,-0.11866833595332484,0.1381178007361295,6.238869295124743,-1.44338922483425,1.5707963267948966,-1.5707963267948966,0.0,0.08,-0.23913158788554392,-0.11165930977224896,0.77,False,PLACE,1.693720960982921
18.433333333333408,-0.11866833595332484,0.1381178007361295,6.238869295124743,-1.4119008086815295,1.5707963267948966,-1.5707963267948966,0.0,0.08,-0.23913158788554392,-0.11165930977224896,0.77,False,PLACE,1.6893882380123149
18.466666666666743,-0.11866833595332484,0.1381178007361295,6.238869295124743,-1.3728909678242653,1.5707963267948966,-1.5707963267948966,0.0,0.08,-0.23913158788554392,-0.11165930977224896,0.77,False,PLACE,1.6837891633624986
18.500000000000078,-0.11866833595332484,0.1381178007361295,6.238869295124743,-1.3251121267842296,1.5707963267948966,-1.5707963267948966,0.0,0.08,-0.23913158788554392,-0.11165930977224896,0.77,False,PLACE,1.6766301116732334
18.533333333333413,-0.11866833595332484,0.1381178007361295,6.238869295124743,-1.2671021612691367,1.5707963267948966,-1.5707963267948966,0.0,0.08,-0.23913158788554392,-0.11165930977224896,0.77,False,PLACE,1.6675369730413205
18.566666666666748,-0.11866833595332484,0.1381178007361295,6.238869295124743,-1.20043549460247,1.5707963267948966,-1.5707963267948966,0.0,0.08,-0.23913158788554392,-0.11165930977224896,0.77,False,PLACE,1.65603649605222
18.600000000000083,-0.11866833595332484,0.1381178007361295,6.238869295124743,-1.1337688279358034,1.5707963267948966,-1.5707963267948966,0.0,0.08,-0.23913158788554392,-0.11165930977224896,0.77,False,PLACE,1.6422315860827765
18.633333333333418,-0.11866833595332484,0.1381178007361295,6.238869295124743,-1.0671021612691367,1.5707963267948966,-1.5707963267948966,0.0,0.08,-0.23913158788554392,-0.11165930977224896,0.77,False,PLACE,1.6278417731409107
18.666666666666753,-0.11866833595332484,0.1381178007361295,6.238869295124743,-1.00043549460247,1.5707963267948966,-1.5707963267948966,0.0,0.08,-0.23913158788554392,-0.11165930977224896,0.77,False,PLACE,1.612916210971267
18.700000000000088,-0.11866833595332484,0.1381178007361295,6.238869295124743,-0.9337688279358034,1.5707963267948966,-1.5707963267948966,0.0,0.08,-0.23913158788554392,-0.11165930977224896,0.77,False,PLACE,1.5975071445189117
18.733333333333423,-0.11866833595332484,0.1381178007361295,6.238869295124743,-0.8671021612691368,1.5707963267948966,-1.5707963267948966,0.0,0.08,-0.23913158788554392,-0.11165930977224896,0.77,False,PLACE,1.5816699217903878
18.766666666666758,-0.11866833595332484,0.1381178007361295,6.238869295124743,-0.8004354946024701,1.5707963267948966,-1.5707963267948966,0.0,0.08,-0.23913158788554392,-0.11165930977224896,0.77,False,PLACE,1.565462995312401
18.800000000000093,-0.11866833595332484,0.1381178007361295,6.238869295124743,-0.7337688279358034,1.5707963267948966,-1.5707963267948966,0.0,0.08,-0.23913158788554392,-0.11165930977224896,0.77,False,PLACE,1.5489479099965344
18.833333333333428,-0.11866833595332484,0.1381178007361295,6.238869295124743,-0.6671021612691368,1.5707963267948966,-1.5707963267948966,0.0,0.08,-0.23913158788554392,-0.11165930977224896,0.77,False,PLACE,1.5321892736716722
18.866666666666763,-0.11866833595332484,0.1381178007361295,6.238869295124743,-0.6004354946024701,1.5707963267948966,-1.5707963267948966,0.0,0.08,-0.23913158788554392,-0.11165930977224896,0.77,False,PLACE,1.5152547059603603
18.900000000000098,-0.11866833595332484,0.1381178007361295,6.238869295124743,-0.5337688279358035,1.5707963267948966,-1.5707963267948966,0.0,0.08,-0.23913158788554392,-0.11165930977224896,0.77,False,PLACE,1.4982147605673406
18.933333333333433,-0.11866833595332484,0.1381178007361295,6.238869295124743,-0.46710216126913684,1.5707963267948966,-1.5707963267948966,0.0,0.08,-0.23913158788554392,-0.11165930977224896,0.77,False,PLACE,1.4811428154428943
18.966666666666768,-0.11866833595332484,0.1381178007361295,6.238869295124743,-0.4004354946024702,1.5707963267948966,-1.5707963267948966,0.0,0.08,-0.23913158788554392,-0.11165930977224896,0.77,False,PLACE,1.4641149247156113
19.000000000000103,-0.11866833595332484,0.1381178007361295,6.238869295124743,-0.33376882793580354,1.5707963267948966,-1.5707963267948966,0.0,0.08,-0.23913158788554392,-0.11165930977224896,0.77,False,PLACE,1.447209625806231
19.033333333333438,-0.11866833595332484,0.1381178007361295,6.238869295124743,-0.2671021612691369,1.5322226709896096,-1.5707963267948966,0.0,0.08,-0.23913158788554392,-0.11165930977224896,0.77,False,PLACE,1.430507694797186
19.066666666666773,-0.11866833595332484,0.1381178007361295,6.238869295124743,-0.20043549460247023,1.465556004322943,-1.5707963267948966,0.0,0.08,-0.23913158788554392,-0.11165930977224896,0.77,False,PLACE,1.4032012168620704
19.100000000000108,-0.11866833595332484,0.1381178007361295,6.238869295124743,-0.13376882793580358,1.3988893376562763,-1.5707963267948966,0.0,0.08,-0.23913158788554392,-0.11165930977224896,0.77,False,PLACE,1.3671518086346155
19.133333333333443,-0.11866833595332484,0.1381178007361295,6.238869295124743,-0.06710216126913691,1.3322226709896097,-1.5707963267948966,0.0,0.08,-0.23913158788554392,-0.11165930977224896,0.77,False,PLACE,1.3303612355389594
19.166666666666778,-0.11866833595332484,0.1381178007361295,6.238869295124743,-0.00043549460247024885,1.265556004322943,-1.5393871191317805,0.0,0.08,-0.23913158788554392,-0.11165930977224896,0.77,False,PLACE,1.2932957495778665
19.200000000000113,-0.11866833595332484,0.1381178007361295,6.238869295124743,0.06623117206419642,1.1988893376562764,-1.4727204524651138,0.0,0.08,-0.23913158788554392,-0.11165930977224896,0.77,False,PLACE,1.257632381881453
19.233333333333448,-0.11866833595332484,0.1381178007361295,6.238869295124743,0.13289783873086308,1.1322226709896097,-1.4060537857984472,0.0,0.08,-0.23913158788554392,-0.11165930977224896,0.77,False,PLACE,1.2230594201191152
19.266666666666783,-0.11866833595332484,0.1381178007361295,6.238869295124743,0.19956450539752973,1.065556004322943,-1.3393871191317805,0.0,0.08,-0.23913158788554392,-0.11165930977224896,0.77,False,PLACE,1.1883503257033665
19.300000000000118,-0.11866833595332484,0.1381178007361295,6.238869295124743,0.2662311720641964,0.9988893376562764,-1.272720452465114,0.0,0.08,-0.23913158788554392,-0.11165930977224896,0.77,False,PLACE,1.153973613410952
19.333333333333453,-0.11866833595332484,0.1381178007361295,6.238869295124743,0.33289783873086304,0.9322226709896098,-1.2060537857984472,0.0,0.08,-0.23913158788554392,-0.11165930977224896,0.77,False,PLACE,1.1204404296810597
19.366666666666788,-0.11866833595332484,0.1381178007361295,6.238869295124743,0.3995645053975297,0.8655560043229431,-1.1393871191317806,0.0,0.08,-0.23913158788554392,-0.11165930977224896,0.77,False,PLACE,1.0883003639409206
19.400000000000123,-0.11866833595332484,0.1381178007361295,6.238869295124743,0.44124319076588187,0.7988893376562765,-1.072720452465114,0.0,0.08,-0.23913158788554392,-0.11165930977224896,0.77,False,PLACE,1.0581337115985854
19.433333333333458,-0.11866833595332484,0.1381178007361295,6.238869295124743,0.43280852808139253,0.7322226709896098,-1.0060537857984473,0.0,0.08,-0.23913158788554392,-0.11165930977224896,0.77,False,PLACE,1.033485252737656
19.466666666666793,-0.11866833595332484,0.1381178007361295,6.238869295124743,0.4175356865293836,0.6655560043229432,-0.9393871191317806,0.0,0.08,-0.23913158788554392,-0.11165930977224896,0.77,False,PLACE,1.0161149348162362
19.500000000000128,-0.11866833595332484,0.1381178007361295,6.238869295124743,0.38740935604712856,0.5988893376562765,-0.872720452465114,0.0,0.08,-0.23913158788554392,-0.11165930977224896,0.77,False,PLACE,1.000402903389766
19.533333333333463,-0.11866833595332484,0.1381178007361295,6.238869295124743,0.3699696713133175,0.5322226709896098,-0.8060537857984473,0.0,0.08,-0.23913158788554392,-0.11165930977224896,0.77,False,PLACE,0.9880240013279108
19.566666666666798,-0.11866833595332484,0.1381178007361295,6.238869295124743,0.32862248012075446,0.4655560043229432,-0.7393871191317807,0.0,0.08,-0.23913158788554392,-0.11165930977224896,0.77,False,PLACE,0.974926456237162
19.600000000000133,-0.11866833595332484,0.1381178007361295,6.238869295124743,0.3952891467874211,0.39888933765627654,-0.672720452465114,0.0,0.08,-0.23913158788554392,-0.11165930977224896,0.77,False,PLACE,0.9679769664086907
19.633333333333468,-0.11866833595332484,0.1381178007361295,6.238869295124743,0.46195581345408776,0.3914618985270155,-0.6060537857984474,0.0,0.08,-0.23913158788554392,-0.11165930977224896,0.77,False,PLACE,0.9413202382353796
19.666666666666803,-0.11866833595332484,0.1381178007361295,6.238869295124743,0.5286224801207544,0.3853153681228463,-0.5393871191317807,0.0,0.08,-0.23913158788554392,-0.11165930977224896,0.77,False,PLACE,0.9319729875667002
19.700000000000138,-0.11866833595332484,0.1381178007361295,6.238869295124743,0.5952891467874211,0.31864870145617963,-0.552094904105326,0.0,0.08,-0.23913158788554392,-0.11165930977224896,0.77,False,PLACE,0.9275544759835868
19.733333333333473,-0.11866833595332484,0.1381178007361295,6.238869295124743,0.6619558134540877,0.251982034789513,-0.48542823743865937,0.0,0.08,-0.23913158788554392,-0.11165930977224896,0.77,False,PLACE,0.9087995393048613
19.766666666666808,-0.11866833595332484,0.1381178007361295,6.238869295124743,0.7286224801207544,0.31864870145617963,-0.552094904105326,0.0,0.08,-0.23913158788554392,-0.11165930977224896,0.77,False,PLACE,0.8987869011676395
19.800000000000143,-0.11866833595332484,0.1381178007361295,6.238869295124743,0.6619558134540877,0.251982034789513,-0.48542823743865937,0.0,0.08,-0.23913158788554392,-0.11165930977224896,0.77,False,PLACE,0.9151307659843353
19.833333333333478,-0.11866833595332484,0.1381178007361295,6.238869295124743,0.5952891467874211,0.31864870145617963,-0.552094904105326,0.0,0.08,-0.23913158788554392,-0.11165930977224896,0.77,False,PLACE,0.8987869011676395
19.866666666666813,-0.11866833595332484,0.1381178007361295,6.238869295124743,0.5286224801207544,0.3853153681228463,-0.6187615707719927,0.0,0.08,-0.23913158788554392,-0.11165930977224896,0.77,False,PLACE,0.9087995393048613
19.900000000000148,-0.11866833595332484,0.1381178007361295,6.238869295124743,0.46195581345408776,0.45198203478951293,-0.6854282374386593,0.0,0.08,-0.23913158788554392,-0.11165930977224896,0.77,False,PLACE,0.9240615368326374
19.933333333333483,-0.11866833595332484,0.1381178007361295,6.238869295124743,0.3952891467874211,0.5186487014561796,-0.752094904105326,0.0,0.08,-0.23913158788554392,-0.11165930977224896,0.77,False,PLACE,0.9441855303579252
19.966666666666818,-0.11866833595332484,0.1381178007361295,6.238869295124743,0.32862248012075446,0.5853153681228462,-0.8187615707719926,0.0,0.08,-0.23913158788554392,-0.11165930977224896,0.77,False,PLACE,0.9686673546639231
20.000000000000153,-0.11866833595332484,0.1381178007361295,6.238869295124743,0.2619558134540878,0.6519820347895129,-0.8854282374386593,0.0,0.08,-0.23913158788554392,-0.11165930977224896,0.77,False,PLACE,0.9969237036152738
20.033333333333488,-0.11866833595332484,0.1381178007361295,6.238869295124743,0.19528914678742115,0.7186487014561795,-0.9520949041053259,0.0,0.08,-0.23913158788554392,-0.11165930977224896,0.77,False,PLACE,1.02832824260591
20.066666666666823,-0.11866833595332484,0.1381178007361295,6.238869295124743,0.1286224801207545,0.7853153681228462,-1.0187615707719926,0.0,0.08,-0.23913158788554392,-0.11165930977224896,0.77,False,PLACE,1.0622423287103904
20.100000000000158,-0.11866833595332484,0.1381178007361295,6.238869295124743,0.061955813454087835,0.8519820347895128,-1.0854282374386592,0.0,0.08,-0.23913158788554392,-0.11165930977224896,0.77,False,PLACE,1.0980386256096604
20.133333333333493,-0.11866833595332484,0.1381178007361295,6.238869295124743,-0.0047108532125788305,0.9186487014561795,-1.152094904105326,0.0,0.08,-0.23913158788554392,-0.11165930977224896,0.77,False,PLACE,1.135117598744795
20.166666666666828,-0.11866833595332484,0.1381178007361295,6.238869295124743,-0.0713775198792455,0.9853153681228461,-1.2187615707719925,0.0,0.08,-0.23913158788554392,-0.11165930977224896,0.77,False,PLACE,1.1729178888925025
20.200000000000163,-0.11866833595332484,0.1381178007361295,6.238869295124743,-0.13804418654591216,1.0519820347895128,-1.2854282374386592,0.0,0.08,-0.23913158788554392,-0.11165930977224896,0.77,False,PLACE,1.2109219602563877
20.233333333333498,-0.11866833595332484,0.1381178007361295,6.238869295124743,-0.2047108532125788,1.1186487014561795,-1.3520949041053258,0.0,0.08,-0.23913158788554392,-0.11165930977224896,0.77,False,PLACE,1.2486584075993163
20.266666666666833,-0.11866833595332484,0.1381178007361295,6.238869295124743,-0.27137751987924547,1.185315368122846,-1.4187615707719925,0.0,0.08,-0.23913158788554392,-0.11165930977224896,0.77,False,PLACE,1.2857020891910265
20.300000000000168,-0.11866833595332484,0.1381178007361295,6.238869295124743,-0.3380441865459121,1.2519820347895128,-1.4854282374386591,0.0,0.08,-0.23913158788554392,-0.11165930977224896,0.77,False,PLACE,1.3216729719540825
20.333333333333503,-0.11866833595332484,0.1381178007361295,6.238869295124743,-0.40471085321257877,1.3186487014561794,-1.5520949041053258,0.0,0.08,-0.23913158788554392,-0.11165930977224896,0.77,False,PLACE,1.3562343116069964
20.366666666666838,-0.11866833595332484,0.1381178007361295,6.238869295124743,-0.4713775198792454,1.385315368122846,-1.5707963267948966,0.0,0.08,-0.23913158788554392,-0.11165930977224896,0.77,False,PLACE,1.3890905765485297
20.400000000000173,-0.11866833595332484,0.1381178007361295,6.238869295124743,-0.5380441865459121,1.4519820347895127,-1.5707963267948966,0.0,0.08,-0.23913158788554392,-0.11165930977224896,0.77,False,PLACE,1.4231300554754953
20.433333333333508,-0.11866833595332484,0.1381178007361295,6.238869295124743,-0.6047108532125788,1.5186487014561794,-1.5707963267948966,0.0,0.08,-0.23913158788554392,-0.11165930977224896,0.77,False,PLACE,1.4569180955292618
20.466666666666843,-0.11866833595332484,0.1381178007361295,6.238869295124743,-0.6713775198792454,1.5707963267948966,-1.5707963267948966,0.0,0.08,-0.23913158788554392,-0.11165930977224896,0.77,False,PLACE,1.488983299028816
20.500000000000178,-0.11866833595332484,0.1381178007361295,6.238869295124743,-0.7380441865459121,1.5707963267948966,-1.5707963267948966,0.0,0.08,-0.23913158788554392,-0.11165930977224896,0.77,False,PLACE,1.5163446542944121
20.533333333333513,-0.11866833595332484,0.1381178007361295,6.238869295124743,-0.8047108532125787,1.5707963267948966,-1.5707963267948966,0.0,0.08,-0.23913158788554392,-0.11165930977224896,0.77,False,PLACE,1.5332700259535628
20.566666666666848,-0.11866833595332484,0.1381178007361295,6.238869295124743,-0.8713775198792454,1.5707963267948966,-1.5707963267948966,0.0,0.08,-0.23913158788554392,-0.11165930977224896,0.77,False,PLACE,1.5500150407255424
20.600000000000183,-0.11866833595332484,0.1381178007361295,6.238869295124743,-0.938044186545912,1.5707963267948966,-1.5707963267948966,0.0,0.08,-0.23913158788554392,-0.11165930977224896,0.77,False,PLACE,1.5665122701135143
20.633333333333518,-0.11866833595332484,0.1381178007361295,6.238869295124743,-1.0047108532125788,1.5707963267948966,-1.5707963267948966,0.0,0.08,-0.23913158788554392,-0.11165930977224896,0.77,False,DONE,1.5665122701135143
20.666666666666853,-0.11866833595332484,0.1381178007361295,6.238869295124743,-1.0713775198792455,1.5707963267948966,-1.5707963267948966,0.0,0.08,-0.23913158788554392,-0.11165930977224896,0.77,False,DONE,1.5665122701135143
20.700000000000188,-0.11866833595332484,0.1381178007361295,6.238869295124743,-1.138044186545912,1.5707963267948966,-1.5707963267948966,0.0,0.08,-0.23913158788554392,-0.11165930977224896,0.77,False,DONE,1.5665122701135143
20.733333333333523,-0.11866833595332484,0.1381178007361295,6.238869295124743,-1.2047108532125788,1.5707963267948966,-1.5707963267948966,0.0,0.08,-0.23913158788554392,-0.11165930977224896,0.77,False,DONE,1.5665122701135143
20.766666666666858,-0.11866833595332484,0.1381178007361295,6.238869295124743,-1.2713775198792454,1.5707963267948966,-1.5707963267948966,0.0,0.08,-0.23913158788554392,-0.11165930977224896,0.77,False,DONE,1.5665122701135143
20.800000000000193,-0.11866833595332484,0.1381178007361295,6.238869295124743,-1.338044186545912,1.5707963267948966,-1.5707963267948966,0.0,0.08,-0.23913158788554392,-0.11165930977224896,0.77,False,DONE,1.5665122701135143
20.833333333333528,-0.11866833595332484,0.1381178007361295,6.238869295124743,-1.4047108532125787,1.5707963267948966,-1.5707963267948966,0.0,0.08,-0.23913158788554392,-0.11165930977224896,0.77,False,DONE,1.5665122701135143
20.866666666666863,-0.11866833595332484,0.1381178007361295,6.238869295124743,-1.4713775198792454,1.5707963267948966,-1.5707963267948966,0.0,0.08,-0.23913158788554392,-0.11165930977224896,0.77,False,DONE,1.5665122701135143
20.900000000000198,-0.11866833595332484,0.1381178007361295,6.238869295124743,-1.538044186545912,1.5707963267948966,-1.5707963267948966,0.0,0.08,-0.23913158788554392,-0.11165930977224896,0.77,False,DONE,1.5665122701135143
20.933333333333533,-0.11866833595332484,0.1381178007361295,6.238869295124743,-1.6047108532125787,1.5707963267948966,-1.5707963267948966,0.0,0.08,-0.23913158788554392,-0.11165930977224896,0.77,False,DONE,1.5665122701135143
20.966666666666868,-0.11866833595332484,0.1381178007361295,6.238869295124743,-1.6713775198792453,1.5707963267948966,-1.5707963267948966,0.0,0.08,-0.23913158788554392,-0.11165930977224896,0.77,False,DONE,1.5665122701135143
21.000000000000203,-0.11866833595332484,0.1381178007361295,6.238869295124743,-1.738044186545912,1.5707963267948966,-1.5707963267948966,0.0,0.08,-0.23913158788554392,-0.11165930977224896,0.77,False,DONE,1.5665122701135143
21.033333333333537,-0.11866833595332484,0.1381178007361295,6.238869295124743,-1.8047108532125786,1.5707963267948966,-1.5707963267948966,0.0,0.08,-0.23913158788554392,-0.11165930977224896,0.77,False,DONE,1.5665122701135143
21.066666666666872,-0.11866833595332484,0.1381178007361295,6.238869295124743,-1.8713775198792453,1.5707963267948966,-1.5707963267948966,0.0,0.08,-0.23913158788554392,-0.11165930977224896,0.77,False,DONE,1.5665122701135143
21.100000000000207,-0.11866833595332484,0.1381178007361295,6.238869295124743,-1.938044186545912,1.5707963267948966,-1.5707963267948966,0.0,0.08,-0.23913158788554392,-0.11165930977224896,0.77,False,DONE,1.5665122701135143
21.133333333333542,-0.11866833595332484,0.1381178007361295,6.238869295124743,-2.0047108532125786,1.5707963267948966,-1.5707963267948966,0.0,0.08,-0.23913158788554392,-0.11165930977224896,0.77,False,DONE,1.5665122701135143
21.166666666666877,-0.11866833595332484,0.1381178007361295,6.238869295124743,-2.0713775198792455,1.5707963267948966,-1.5707963267948966,0.0,0.08,-0.23913158788554392,-0.11165930977224896,0.77,False,DONE,1.5665122701135143
21.200000000000212,-0.11866833595332484,0.1381178007361295,6.238869295124743,-2.1380441865459123,1.5707963267948966,-1.5707963267948966,0.0,0.08,-0.23913158788554392,-0.11165930977224896,0.77,False,DONE,1.5665122701135143
21.233333333333547,-0.11866833595332484,0.1381178007361295,6.238869295124743,-2.204710853212579,1.5707963267948966,-1.5707963267948966,0.0,0.08,-0.23913158788554392,-0.11165930977224896,0.77,False,DONE,1.5665122701135143
21.266666666666882,-0.11866833595332484,0.1381178007361295,6.238869295124743,-2.271377519879246,1.5707963267948966,-1.5707963267948966,0.0,0.08,-0.23913158788554392,-0.11165930977224896,0.77,False,DONE,1.5665122701135143
21.300000000000217,-0.11866833595332484,0.1381178007361295,6.238869295124743,-2.338044186545913,1.5707963267948966,-1.5707963267948966,0.0,0.08,-0.23913158788554392,-0.11165930977224896,0.77,False,DONE,1.5665122701135143
21.333333333333552,-0.11866833595332484,0.1381178007361295,6.238869295124743,-2.40471085321258,1.5707963267948966,-1.5707963267948966,0.0,0.08,-0.23913158788554392,-0.11165930977224896,0.77,False,DONE,1.5665122701135143
21.366666666666887,-0.11866833595332484,0.1381178007361295,6.238869295124743,-2.4713775198792467,1.5707963267948966,-1.5707963267948966,0.0,0.08,-0.23913158788554392,-0.11165930977224896,0.77,False,DONE,1.5665122701135143
21.400000000000222,-0.11866833595332484,0.1381178007361295,6.238869295124743,-2.5380441865459136,1.5707963267948966,-1.5707963267948966,0.0,0.08,-0.23913158788554392,-0.11165930977224896,0.77,False,DONE,1.5665122701135143
21.433333333333557,-0.11866833595332484,0.1381178007361295,6.238869295124743,-2.6047108532125804,1.5707963267948966,-1.5707963267948966,0.0,0.08,-0.23913158788554392,-0.11165930977224896,0.77,False,DONE,1.5665122701135143
21.466666666666892,-0.11866833595332484,0.1381178007361295,6.238869295124743,-2.6713775198792473,1.5707963267948966,-1.5707963267948966,0.0,0.08,-0.23913158788554392,-0.11165930977224896,0.77,False,DONE,1.5665122701135143
21.500000000000227,-0.11866833595332484,0.1381178007361295,6.238869295124743,-2.738044186545914,1.5707963267948966,-1.5707963267948966,0.0,0.08,-0.23913158788554392,-0.11165930977224896,0.77,False,DONE,1.5665122701135143
21.533333333333562,-0.11866833595332484,0.1381178007361295,6.238869295124743,-2.804710853212581,1.5707963267948966,-1.5707963267948966,0.0,0.08,-0.23913158788554392,-0.11165930977224896,0.77,False,DONE,1.5665122701135143
21.566666666666897,-0.11866833595332484,0.1381178007361295,6.238869295124743,-2.871377519879248,1.5707963267948966,-1.5707963267948966,0.0,0.08,-0.23913158788554392,-0.11165930977224896,0.77,False,DONE,1.5665122701135143
21.600000000000232,-0.11866833595332484,0.1381178007361295,6.238869295124743,-2.938044186545915,1.5707963267948966,-1.5707963267948966,0.0,0.08,-0.23913158788554392,-0.11165930977224896,0.77,False,DONE,1.5665122701135143
21.633333333333567,-0.11866833595332484,0.1381178007361295,6.238869295124743,-3.0047108532125817,1.5707963267948966,-1.5707963267948966,0.0,0.08,-0.23913158788554392,-0.11165930977224896,0.77,False,DONE,1.5665122701135143
21.666666666666902,-0.11866833595332484,0.1381178007361295,6.238869295124743,-3.0713775198792486,1.5707963267948966,-1.5707963267948966,0.0,0.08,-0.23913158788554392,-0.11165930977224896,0.77,False,DONE,1.5665122701135143
21.700000000000237,-0.11866833595332484,0.1381178007361295,6.238869295124743,-3.1380441865459154,1.5707963267948966,-1.5707963267948966,0.0,0.08,-0.23913158788554392,-0.11165930977224896,0.77,False,DONE,1.5665122701135143
21.733333333333572,-0.11866833595332484,0.1381178007361295,6.238869295124743,-3.141592653589793,1.5707963267948966,-1.5707963267948966,0.0,0.08,-0.23913158788554392,-0.11165930977224896,0.77,False,DONE,1.5665122701135143
21.766666666666907,-0.11866833595332484,0.1381178007361295,6.238869295124743,-3.141592653589793,1.5707963267948966,-1.5707963267948966,0.0,0.08,-0.23913158788554392,-0.11165930977224896,0.77,False,DONE,1.5665122701135143
21.800000000000242,-0.11866833595332484,0.1381178007361295,6.238869295124743,-3.141592653589793,1.5707963267948966,-1.5707963267948966,0.0,0.08,-0.23913158788554392,-0.11165930977224896,0.77,False,DONE,1.5665122701135143
21.833333333333577,-0.11866833595332484,0.1381178007361295,6.238869295124743,-3.141592653589793,1.5707963267948966,-1.5707963267948966,0.0,0.08,-0.23913158788554392,-0.11165930977224896,0.77,False,DONE,1.5665122701135143
21.866666666666912,-0.11866833595332484,0.1381178007361295,6.238869295124743,-3.141592653589793,1.5707963267948966,-1.5707963267948966,0.0,0.08,-0.23913158788554392,-0.11165930977224896,0.77,False,DONE,1.5665122701135143
21.900000000000247,-0.11866833595332484,0.1381178007361295,6.238869295124743,-3.141592653589793,1.5707963267948966,-1.5707963267948966,0.0,0.08,-0.23913158788554392,-0.11165930977224896,0.77,False,DONE,1.5665122701135143
21.933333333333582,-0.11866833595332484,0.1381178007361295,6.238869295124743,-3.141592653589793,1.5707963267948966,-1.5707963267948966,0.0,0.08,-0.23913158788554392,-0.11165930977224896,0.77,False,DONE,1.5665122701135143
21.966666666666917,-0.11866833595332484,0.1381178007361295,6.238869295124743,-3.141592653589793,1.5707963267948966,-1.5707963267948966,0.0,0.08,-0.23913158788554392,-0.11165930977224896,0.77,False,DONE,1.5665122701135143
22.000000000000252,-0.11866833595332484,0.1381178007361295,6.238869295124743,-3.141592653589793,1.5707963267948966,-1.5707963267948966,0.0,0.08,-0.23913158788554392,-0.11165930977224896,0.77,False,DONE,1.5665122701135143
22.033333333333587,-0.11866833595332484,0.1381178007361295,6.238869295124743,-3.141592653589793,1.5707963267948966,-1.5707963267948966,0.0,0.08,-0.23913158788554392,-0.11165930977224896,0.77,False,DONE,1.5665122701135143
22.066666666666922,-0.11866833595332484,0.1381178007361295,6.238869295124743,-3.141592653589793,1.5707963267948966,-1.5707963267948966,0.0,0.08,-0.23913158788554392,-0.11165930977224896,0.77,False,DONE,1.5665122701135143
22.100000000000257,-0.11866833595332484,0.1381178007361295,6.238869295124743,-3.141592653589793,1.5707963267948966,-1.5707963267948966,0.0,0.08,-0.23913158788554392,-0.11165930977224896,0.77,False,DONE,1.5665122701135143
22.133333333333592,-0.11866833595332484,0.1381178007361295,6.238869295124743,-3.141592653589793,1.5707963267948966,-1.5707963267948966,0.0,0.08,-0.23913158788554392,-0.11165930977224896,0.77,False,DONE,1.5665122701135143
22.166666666666927,-0.11866833595332484,0.1381178007361295,6.238869295124743,-3.141592653589793,1.5707963267948966,-1.5707963267948966,0.0,0.08,-0.23913158788554392,-0.11165930977224896,0.77,False,DONE,1.5665122701135143
22.200000000000262,-0.11866833595332484,0.1381178007361295,6.238869295124743,-3.141592653589793,1.5707963267948966,-1.5707963267948966,0.0,0.08,-0.23913158788554392,-0.11165930977224896,0.77,False,DONE,1.5665122701135143
22.233333333333597,-0.11866833595332484,0.1381178007361295,6.238869295124743,-3.141592653589793,1.5707963267948966,-1.5707963267948966,0.0,0.08,-0.23913158788554392,-0.11165930977224896,0.77,False,DONE,1.5665122701135143
22.266666666666932,-0.11866833595332484,0.1381178007361295,6.238869295124743,-3.141592653589793,1.5707963267948966,-1.5707963267948966,0.0,0.08,-0.23913158788554392,-0.11165930977224896,0.77,False,DONE,1.5665122701135143
22.300000000000267,-0.11866833595332484,0.1381178007361295,6.238869295124743,-3.141592653589793,1.5707963267948966,-1.5707963267948966,0.0,0.08,-0.23913158788554392,-0.11165930977224896,0.77,False,DONE,1.5665122701135143
22.333333333333602,-0.11866833595332484,0.1381178007361295,6.238869295124743,-3.141592653589793,1.5707963267948966,-1.5707963267948966,0.0,0.08,-0.23913158788554392,-0.11165930977224896,0.77,False,DONE,1.5665122701135143
22.366666666666937,-0.11866833595332484,0.1381178007361295,6.238869295124743,-3.141592653589793,1.5707963267948966,-1.5707963267948966,0.0,0.08,-0.23913158788554392,-0.11165930977224896,0.77,False,DONE,1.5665122701135143
22.400000000000272,-0.11866833595332484,0.1381178007361295,6.238869295124743,-3.141592653589793,1.5707963267948966,-1.5707963267948966,0.0,0.08,-0.23913158788554392,-0.11165930977224896,0.77,False,DONE,1.5665122701135143
22.433333333333607,-0.11866833595332484,0.1381178007361295,6.238869295124743,-3.141592653589793,1.5707963267948966,-1.5707963267948966,0.0,0.08,-0.23913158788554392,-0.11165930977224896,0.77,False,DONE,1.5665122701135143
22.466666666666942,-0.11866833595332484,0.1381178007361295,6.238869295124743,-3.141592653589793,1.5707963267948966,-1.5707963267948966,0.0,0.08,-0.23913158788554392,-0.11165930977224896,0.77,False,DONE,1.5665122701135143
22.500000000000277,-0.11866833595332484,0.1381178007361295,6.238869295124743,-3.141592653589793,1.5707963267948966,-1.5707963267948966,0.0,0.08,-0.23913158788554392,-0.11165930977224896,0.77,False,DONE,1.5665122701135143
22.533333333333612,-0.11866833595332484,0.1381178007361295,6.238869295124743,-3.141592653589793,1.5707963267948966,-1.5707963267948966,0.0,0.08,-0.23913158788554392,-0.11165930977224896,0.77,False,DONE,1.5665122701135143
22.566666666666947,-0.11866833595332484,0.1381178007361295,6.238869295124743,-3.141592653589793,1.5707963267948966,-1.5707963267948966,0.0,0.08,-0.23913158788554392,-0.11165930977224896,0.77,False,DONE,1.5665122701135143
22.600000000000282,-0.11866833595332484,0.1381178007361295,6.238869295124743,-3.141592653589793,1.5707963267948966,-1.5707963267948966,0.0,0.08,-0.23913158788554392,-0.11165930977224896,0.77,False,DONE,1.5665122701135143
22.633333333333617,-0.11866833595332484,0.1381178007361295,6.238869295124743,-3.141592653589793,1.5707963267948966,-1.5707963267948966,0.0,0.08,-0.23913158788554392,-0.11165930977224896,0.77,False,DONE,1.5665122701135143
22.666666666666952,-0.11866833595332484,0.1381178007361295,6.238869295124743,-3.141592653589793,1.5707963267948966,-1.5707963267948966,0.0,0.08,-0.23913158788554392,-0.11165930977224896,0.77,False,DONE,1.5665122701135143
22.700000000000287,-0.11866833595332484,0.1381178007361295,6.238869295124743,-3.141592653589793,1.5707963267948966,-1.5707963267948966,0.0,0.08,-0.23913158788554392,-0.11165930977224896,0.77,False,DONE,1.5665122701135143
22.733333333333622,-0.11866833595332484,0.1381178007361295,6.238869295124743,-3.141592653589793,1.5707963267948966,-1.5707963267948966,0.0,0.08,-0.23913158788554392,-0.11165930977224896,0.77,False,DONE,1.5665122701135143
22.766666666666957,-0.11866833595332484,0.1381178007361295,6.238869295124743,-3.141592653589793,1.5707963267948966,-1.5707963267948966,0.0,0.08,-0.23913158788554392,-0.11165930977224896,0.77,False,DONE,1.5665122701135143
22.800000000000292,-0.11866833595332484,0.1381178007361295,6.238869295124743,-3.141592653589793,1.5707963267948966,-1.5707963267948966,0.0,0.08,-0.23913158788554392,-0.11165930977224896,0.77,False,DONE,1.5665122701135143
22.833333333333627,-0.11866833595332484,0.1381178007361295,6.238869295124743,-3.141592653589793,1.5707963267948966,-1.5707963267948966,0.0,0.08,-0.23913158788554392,-0.11165930977224896,0.77,False,DONE,1.5665122701135143
22.866666666666962,-0.11866833595332484,0.1381178007361295,6.238869295124743,-3.141592653589793,1.5707963267948966,-1.5707963267948966,0.0,0.08,-0.23913158788554392,-0.11165930977224896,0.77,False,DONE,1.5665122701135143
22.900000000000297,-0.11866833595332484,0.1381178007361295,6.238869295124743,-3.141592653589793,1.5707963267948966,-1.5707963267948966,0.0,0.08,-0.23913158788554392,-0.11165930977224896,0.77,False,DONE,1.5665122701135143
22.933333333333632,-0.11866833595332484,0.1381178007361295,6.238869295124743,-3.141592653589793,1.5707963267948966,-1.5707963267948966,0.0,0.08,-0.23913158788554392,-0.11165930977224896,0.77,False,DONE,1.5665122701135143
22.966666666666967,-0.11866833595332484,0.1381178007361295,6.238869295124743,-3.141592653589793,1.5707963267948966,-1.5707963267948966,0.0,0.08,-0.23913158788554392,-0.11165930977224896,0.77,False,DONE,1.5665122701135143
