2026-04-21 10:44:40,425 INFO  Logger.cs: 70 - 
--------------------------------------------------------------------------------
2026-04-21 10:44:40,446 INFO  Logger.cs: 71 - Logging commencing for SW2URDF exporter
2026-04-21 10:44:40,446 INFO  Logger.cs: 73 - Commit version 1.6.0-4-g7f85cfe
2026-04-21 10:44:40,447 INFO  Logger.cs: 74 - Build version 1.6.7995.38578
2026-04-21 10:44:40,448 INFO  SwAddin.cs: 192 - Attempting to connect to SW
2026-04-21 10:44:40,449 INFO  SwAddin.cs: 197 - Setting up callbacks
2026-04-21 10:44:40,449 INFO  SwAddin.cs: 201 - Setting up command manager
2026-04-21 10:44:40,450 INFO  SwAddin.cs: 204 - Adding command manager
2026-04-21 10:44:40,451 INFO  SwAddin.cs: 263 - Adding Assembly export to file menu
2026-04-21 10:44:40,452 INFO  SwAddin.cs: 272 - Adding Part export to file menu
2026-04-21 10:44:40,452 INFO  SwAddin.cs: 210 - Adding event handlers
2026-04-21 10:44:40,454 INFO  SwAddin.cs: 217 - Connecting plugin to SolidWorks
2026-04-21 12:23:15,465 INFO  SwAddin.cs: 294 - Assembly export called for file UiRS.1 - Object Transpot Robot Arm.SLDASM
2026-04-21 12:23:18,514 INFO  SwAddin.cs: 313 - Saving assembly
2026-04-21 12:23:19,159 INFO  SwAddin.cs: 316 - Opening property manager
2026-04-21 12:23:19,198 INFO  ExportHelperExtension.cs: 1125 - Retrieving features of type [CoordSys] from UiRS.1 - Object Transpot Robot Arm.SLDASM
2026-04-21 12:23:19,213 INFO  ExportHelperExtension.cs: 1136 - Found 174 in UiRS.1 - Object Transpot Robot Arm.SLDASM
2026-04-21 12:23:19,216 INFO  ExportHelperExtension.cs: 1145 - Found 2 features of type [CoordSys] in UiRS.1 - Object Transpot Robot Arm.SLDASM
2026-04-21 12:23:19,216 INFO  ExportHelperExtension.cs: 1148 - Proceeding through assembly components
2026-04-21 12:23:19,219 INFO  ExportHelperExtension.cs: 1160 - 35 components to check
2026-04-21 12:23:19,222 INFO  ExportHelperExtension.cs: 1125 - Retrieving features of type [CoordSys] from [Fix 7] 1.Rev - Casis Base Servo-1
2026-04-21 12:23:19,223 INFO  ExportHelperExtension.cs: 1136 - Found 25 in [Fix 7] 1.Rev - Casis Base Servo-1
2026-04-21 12:23:19,223 INFO  ExportHelperExtension.cs: 1145 - Found 0 features of type [CoordSys] in [Fix 7] 1.Rev - Casis Base Servo-1
2026-04-21 12:23:19,223 INFO  ExportHelperExtension.cs: 1125 - Retrieving features of type [CoordSys] from [Fix 7] 1.Rev - Casis Link to Body-1
2026-04-21 12:23:19,224 INFO  ExportHelperExtension.cs: 1136 - Found 25 in [Fix 7] 1.Rev - Casis Link to Body-1
2026-04-21 12:23:19,224 INFO  ExportHelperExtension.cs: 1145 - Found 0 features of type [CoordSys] in [Fix 7] 1.Rev - Casis Link to Body-1
2026-04-21 12:23:19,224 INFO  ExportHelperExtension.cs: 1125 - Retrieving features of type [CoordSys] from [Fix 7] 1.Rev - Lipo Case Base-1
2026-04-21 12:23:19,225 INFO  ExportHelperExtension.cs: 1136 - Found 25 in [Fix 7] 1.Rev - Lipo Case Base-1
2026-04-21 12:23:19,225 INFO  ExportHelperExtension.cs: 1145 - Found 0 features of type [CoordSys] in [Fix 7] 1.Rev - Lipo Case Base-1
2026-04-21 12:23:19,226 INFO  ExportHelperExtension.cs: 1125 - Retrieving features of type [CoordSys] from [Fix 7] 1.Rev - Lipo Case Base-2
2026-04-21 12:23:19,226 INFO  ExportHelperExtension.cs: 1136 - Found 25 in [Fix 7] 1.Rev - Lipo Case Base-2
2026-04-21 12:23:19,227 INFO  ExportHelperExtension.cs: 1145 - Found 0 features of type [CoordSys] in [Fix 7] 1.Rev - Lipo Case Base-2
2026-04-21 12:23:19,227 INFO  ExportHelperExtension.cs: 1125 - Retrieving features of type [CoordSys] from [unv] Spacer Logam 25 mm-1
2026-04-21 12:23:19,227 INFO  ExportHelperExtension.cs: 1136 - Found 25 in [unv] Spacer Logam 25 mm-1
2026-04-21 12:23:19,228 INFO  ExportHelperExtension.cs: 1145 - Found 0 features of type [CoordSys] in [unv] Spacer Logam 25 mm-1
2026-04-21 12:23:19,228 INFO  ExportHelperExtension.cs: 1125 - Retrieving features of type [CoordSys] from [unv] Gearbox Kuning Type L-3
2026-04-21 12:23:19,228 INFO  ExportHelperExtension.cs: 1136 - Found 25 in [unv] Gearbox Kuning Type L-3
2026-04-21 12:23:19,229 INFO  ExportHelperExtension.cs: 1145 - Found 0 features of type [CoordSys] in [unv] Gearbox Kuning Type L-3
2026-04-21 12:23:19,229 INFO  ExportHelperExtension.cs: 1125 - Retrieving features of type [CoordSys] from [Fix 7] 1.Rev - Lipo Case Link-1
2026-04-21 12:23:19,229 INFO  ExportHelperExtension.cs: 1136 - Found 25 in [Fix 7] 1.Rev - Lipo Case Link-1
2026-04-21 12:23:19,230 INFO  ExportHelperExtension.cs: 1145 - Found 0 features of type [CoordSys] in [Fix 7] 1.Rev - Lipo Case Link-1
2026-04-21 12:23:19,230 INFO  ExportHelperExtension.cs: 1125 - Retrieving features of type [CoordSys] from [unv] Gearbox Kuning Type L-2
2026-04-21 12:23:19,230 INFO  ExportHelperExtension.cs: 1136 - Found 25 in [unv] Gearbox Kuning Type L-2
2026-04-21 12:23:19,231 INFO  ExportHelperExtension.cs: 1145 - Found 0 features of type [CoordSys] in [unv] Gearbox Kuning Type L-2
2026-04-21 12:23:19,231 INFO  ExportHelperExtension.cs: 1125 - Retrieving features of type [CoordSys] from [Fix 7] 1.Rev - Lipo Case Link-3
2026-04-21 12:23:19,231 INFO  ExportHelperExtension.cs: 1136 - Found 25 in [Fix 7] 1.Rev - Lipo Case Link-3
2026-04-21 12:23:19,232 INFO  ExportHelperExtension.cs: 1145 - Found 0 features of type [CoordSys] in [Fix 7] 1.Rev - Lipo Case Link-3
2026-04-21 12:23:19,232 INFO  ExportHelperExtension.cs: 1125 - Retrieving features of type [CoordSys] from [unv] Gearbox Kuning Type L-1
2026-04-21 12:23:19,232 INFO  ExportHelperExtension.cs: 1136 - Found 25 in [unv] Gearbox Kuning Type L-1
2026-04-21 12:23:19,233 INFO  ExportHelperExtension.cs: 1145 - Found 0 features of type [CoordSys] in [unv] Gearbox Kuning Type L-1
2026-04-21 12:23:19,233 INFO  ExportHelperExtension.cs: 1125 - Retrieving features of type [CoordSys] from [unv] Gearbox Kuning Type L-4
2026-04-21 12:23:19,234 INFO  ExportHelperExtension.cs: 1136 - Found 25 in [unv] Gearbox Kuning Type L-4
2026-04-21 12:23:19,234 INFO  ExportHelperExtension.cs: 1145 - Found 0 features of type [CoordSys] in [unv] Gearbox Kuning Type L-4
2026-04-21 12:23:19,235 INFO  ExportHelperExtension.cs: 1125 - Retrieving features of type [CoordSys] from [Fix 7] 1.Rev - Lipo Case Link-2
2026-04-21 12:23:19,235 INFO  ExportHelperExtension.cs: 1136 - Found 25 in [Fix 7] 1.Rev - Lipo Case Link-2
2026-04-21 12:23:19,236 INFO  ExportHelperExtension.cs: 1145 - Found 0 features of type [CoordSys] in [Fix 7] 1.Rev - Lipo Case Link-2
2026-04-21 12:23:19,236 INFO  ExportHelperExtension.cs: 1125 - Retrieving features of type [CoordSys] from [Fix 7] 1.Rev - Lipo Case Link-4
2026-04-21 12:23:19,332 INFO  ExportHelperExtension.cs: 1136 - Found 25 in [Fix 7] 1.Rev - Lipo Case Link-4
2026-04-21 12:23:19,332 INFO  ExportHelperExtension.cs: 1145 - Found 0 features of type [CoordSys] in [Fix 7] 1.Rev - Lipo Case Link-4
2026-04-21 12:23:19,333 INFO  ExportHelperExtension.cs: 1125 - Retrieving features of type [CoordSys] from cameraholder-1
2026-04-21 12:23:19,333 INFO  ExportHelperExtension.cs: 1136 - Found 52 in cameraholder-1
2026-04-21 12:23:19,334 INFO  ExportHelperExtension.cs: 1145 - Found 0 features of type [CoordSys] in cameraholder-1
2026-04-21 12:23:19,334 INFO  ExportHelperExtension.cs: 1125 - Retrieving features of type [CoordSys] from [unv] - L298N Motor Driver (Red)-1
2026-04-21 12:23:19,334 INFO  ExportHelperExtension.cs: 1136 - Found 25 in [unv] - L298N Motor Driver (Red)-1
2026-04-21 12:23:19,335 INFO  ExportHelperExtension.cs: 1145 - Found 0 features of type [CoordSys] in [unv] - L298N Motor Driver (Red)-1
2026-04-21 12:23:19,335 INFO  ExportHelperExtension.cs: 1125 - Retrieving features of type [CoordSys] from Omni_Wheel_12mm_Hex_Mod1-1
2026-04-21 12:23:19,335 INFO  ExportHelperExtension.cs: 1136 - Found 25 in Omni_Wheel_12mm_Hex_Mod1-1
2026-04-21 12:23:19,336 INFO  ExportHelperExtension.cs: 1145 - Found 0 features of type [CoordSys] in Omni_Wheel_12mm_Hex_Mod1-1
2026-04-21 12:23:19,336 INFO  ExportHelperExtension.cs: 1125 - Retrieving features of type [CoordSys] from Omni_Wheel_12mm_Hex_Mod1-4
2026-04-21 12:23:19,336 INFO  ExportHelperExtension.cs: 1136 - Found 25 in Omni_Wheel_12mm_Hex_Mod1-4
2026-04-21 12:23:19,337 INFO  ExportHelperExtension.cs: 1145 - Found 0 features of type [CoordSys] in Omni_Wheel_12mm_Hex_Mod1-4
2026-04-21 12:23:19,337 INFO  ExportHelperExtension.cs: 1125 - Retrieving features of type [CoordSys] from cameraholder2-1
2026-04-21 12:23:19,337 INFO  ExportHelperExtension.cs: 1136 - Found 37 in cameraholder2-1
2026-04-21 12:23:19,338 INFO  ExportHelperExtension.cs: 1145 - Found 0 features of type [CoordSys] in cameraholder2-1
2026-04-21 12:23:19,338 INFO  ExportHelperExtension.cs: 1125 - Retrieving features of type [CoordSys] from [unv] Spacer Logam 25 mm-2
2026-04-21 12:23:19,338 INFO  ExportHelperExtension.cs: 1136 - Found 25 in [unv] Spacer Logam 25 mm-2
2026-04-21 12:23:19,339 INFO  ExportHelperExtension.cs: 1145 - Found 0 features of type [CoordSys] in [unv] Spacer Logam 25 mm-2
2026-04-21 12:23:19,339 INFO  ExportHelperExtension.cs: 1125 - Retrieving features of type [CoordSys] from [unv] Spacer Logam 25 mm-3
2026-04-21 12:23:19,339 INFO  ExportHelperExtension.cs: 1136 - Found 25 in [unv] Spacer Logam 25 mm-3
2026-04-21 12:23:19,340 INFO  ExportHelperExtension.cs: 1145 - Found 0 features of type [CoordSys] in [unv] Spacer Logam 25 mm-3
2026-04-21 12:23:19,341 INFO  ExportHelperExtension.cs: 1125 - Retrieving features of type [CoordSys] from [unv] Spacer Logam 25 mm-4
2026-04-21 12:23:19,341 INFO  ExportHelperExtension.cs: 1136 - Found 25 in [unv] Spacer Logam 25 mm-4
2026-04-21 12:23:19,342 INFO  ExportHelperExtension.cs: 1145 - Found 0 features of type [CoordSys] in [unv] Spacer Logam 25 mm-4
2026-04-21 12:23:19,342 INFO  ExportHelperExtension.cs: 1125 - Retrieving features of type [CoordSys] from [Fix 7] 1.Rev.1 - Assem2-1
2026-04-21 12:23:19,343 INFO  ExportHelperExtension.cs: 1136 - Found 67 in [Fix 7] 1.Rev.1 - Assem2-1
2026-04-21 12:23:19,345 INFO  ExportHelperExtension.cs: 1145 - Found 0 features of type [CoordSys] in [Fix 7] 1.Rev.1 - Assem2-1
2026-04-21 12:23:19,345 INFO  ExportHelperExtension.cs: 1125 - Retrieving features of type [CoordSys] from Omni_Wheel_12mm_Hex_Mod1-2
2026-04-21 12:23:19,345 INFO  ExportHelperExtension.cs: 1136 - Found 25 in Omni_Wheel_12mm_Hex_Mod1-2
2026-04-21 12:23:19,346 INFO  ExportHelperExtension.cs: 1145 - Found 0 features of type [CoordSys] in Omni_Wheel_12mm_Hex_Mod1-2
2026-04-21 12:23:19,346 INFO  ExportHelperExtension.cs: 1125 - Retrieving features of type [CoordSys] from Omni_Wheel_12mm_Hex_Mod1-3
2026-04-21 12:23:19,346 INFO  ExportHelperExtension.cs: 1136 - Found 25 in Omni_Wheel_12mm_Hex_Mod1-3
2026-04-21 12:23:19,347 INFO  ExportHelperExtension.cs: 1145 - Found 0 features of type [CoordSys] in Omni_Wheel_12mm_Hex_Mod1-3
2026-04-21 12:23:19,347 INFO  ExportHelperExtension.cs: 1125 - Retrieving features of type [CoordSys] from [Fix 7] 1.Rev - Casis Samping Utama-1
2026-04-21 12:23:19,347 INFO  ExportHelperExtension.cs: 1136 - Found 25 in [Fix 7] 1.Rev - Casis Samping Utama-1
2026-04-21 12:23:19,348 INFO  ExportHelperExtension.cs: 1145 - Found 0 features of type [CoordSys] in [Fix 7] 1.Rev - Casis Samping Utama-1
2026-04-21 12:23:19,348 INFO  ExportHelperExtension.cs: 1125 - Retrieving features of type [CoordSys] from [Fix 7] 1.Rev - Casis Link Samping to Depan-1
2026-04-21 12:23:19,348 INFO  ExportHelperExtension.cs: 1136 - Found 25 in [Fix 7] 1.Rev - Casis Link Samping to Depan-1
2026-04-21 12:23:19,349 INFO  ExportHelperExtension.cs: 1145 - Found 0 features of type [CoordSys] in [Fix 7] 1.Rev - Casis Link Samping to Depan-1
2026-04-21 12:23:19,349 INFO  ExportHelperExtension.cs: 1125 - Retrieving features of type [CoordSys] from [Fix 7] 1.Rev - Casis Link Samping to Depan-2
2026-04-21 12:23:19,349 INFO  ExportHelperExtension.cs: 1136 - Found 25 in [Fix 7] 1.Rev - Casis Link Samping to Depan-2
2026-04-21 12:23:19,349 INFO  ExportHelperExtension.cs: 1145 - Found 0 features of type [CoordSys] in [Fix 7] 1.Rev - Casis Link Samping to Depan-2
2026-04-21 12:23:19,351 INFO  ExportHelperExtension.cs: 1125 - Retrieving features of type [CoordSys] from [Fix 7] 1.Rev - Casis Depan Belakang-1
2026-04-21 12:23:19,351 INFO  ExportHelperExtension.cs: 1136 - Found 25 in [Fix 7] 1.Rev - Casis Depan Belakang-1
2026-04-21 12:23:19,352 INFO  ExportHelperExtension.cs: 1145 - Found 0 features of type [CoordSys] in [Fix 7] 1.Rev - Casis Depan Belakang-1
2026-04-21 12:23:19,352 INFO  ExportHelperExtension.cs: 1125 - Retrieving features of type [CoordSys] from [Fix 7] 1.Rev - Casis Link Samping to Depan-3
2026-04-21 12:23:19,352 INFO  ExportHelperExtension.cs: 1136 - Found 25 in [Fix 7] 1.Rev - Casis Link Samping to Depan-3
2026-04-21 12:23:19,353 INFO  ExportHelperExtension.cs: 1145 - Found 0 features of type [CoordSys] in [Fix 7] 1.Rev - Casis Link Samping to Depan-3
2026-04-21 12:23:19,353 INFO  ExportHelperExtension.cs: 1125 - Retrieving features of type [CoordSys] from [Fix 7] 1.Rev - Casis Link Samping to Depan-4
2026-04-21 12:23:19,353 INFO  ExportHelperExtension.cs: 1136 - Found 25 in [Fix 7] 1.Rev - Casis Link Samping to Depan-4
2026-04-21 12:23:19,354 INFO  ExportHelperExtension.cs: 1145 - Found 0 features of type [CoordSys] in [Fix 7] 1.Rev - Casis Link Samping to Depan-4
2026-04-21 12:23:19,354 INFO  ExportHelperExtension.cs: 1125 - Retrieving features of type [CoordSys] from [Fix 7] 1.Rev - Casis Depan Belakang-2
2026-04-21 12:23:19,355 INFO  ExportHelperExtension.cs: 1136 - Found 25 in [Fix 7] 1.Rev - Casis Depan Belakang-2
2026-04-21 12:23:19,356 INFO  ExportHelperExtension.cs: 1145 - Found 0 features of type [CoordSys] in [Fix 7] 1.Rev - Casis Depan Belakang-2
2026-04-21 12:23:19,356 INFO  ExportHelperExtension.cs: 1125 - Retrieving features of type [CoordSys] from [Fix 7] 1.Rev - Casis Link to Body-2
2026-04-21 12:23:19,357 INFO  ExportHelperExtension.cs: 1136 - Found 25 in [Fix 7] 1.Rev - Casis Link to Body-2
2026-04-21 12:23:19,357 INFO  ExportHelperExtension.cs: 1145 - Found 0 features of type [CoordSys] in [Fix 7] 1.Rev - Casis Link to Body-2
2026-04-21 12:23:19,358 INFO  ExportHelperExtension.cs: 1125 - Retrieving features of type [CoordSys] from [Fix 7] 1.Rev - Casis Samping Tambahan 2 mm-1
2026-04-21 12:23:19,358 INFO  ExportHelperExtension.cs: 1136 - Found 25 in [Fix 7] 1.Rev - Casis Samping Tambahan 2 mm-1
2026-04-21 12:23:19,359 INFO  ExportHelperExtension.cs: 1145 - Found 0 features of type [CoordSys] in [Fix 7] 1.Rev - Casis Samping Tambahan 2 mm-1
2026-04-21 12:23:19,359 INFO  ExportHelperExtension.cs: 1125 - Retrieving features of type [CoordSys] from [Fix 7] 1.Rev - Casis Samping Tambahan 2 mm-2
2026-04-21 12:23:19,359 INFO  ExportHelperExtension.cs: 1136 - Found 25 in [Fix 7] 1.Rev - Casis Samping Tambahan 2 mm-2
2026-04-21 12:23:19,360 INFO  ExportHelperExtension.cs: 1145 - Found 0 features of type [CoordSys] in [Fix 7] 1.Rev - Casis Samping Tambahan 2 mm-2
2026-04-21 12:23:19,360 INFO  ExportHelperExtension.cs: 1125 - Retrieving features of type [CoordSys] from [Fix 7] 1.Rev - Casis Samping Utama-2
2026-04-21 12:23:19,360 INFO  ExportHelperExtension.cs: 1136 - Found 25 in [Fix 7] 1.Rev - Casis Samping Utama-2
2026-04-21 12:23:19,361 INFO  ExportHelperExtension.cs: 1145 - Found 0 features of type [CoordSys] in [Fix 7] 1.Rev - Casis Samping Utama-2
2026-04-21 12:23:19,362 INFO  ExportHelperExtension.cs: 1125 - Retrieving features of type [RefAxis] from UiRS.1 - Object Transpot Robot Arm.SLDASM
2026-04-21 12:23:19,362 INFO  ExportHelperExtension.cs: 1136 - Found 174 in UiRS.1 - Object Transpot Robot Arm.SLDASM
2026-04-21 12:23:19,363 INFO  ExportHelperExtension.cs: 1145 - Found 8 features of type [RefAxis] in UiRS.1 - Object Transpot Robot Arm.SLDASM
2026-04-21 12:23:19,363 INFO  ExportHelperExtension.cs: 1148 - Proceeding through assembly components
2026-04-21 12:23:19,363 INFO  ExportHelperExtension.cs: 1160 - 35 components to check
2026-04-21 12:23:19,364 INFO  ExportHelperExtension.cs: 1125 - Retrieving features of type [RefAxis] from [Fix 7] 1.Rev - Casis Base Servo-1
2026-04-21 12:23:19,364 INFO  ExportHelperExtension.cs: 1136 - Found 25 in [Fix 7] 1.Rev - Casis Base Servo-1
2026-04-21 12:23:19,364 INFO  ExportHelperExtension.cs: 1145 - Found 0 features of type [RefAxis] in [Fix 7] 1.Rev - Casis Base Servo-1
2026-04-21 12:23:19,365 INFO  ExportHelperExtension.cs: 1125 - Retrieving features of type [RefAxis] from [Fix 7] 1.Rev - Casis Link to Body-1
2026-04-21 12:23:19,365 INFO  ExportHelperExtension.cs: 1136 - Found 25 in [Fix 7] 1.Rev - Casis Link to Body-1
2026-04-21 12:23:19,365 INFO  ExportHelperExtension.cs: 1145 - Found 0 features of type [RefAxis] in [Fix 7] 1.Rev - Casis Link to Body-1
2026-04-21 12:23:19,365 INFO  ExportHelperExtension.cs: 1125 - Retrieving features of type [RefAxis] from [Fix 7] 1.Rev - Lipo Case Base-1
2026-04-21 12:23:19,366 INFO  ExportHelperExtension.cs: 1136 - Found 25 in [Fix 7] 1.Rev - Lipo Case Base-1
2026-04-21 12:23:19,366 INFO  ExportHelperExtension.cs: 1145 - Found 0 features of type [RefAxis] in [Fix 7] 1.Rev - Lipo Case Base-1
2026-04-21 12:23:19,366 INFO  ExportHelperExtension.cs: 1125 - Retrieving features of type [RefAxis] from [Fix 7] 1.Rev - Lipo Case Base-2
2026-04-21 12:23:19,367 INFO  ExportHelperExtension.cs: 1136 - Found 25 in [Fix 7] 1.Rev - Lipo Case Base-2
2026-04-21 12:23:19,367 INFO  ExportHelperExtension.cs: 1145 - Found 0 features of type [RefAxis] in [Fix 7] 1.Rev - Lipo Case Base-2
2026-04-21 12:23:19,367 INFO  ExportHelperExtension.cs: 1125 - Retrieving features of type [RefAxis] from [unv] Spacer Logam 25 mm-1
2026-04-21 12:23:19,368 INFO  ExportHelperExtension.cs: 1136 - Found 25 in [unv] Spacer Logam 25 mm-1
2026-04-21 12:23:19,368 INFO  ExportHelperExtension.cs: 1145 - Found 0 features of type [RefAxis] in [unv] Spacer Logam 25 mm-1
2026-04-21 12:23:19,368 INFO  ExportHelperExtension.cs: 1125 - Retrieving features of type [RefAxis] from [unv] Gearbox Kuning Type L-3
2026-04-21 12:23:19,369 INFO  ExportHelperExtension.cs: 1136 - Found 25 in [unv] Gearbox Kuning Type L-3
2026-04-21 12:23:19,369 INFO  ExportHelperExtension.cs: 1145 - Found 0 features of type [RefAxis] in [unv] Gearbox Kuning Type L-3
2026-04-21 12:23:19,369 INFO  ExportHelperExtension.cs: 1125 - Retrieving features of type [RefAxis] from [Fix 7] 1.Rev - Lipo Case Link-1
2026-04-21 12:23:19,370 INFO  ExportHelperExtension.cs: 1136 - Found 25 in [Fix 7] 1.Rev - Lipo Case Link-1
2026-04-21 12:23:19,370 INFO  ExportHelperExtension.cs: 1145 - Found 0 features of type [RefAxis] in [Fix 7] 1.Rev - Lipo Case Link-1
2026-04-21 12:23:19,371 INFO  ExportHelperExtension.cs: 1125 - Retrieving features of type [RefAxis] from [unv] Gearbox Kuning Type L-2
2026-04-21 12:23:19,371 INFO  ExportHelperExtension.cs: 1136 - Found 25 in [unv] Gearbox Kuning Type L-2
2026-04-21 12:23:19,371 INFO  ExportHelperExtension.cs: 1145 - Found 0 features of type [RefAxis] in [unv] Gearbox Kuning Type L-2
2026-04-21 12:23:19,372 INFO  ExportHelperExtension.cs: 1125 - Retrieving features of type [RefAxis] from [Fix 7] 1.Rev - Lipo Case Link-3
2026-04-21 12:23:19,372 INFO  ExportHelperExtension.cs: 1136 - Found 25 in [Fix 7] 1.Rev - Lipo Case Link-3
2026-04-21 12:23:19,373 INFO  ExportHelperExtension.cs: 1145 - Found 0 features of type [RefAxis] in [Fix 7] 1.Rev - Lipo Case Link-3
2026-04-21 12:23:19,373 INFO  ExportHelperExtension.cs: 1125 - Retrieving features of type [RefAxis] from [unv] Gearbox Kuning Type L-1
2026-04-21 12:23:19,373 INFO  ExportHelperExtension.cs: 1136 - Found 25 in [unv] Gearbox Kuning Type L-1
2026-04-21 12:23:19,375 INFO  ExportHelperExtension.cs: 1145 - Found 0 features of type [RefAxis] in [unv] Gearbox Kuning Type L-1
2026-04-21 12:23:19,375 INFO  ExportHelperExtension.cs: 1125 - Retrieving features of type [RefAxis] from [unv] Gearbox Kuning Type L-4
2026-04-21 12:23:19,375 INFO  ExportHelperExtension.cs: 1136 - Found 25 in [unv] Gearbox Kuning Type L-4
2026-04-21 12:23:19,376 INFO  ExportHelperExtension.cs: 1145 - Found 0 features of type [RefAxis] in [unv] Gearbox Kuning Type L-4
2026-04-21 12:23:19,376 INFO  ExportHelperExtension.cs: 1125 - Retrieving features of type [RefAxis] from [Fix 7] 1.Rev - Lipo Case Link-2
2026-04-21 12:23:19,376 INFO  ExportHelperExtension.cs: 1136 - Found 25 in [Fix 7] 1.Rev - Lipo Case Link-2
2026-04-21 12:23:19,377 INFO  ExportHelperExtension.cs: 1145 - Found 0 features of type [RefAxis] in [Fix 7] 1.Rev - Lipo Case Link-2
2026-04-21 12:23:19,377 INFO  ExportHelperExtension.cs: 1125 - Retrieving features of type [RefAxis] from [Fix 7] 1.Rev - Lipo Case Link-4
2026-04-21 12:23:19,377 INFO  ExportHelperExtension.cs: 1136 - Found 25 in [Fix 7] 1.Rev - Lipo Case Link-4
2026-04-21 12:23:19,378 INFO  ExportHelperExtension.cs: 1145 - Found 0 features of type [RefAxis] in [Fix 7] 1.Rev - Lipo Case Link-4
2026-04-21 12:23:19,378 INFO  ExportHelperExtension.cs: 1125 - Retrieving features of type [RefAxis] from cameraholder-1
2026-04-21 12:23:19,378 INFO  ExportHelperExtension.cs: 1136 - Found 52 in cameraholder-1
2026-04-21 12:23:19,379 INFO  ExportHelperExtension.cs: 1145 - Found 0 features of type [RefAxis] in cameraholder-1
2026-04-21 12:23:19,379 INFO  ExportHelperExtension.cs: 1125 - Retrieving features of type [RefAxis] from [unv] - L298N Motor Driver (Red)-1
2026-04-21 12:23:19,379 INFO  ExportHelperExtension.cs: 1136 - Found 25 in [unv] - L298N Motor Driver (Red)-1
2026-04-21 12:23:19,380 INFO  ExportHelperExtension.cs: 1145 - Found 0 features of type [RefAxis] in [unv] - L298N Motor Driver (Red)-1
2026-04-21 12:23:19,380 INFO  ExportHelperExtension.cs: 1125 - Retrieving features of type [RefAxis] from Omni_Wheel_12mm_Hex_Mod1-1
2026-04-21 12:23:19,380 INFO  ExportHelperExtension.cs: 1136 - Found 25 in Omni_Wheel_12mm_Hex_Mod1-1
2026-04-21 12:23:19,381 INFO  ExportHelperExtension.cs: 1145 - Found 0 features of type [RefAxis] in Omni_Wheel_12mm_Hex_Mod1-1
2026-04-21 12:23:19,381 INFO  ExportHelperExtension.cs: 1125 - Retrieving features of type [RefAxis] from Omni_Wheel_12mm_Hex_Mod1-4
2026-04-21 12:23:19,381 INFO  ExportHelperExtension.cs: 1136 - Found 25 in Omni_Wheel_12mm_Hex_Mod1-4
2026-04-21 12:23:19,382 INFO  ExportHelperExtension.cs: 1145 - Found 0 features of type [RefAxis] in Omni_Wheel_12mm_Hex_Mod1-4
2026-04-21 12:23:19,382 INFO  ExportHelperExtension.cs: 1125 - Retrieving features of type [RefAxis] from cameraholder2-1
2026-04-21 12:23:19,382 INFO  ExportHelperExtension.cs: 1136 - Found 37 in cameraholder2-1
2026-04-21 12:23:19,383 INFO  ExportHelperExtension.cs: 1145 - Found 0 features of type [RefAxis] in cameraholder2-1
2026-04-21 12:23:19,383 INFO  ExportHelperExtension.cs: 1125 - Retrieving features of type [RefAxis] from [unv] Spacer Logam 25 mm-2
2026-04-21 12:23:19,383 INFO  ExportHelperExtension.cs: 1136 - Found 25 in [unv] Spacer Logam 25 mm-2
2026-04-21 12:23:19,384 INFO  ExportHelperExtension.cs: 1145 - Found 0 features of type [RefAxis] in [unv] Spacer Logam 25 mm-2
2026-04-21 12:23:19,384 INFO  ExportHelperExtension.cs: 1125 - Retrieving features of type [RefAxis] from [unv] Spacer Logam 25 mm-3
2026-04-21 12:23:19,384 INFO  ExportHelperExtension.cs: 1136 - Found 25 in [unv] Spacer Logam 25 mm-3
2026-04-21 12:23:19,384 INFO  ExportHelperExtension.cs: 1145 - Found 0 features of type [RefAxis] in [unv] Spacer Logam 25 mm-3
2026-04-21 12:23:19,385 INFO  ExportHelperExtension.cs: 1125 - Retrieving features of type [RefAxis] from [unv] Spacer Logam 25 mm-4
2026-04-21 12:23:19,385 INFO  ExportHelperExtension.cs: 1136 - Found 25 in [unv] Spacer Logam 25 mm-4
2026-04-21 12:23:19,385 INFO  ExportHelperExtension.cs: 1145 - Found 0 features of type [RefAxis] in [unv] Spacer Logam 25 mm-4
2026-04-21 12:23:19,386 INFO  ExportHelperExtension.cs: 1125 - Retrieving features of type [RefAxis] from [Fix 7] 1.Rev.1 - Assem2-1
2026-04-21 12:23:19,386 INFO  ExportHelperExtension.cs: 1136 - Found 67 in [Fix 7] 1.Rev.1 - Assem2-1
2026-04-21 12:23:19,386 INFO  ExportHelperExtension.cs: 1145 - Found 0 features of type [RefAxis] in [Fix 7] 1.Rev.1 - Assem2-1
2026-04-21 12:23:19,387 INFO  ExportHelperExtension.cs: 1125 - Retrieving features of type [RefAxis] from Omni_Wheel_12mm_Hex_Mod1-2
2026-04-21 12:23:19,387 INFO  ExportHelperExtension.cs: 1136 - Found 25 in Omni_Wheel_12mm_Hex_Mod1-2
2026-04-21 12:23:19,387 INFO  ExportHelperExtension.cs: 1145 - Found 0 features of type [RefAxis] in Omni_Wheel_12mm_Hex_Mod1-2
2026-04-21 12:23:19,388 INFO  ExportHelperExtension.cs: 1125 - Retrieving features of type [RefAxis] from Omni_Wheel_12mm_Hex_Mod1-3
2026-04-21 12:23:19,388 INFO  ExportHelperExtension.cs: 1136 - Found 25 in Omni_Wheel_12mm_Hex_Mod1-3
2026-04-21 12:23:19,388 INFO  ExportHelperExtension.cs: 1145 - Found 0 features of type [RefAxis] in Omni_Wheel_12mm_Hex_Mod1-3
2026-04-21 12:23:19,389 INFO  ExportHelperExtension.cs: 1125 - Retrieving features of type [RefAxis] from [Fix 7] 1.Rev - Casis Samping Utama-1
2026-04-21 12:23:19,389 INFO  ExportHelperExtension.cs: 1136 - Found 25 in [Fix 7] 1.Rev - Casis Samping Utama-1
2026-04-21 12:23:19,389 INFO  ExportHelperExtension.cs: 1145 - Found 0 features of type [RefAxis] in [Fix 7] 1.Rev - Casis Samping Utama-1
2026-04-21 12:23:19,390 INFO  ExportHelperExtension.cs: 1125 - Retrieving features of type [RefAxis] from [Fix 7] 1.Rev - Casis Link Samping to Depan-1
2026-04-21 12:23:19,390 INFO  ExportHelperExtension.cs: 1136 - Found 25 in [Fix 7] 1.Rev - Casis Link Samping to Depan-1
2026-04-21 12:23:19,390 INFO  ExportHelperExtension.cs: 1145 - Found 0 features of type [RefAxis] in [Fix 7] 1.Rev - Casis Link Samping to Depan-1
2026-04-21 12:23:19,390 INFO  ExportHelperExtension.cs: 1125 - Retrieving features of type [RefAxis] from [Fix 7] 1.Rev - Casis Link Samping to Depan-2
2026-04-21 12:23:19,391 INFO  ExportHelperExtension.cs: 1136 - Found 25 in [Fix 7] 1.Rev - Casis Link Samping to Depan-2
2026-04-21 12:23:19,391 INFO  ExportHelperExtension.cs: 1145 - Found 0 features of type [RefAxis] in [Fix 7] 1.Rev - Casis Link Samping to Depan-2
2026-04-21 12:23:19,391 INFO  ExportHelperExtension.cs: 1125 - Retrieving features of type [RefAxis] from [Fix 7] 1.Rev - Casis Depan Belakang-1
2026-04-21 12:23:19,392 INFO  ExportHelperExtension.cs: 1136 - Found 25 in [Fix 7] 1.Rev - Casis Depan Belakang-1
2026-04-21 12:23:19,392 INFO  ExportHelperExtension.cs: 1145 - Found 0 features of type [RefAxis] in [Fix 7] 1.Rev - Casis Depan Belakang-1
2026-04-21 12:23:19,392 INFO  ExportHelperExtension.cs: 1125 - Retrieving features of type [RefAxis] from [Fix 7] 1.Rev - Casis Link Samping to Depan-3
2026-04-21 12:23:19,393 INFO  ExportHelperExtension.cs: 1136 - Found 25 in [Fix 7] 1.Rev - Casis Link Samping to Depan-3
2026-04-21 12:23:19,393 INFO  ExportHelperExtension.cs: 1145 - Found 0 features of type [RefAxis] in [Fix 7] 1.Rev - Casis Link Samping to Depan-3
2026-04-21 12:23:19,397 INFO  ExportHelperExtension.cs: 1125 - Retrieving features of type [RefAxis] from [Fix 7] 1.Rev - Casis Link Samping to Depan-4
2026-04-21 12:23:19,397 INFO  ExportHelperExtension.cs: 1136 - Found 25 in [Fix 7] 1.Rev - Casis Link Samping to Depan-4
2026-04-21 12:23:19,397 INFO  ExportHelperExtension.cs: 1145 - Found 0 features of type [RefAxis] in [Fix 7] 1.Rev - Casis Link Samping to Depan-4
2026-04-21 12:23:19,398 INFO  ExportHelperExtension.cs: 1125 - Retrieving features of type [RefAxis] from [Fix 7] 1.Rev - Casis Depan Belakang-2
2026-04-21 12:23:19,413 INFO  ExportHelperExtension.cs: 1136 - Found 25 in [Fix 7] 1.Rev - Casis Depan Belakang-2
2026-04-21 12:23:19,413 INFO  ExportHelperExtension.cs: 1145 - Found 0 features of type [RefAxis] in [Fix 7] 1.Rev - Casis Depan Belakang-2
2026-04-21 12:23:19,415 INFO  ExportHelperExtension.cs: 1125 - Retrieving features of type [RefAxis] from [Fix 7] 1.Rev - Casis Link to Body-2
2026-04-21 12:23:19,415 INFO  ExportHelperExtension.cs: 1136 - Found 25 in [Fix 7] 1.Rev - Casis Link to Body-2
2026-04-21 12:23:19,416 INFO  ExportHelperExtension.cs: 1145 - Found 0 features of type [RefAxis] in [Fix 7] 1.Rev - Casis Link to Body-2
2026-04-21 12:23:19,416 INFO  ExportHelperExtension.cs: 1125 - Retrieving features of type [RefAxis] from [Fix 7] 1.Rev - Casis Samping Tambahan 2 mm-1
2026-04-21 12:23:19,416 INFO  ExportHelperExtension.cs: 1136 - Found 25 in [Fix 7] 1.Rev - Casis Samping Tambahan 2 mm-1
2026-04-21 12:23:19,417 INFO  ExportHelperExtension.cs: 1145 - Found 0 features of type [RefAxis] in [Fix 7] 1.Rev - Casis Samping Tambahan 2 mm-1
2026-04-21 12:23:19,417 INFO  ExportHelperExtension.cs: 1125 - Retrieving features of type [RefAxis] from [Fix 7] 1.Rev - Casis Samping Tambahan 2 mm-2
2026-04-21 12:23:19,417 INFO  ExportHelperExtension.cs: 1136 - Found 25 in [Fix 7] 1.Rev - Casis Samping Tambahan 2 mm-2
2026-04-21 12:23:19,418 INFO  ExportHelperExtension.cs: 1145 - Found 0 features of type [RefAxis] in [Fix 7] 1.Rev - Casis Samping Tambahan 2 mm-2
2026-04-21 12:23:19,418 INFO  ExportHelperExtension.cs: 1125 - Retrieving features of type [RefAxis] from [Fix 7] 1.Rev - Casis Samping Utama-2
2026-04-21 12:23:19,418 INFO  ExportHelperExtension.cs: 1136 - Found 25 in [Fix 7] 1.Rev - Casis Samping Utama-2
2026-04-21 12:23:19,419 INFO  ExportHelperExtension.cs: 1145 - Found 0 features of type [RefAxis] in [Fix 7] 1.Rev - Casis Samping Utama-2
2026-04-21 12:23:20,105 INFO  SwAddin.cs: 339 - Loading config tree
2026-04-21 12:23:20,109 INFO  ExportPropertyManagerExtension.cs: 520 - Starting new configuration
2026-04-21 12:23:20,111 INFO  SwAddin.cs: 344 - Showing property manager
2026-04-21 12:25:54,261 INFO  ExportPropertyManager.cs: 1136 - OnNumberBoxTrackingCompleted called. This method no longer throws an Exception. It just silently does nothing. Ok, except for this logging message
2026-04-21 12:25:54,495 INFO  ExportPropertyManager.cs: 1136 - OnNumberBoxTrackingCompleted called. This method no longer throws an Exception. It just silently does nothing. Ok, except for this logging message
2026-04-21 12:25:54,912 INFO  ExportPropertyManager.cs: 1136 - OnNumberBoxTrackingCompleted called. This method no longer throws an Exception. It just silently does nothing. Ok, except for this logging message
2026-04-21 12:25:55,335 INFO  ExportPropertyManager.cs: 1136 - OnNumberBoxTrackingCompleted called. This method no longer throws an Exception. It just silently does nothing. Ok, except for this logging message
2026-04-21 12:25:55,493 INFO  ExportPropertyManager.cs: 1136 - OnNumberBoxTrackingCompleted called. This method no longer throws an Exception. It just silently does nothing. Ok, except for this logging message
2026-04-21 12:25:55,629 INFO  ExportPropertyManager.cs: 1136 - OnNumberBoxTrackingCompleted called. This method no longer throws an Exception. It just silently does nothing. Ok, except for this logging message
2026-04-21 12:25:57,849 INFO  ExportPropertyManager.cs: 1136 - OnNumberBoxTrackingCompleted called. This method no longer throws an Exception. It just silently does nothing. Ok, except for this logging message
2026-04-21 12:25:57,994 INFO  ExportPropertyManager.cs: 1136 - OnNumberBoxTrackingCompleted called. This method no longer throws an Exception. It just silently does nothing. Ok, except for this logging message
2026-04-21 12:25:58,360 INFO  ExportPropertyManager.cs: 1136 - OnNumberBoxTrackingCompleted called. This method no longer throws an Exception. It just silently does nothing. Ok, except for this logging message
2026-04-21 12:25:58,490 INFO  ExportPropertyManager.cs: 1136 - OnNumberBoxTrackingCompleted called. This method no longer throws an Exception. It just silently does nothing. Ok, except for this logging message
2026-04-21 12:26:08,643 INFO  ExportPropertyManager.cs: 1142 - AfterClose called. This method no longer throws an Exception. It just silently does nothing. Ok, except for this logging message
2026-04-21 12:26:49,428 INFO  SwAddin.cs: 294 - Assembly export called for file UiRS.1 - Object Transpot Robot Arm.SLDASM
2026-04-21 12:26:50,969 INFO  SwAddin.cs: 313 - Saving assembly
2026-04-21 12:26:51,660 INFO  SwAddin.cs: 316 - Opening property manager
2026-04-21 12:26:51,661 INFO  ExportHelperExtension.cs: 1125 - Retrieving features of type [CoordSys] from UiRS.1 - Object Transpot Robot Arm.SLDASM
2026-04-21 12:26:51,661 INFO  ExportHelperExtension.cs: 1136 - Found 174 in UiRS.1 - Object Transpot Robot Arm.SLDASM
2026-04-21 12:26:51,662 INFO  ExportHelperExtension.cs: 1145 - Found 2 features of type [CoordSys] in UiRS.1 - Object Transpot Robot Arm.SLDASM
2026-04-21 12:26:51,663 INFO  ExportHelperExtension.cs: 1148 - Proceeding through assembly components
2026-04-21 12:26:51,664 INFO  ExportHelperExtension.cs: 1160 - 35 components to check
2026-04-21 12:26:51,664 INFO  ExportHelperExtension.cs: 1125 - Retrieving features of type [CoordSys] from [Fix 7] 1.Rev - Casis Base Servo-1
2026-04-21 12:26:51,665 INFO  ExportHelperExtension.cs: 1136 - Found 25 in [Fix 7] 1.Rev - Casis Base Servo-1
2026-04-21 12:26:51,665 INFO  ExportHelperExtension.cs: 1145 - Found 0 features of type [CoordSys] in [Fix 7] 1.Rev - Casis Base Servo-1
2026-04-21 12:26:51,665 INFO  ExportHelperExtension.cs: 1125 - Retrieving features of type [CoordSys] from [Fix 7] 1.Rev - Casis Link to Body-1
2026-04-21 12:26:51,666 INFO  ExportHelperExtension.cs: 1136 - Found 25 in [Fix 7] 1.Rev - Casis Link to Body-1
2026-04-21 12:26:51,666 INFO  ExportHelperExtension.cs: 1145 - Found 0 features of type [CoordSys] in [Fix 7] 1.Rev - Casis Link to Body-1
2026-04-21 12:26:51,667 INFO  ExportHelperExtension.cs: 1125 - Retrieving features of type [CoordSys] from [Fix 7] 1.Rev - Lipo Case Base-1
2026-04-21 12:26:51,667 INFO  ExportHelperExtension.cs: 1136 - Found 25 in [Fix 7] 1.Rev - Lipo Case Base-1
2026-04-21 12:26:51,668 INFO  ExportHelperExtension.cs: 1145 - Found 0 features of type [CoordSys] in [Fix 7] 1.Rev - Lipo Case Base-1
2026-04-21 12:26:51,668 INFO  ExportHelperExtension.cs: 1125 - Retrieving features of type [CoordSys] from [Fix 7] 1.Rev - Lipo Case Base-2
2026-04-21 12:26:51,669 INFO  ExportHelperExtension.cs: 1136 - Found 25 in [Fix 7] 1.Rev - Lipo Case Base-2
2026-04-21 12:26:51,669 INFO  ExportHelperExtension.cs: 1145 - Found 0 features of type [CoordSys] in [Fix 7] 1.Rev - Lipo Case Base-2
2026-04-21 12:26:51,672 INFO  ExportHelperExtension.cs: 1125 - Retrieving features of type [CoordSys] from [unv] Spacer Logam 25 mm-1
2026-04-21 12:26:51,922 INFO  ExportHelperExtension.cs: 1136 - Found 25 in [unv] Spacer Logam 25 mm-1
2026-04-21 12:26:51,923 INFO  ExportHelperExtension.cs: 1145 - Found 0 features of type [CoordSys] in [unv] Spacer Logam 25 mm-1
2026-04-21 12:26:51,924 INFO  ExportHelperExtension.cs: 1125 - Retrieving features of type [CoordSys] from [unv] Gearbox Kuning Type L-3
2026-04-21 12:26:51,924 INFO  ExportHelperExtension.cs: 1136 - Found 25 in [unv] Gearbox Kuning Type L-3
2026-04-21 12:26:51,925 INFO  ExportHelperExtension.cs: 1145 - Found 0 features of type [CoordSys] in [unv] Gearbox Kuning Type L-3
2026-04-21 12:26:51,926 INFO  ExportHelperExtension.cs: 1125 - Retrieving features of type [CoordSys] from [Fix 7] 1.Rev - Lipo Case Link-1
2026-04-21 12:26:51,926 INFO  ExportHelperExtension.cs: 1136 - Found 25 in [Fix 7] 1.Rev - Lipo Case Link-1
2026-04-21 12:26:51,927 INFO  ExportHelperExtension.cs: 1145 - Found 0 features of type [CoordSys] in [Fix 7] 1.Rev - Lipo Case Link-1
2026-04-21 12:26:51,927 INFO  ExportHelperExtension.cs: 1125 - Retrieving features of type [CoordSys] from [unv] Gearbox Kuning Type L-2
2026-04-21 12:26:51,927 INFO  ExportHelperExtension.cs: 1136 - Found 25 in [unv] Gearbox Kuning Type L-2
2026-04-21 12:26:51,928 INFO  ExportHelperExtension.cs: 1145 - Found 0 features of type [CoordSys] in [unv] Gearbox Kuning Type L-2
2026-04-21 12:26:51,928 INFO  ExportHelperExtension.cs: 1125 - Retrieving features of type [CoordSys] from [Fix 7] 1.Rev - Lipo Case Link-3
2026-04-21 12:26:51,928 INFO  ExportHelperExtension.cs: 1136 - Found 25 in [Fix 7] 1.Rev - Lipo Case Link-3
2026-04-21 12:26:51,928 INFO  ExportHelperExtension.cs: 1145 - Found 0 features of type [CoordSys] in [Fix 7] 1.Rev - Lipo Case Link-3
2026-04-21 12:26:51,929 INFO  ExportHelperExtension.cs: 1125 - Retrieving features of type [CoordSys] from [unv] Gearbox Kuning Type L-1
2026-04-21 12:26:51,929 INFO  ExportHelperExtension.cs: 1136 - Found 25 in [unv] Gearbox Kuning Type L-1
2026-04-21 12:26:51,929 INFO  ExportHelperExtension.cs: 1145 - Found 0 features of type [CoordSys] in [unv] Gearbox Kuning Type L-1
2026-04-21 12:26:51,930 INFO  ExportHelperExtension.cs: 1125 - Retrieving features of type [CoordSys] from [unv] Gearbox Kuning Type L-4
2026-04-21 12:26:51,930 INFO  ExportHelperExtension.cs: 1136 - Found 25 in [unv] Gearbox Kuning Type L-4
2026-04-21 12:26:51,930 INFO  ExportHelperExtension.cs: 1145 - Found 0 features of type [CoordSys] in [unv] Gearbox Kuning Type L-4
2026-04-21 12:26:51,930 INFO  ExportHelperExtension.cs: 1125 - Retrieving features of type [CoordSys] from [Fix 7] 1.Rev - Lipo Case Link-2
2026-04-21 12:26:51,931 INFO  ExportHelperExtension.cs: 1136 - Found 25 in [Fix 7] 1.Rev - Lipo Case Link-2
2026-04-21 12:26:51,931 INFO  ExportHelperExtension.cs: 1145 - Found 0 features of type [CoordSys] in [Fix 7] 1.Rev - Lipo Case Link-2
2026-04-21 12:26:51,931 INFO  ExportHelperExtension.cs: 1125 - Retrieving features of type [CoordSys] from [Fix 7] 1.Rev - Lipo Case Link-4
2026-04-21 12:26:51,932 INFO  ExportHelperExtension.cs: 1136 - Found 25 in [Fix 7] 1.Rev - Lipo Case Link-4
2026-04-21 12:26:51,932 INFO  ExportHelperExtension.cs: 1145 - Found 0 features of type [CoordSys] in [Fix 7] 1.Rev - Lipo Case Link-4
2026-04-21 12:26:51,932 INFO  ExportHelperExtension.cs: 1125 - Retrieving features of type [CoordSys] from cameraholder-1
2026-04-21 12:26:51,932 INFO  ExportHelperExtension.cs: 1136 - Found 52 in cameraholder-1
2026-04-21 12:26:51,933 INFO  ExportHelperExtension.cs: 1145 - Found 0 features of type [CoordSys] in cameraholder-1
2026-04-21 12:26:51,933 INFO  ExportHelperExtension.cs: 1125 - Retrieving features of type [CoordSys] from [unv] - L298N Motor Driver (Red)-1
2026-04-21 12:26:51,933 INFO  ExportHelperExtension.cs: 1136 - Found 25 in [unv] - L298N Motor Driver (Red)-1
2026-04-21 12:26:51,934 INFO  ExportHelperExtension.cs: 1145 - Found 0 features of type [CoordSys] in [unv] - L298N Motor Driver (Red)-1
2026-04-21 12:26:51,934 INFO  ExportHelperExtension.cs: 1125 - Retrieving features of type [CoordSys] from Omni_Wheel_12mm_Hex_Mod1-1
2026-04-21 12:26:51,934 INFO  ExportHelperExtension.cs: 1136 - Found 25 in Omni_Wheel_12mm_Hex_Mod1-1
2026-04-21 12:26:51,935 INFO  ExportHelperExtension.cs: 1145 - Found 0 features of type [CoordSys] in Omni_Wheel_12mm_Hex_Mod1-1
2026-04-21 12:26:51,935 INFO  ExportHelperExtension.cs: 1125 - Retrieving features of type [CoordSys] from Omni_Wheel_12mm_Hex_Mod1-4
2026-04-21 12:26:51,935 INFO  ExportHelperExtension.cs: 1136 - Found 25 in Omni_Wheel_12mm_Hex_Mod1-4
2026-04-21 12:26:51,935 INFO  ExportHelperExtension.cs: 1145 - Found 0 features of type [CoordSys] in Omni_Wheel_12mm_Hex_Mod1-4
2026-04-21 12:26:51,936 INFO  ExportHelperExtension.cs: 1125 - Retrieving features of type [CoordSys] from cameraholder2-1
2026-04-21 12:26:51,936 INFO  ExportHelperExtension.cs: 1136 - Found 37 in cameraholder2-1
2026-04-21 12:26:51,936 INFO  ExportHelperExtension.cs: 1145 - Found 0 features of type [CoordSys] in cameraholder2-1
2026-04-21 12:26:51,937 INFO  ExportHelperExtension.cs: 1125 - Retrieving features of type [CoordSys] from [unv] Spacer Logam 25 mm-2
2026-04-21 12:26:51,937 INFO  ExportHelperExtension.cs: 1136 - Found 25 in [unv] Spacer Logam 25 mm-2
2026-04-21 12:26:51,937 INFO  ExportHelperExtension.cs: 1145 - Found 0 features of type [CoordSys] in [unv] Spacer Logam 25 mm-2
2026-04-21 12:26:51,937 INFO  ExportHelperExtension.cs: 1125 - Retrieving features of type [CoordSys] from [unv] Spacer Logam 25 mm-3
2026-04-21 12:26:51,937 INFO  ExportHelperExtension.cs: 1136 - Found 25 in [unv] Spacer Logam 25 mm-3
2026-04-21 12:26:51,939 INFO  ExportHelperExtension.cs: 1145 - Found 0 features of type [CoordSys] in [unv] Spacer Logam 25 mm-3
2026-04-21 12:26:51,939 INFO  ExportHelperExtension.cs: 1125 - Retrieving features of type [CoordSys] from [unv] Spacer Logam 25 mm-4
2026-04-21 12:26:51,939 INFO  ExportHelperExtension.cs: 1136 - Found 25 in [unv] Spacer Logam 25 mm-4
2026-04-21 12:26:51,940 INFO  ExportHelperExtension.cs: 1145 - Found 0 features of type [CoordSys] in [unv] Spacer Logam 25 mm-4
2026-04-21 12:26:51,940 INFO  ExportHelperExtension.cs: 1125 - Retrieving features of type [CoordSys] from [Fix 7] 1.Rev.1 - Assem2-1
2026-04-21 12:26:51,941 INFO  ExportHelperExtension.cs: 1136 - Found 67 in [Fix 7] 1.Rev.1 - Assem2-1
2026-04-21 12:26:51,941 INFO  ExportHelperExtension.cs: 1145 - Found 0 features of type [CoordSys] in [Fix 7] 1.Rev.1 - Assem2-1
2026-04-21 12:26:51,941 INFO  ExportHelperExtension.cs: 1125 - Retrieving features of type [CoordSys] from Omni_Wheel_12mm_Hex_Mod1-2
2026-04-21 12:26:51,942 INFO  ExportHelperExtension.cs: 1136 - Found 25 in Omni_Wheel_12mm_Hex_Mod1-2
2026-04-21 12:26:51,942 INFO  ExportHelperExtension.cs: 1145 - Found 0 features of type [CoordSys] in Omni_Wheel_12mm_Hex_Mod1-2
2026-04-21 12:26:51,942 INFO  ExportHelperExtension.cs: 1125 - Retrieving features of type [CoordSys] from Omni_Wheel_12mm_Hex_Mod1-3
2026-04-21 12:26:51,942 INFO  ExportHelperExtension.cs: 1136 - Found 25 in Omni_Wheel_12mm_Hex_Mod1-3
2026-04-21 12:26:51,943 INFO  ExportHelperExtension.cs: 1145 - Found 0 features of type [CoordSys] in Omni_Wheel_12mm_Hex_Mod1-3
2026-04-21 12:26:51,943 INFO  ExportHelperExtension.cs: 1125 - Retrieving features of type [CoordSys] from [Fix 7] 1.Rev - Casis Samping Utama-1
2026-04-21 12:26:51,943 INFO  ExportHelperExtension.cs: 1136 - Found 25 in [Fix 7] 1.Rev - Casis Samping Utama-1
2026-04-21 12:26:51,944 INFO  ExportHelperExtension.cs: 1145 - Found 0 features of type [CoordSys] in [Fix 7] 1.Rev - Casis Samping Utama-1
2026-04-21 12:26:51,944 INFO  ExportHelperExtension.cs: 1125 - Retrieving features of type [CoordSys] from [Fix 7] 1.Rev - Casis Link Samping to Depan-1
2026-04-21 12:26:51,944 INFO  ExportHelperExtension.cs: 1136 - Found 25 in [Fix 7] 1.Rev - Casis Link Samping to Depan-1
2026-04-21 12:26:51,944 INFO  ExportHelperExtension.cs: 1145 - Found 0 features of type [CoordSys] in [Fix 7] 1.Rev - Casis Link Samping to Depan-1
2026-04-21 12:26:51,945 INFO  ExportHelperExtension.cs: 1125 - Retrieving features of type [CoordSys] from [Fix 7] 1.Rev - Casis Link Samping to Depan-2
2026-04-21 12:26:51,945 INFO  ExportHelperExtension.cs: 1136 - Found 25 in [Fix 7] 1.Rev - Casis Link Samping to Depan-2
2026-04-21 12:26:51,945 INFO  ExportHelperExtension.cs: 1145 - Found 0 features of type [CoordSys] in [Fix 7] 1.Rev - Casis Link Samping to Depan-2
2026-04-21 12:26:51,945 INFO  ExportHelperExtension.cs: 1125 - Retrieving features of type [CoordSys] from [Fix 7] 1.Rev - Casis Depan Belakang-1
2026-04-21 12:26:51,946 INFO  ExportHelperExtension.cs: 1136 - Found 25 in [Fix 7] 1.Rev - Casis Depan Belakang-1
2026-04-21 12:26:51,946 INFO  ExportHelperExtension.cs: 1145 - Found 0 features of type [CoordSys] in [Fix 7] 1.Rev - Casis Depan Belakang-1
2026-04-21 12:26:51,946 INFO  ExportHelperExtension.cs: 1125 - Retrieving features of type [CoordSys] from [Fix 7] 1.Rev - Casis Link Samping to Depan-3
2026-04-21 12:26:51,947 INFO  ExportHelperExtension.cs: 1136 - Found 25 in [Fix 7] 1.Rev - Casis Link Samping to Depan-3
2026-04-21 12:26:51,947 INFO  ExportHelperExtension.cs: 1145 - Found 0 features of type [CoordSys] in [Fix 7] 1.Rev - Casis Link Samping to Depan-3
2026-04-21 12:26:51,947 INFO  ExportHelperExtension.cs: 1125 - Retrieving features of type [CoordSys] from [Fix 7] 1.Rev - Casis Link Samping to Depan-4
2026-04-21 12:26:51,947 INFO  ExportHelperExtension.cs: 1136 - Found 25 in [Fix 7] 1.Rev - Casis Link Samping to Depan-4
2026-04-21 12:26:51,948 INFO  ExportHelperExtension.cs: 1145 - Found 0 features of type [CoordSys] in [Fix 7] 1.Rev - Casis Link Samping to Depan-4
2026-04-21 12:26:51,948 INFO  ExportHelperExtension.cs: 1125 - Retrieving features of type [CoordSys] from [Fix 7] 1.Rev - Casis Depan Belakang-2
2026-04-21 12:26:51,948 INFO  ExportHelperExtension.cs: 1136 - Found 25 in [Fix 7] 1.Rev - Casis Depan Belakang-2
2026-04-21 12:26:51,949 INFO  ExportHelperExtension.cs: 1145 - Found 0 features of type [CoordSys] in [Fix 7] 1.Rev - Casis Depan Belakang-2
2026-04-21 12:26:51,949 INFO  ExportHelperExtension.cs: 1125 - Retrieving features of type [CoordSys] from [Fix 7] 1.Rev - Casis Link to Body-2
2026-04-21 12:26:51,949 INFO  ExportHelperExtension.cs: 1136 - Found 25 in [Fix 7] 1.Rev - Casis Link to Body-2
2026-04-21 12:26:51,949 INFO  ExportHelperExtension.cs: 1145 - Found 0 features of type [CoordSys] in [Fix 7] 1.Rev - Casis Link to Body-2
2026-04-21 12:26:51,950 INFO  ExportHelperExtension.cs: 1125 - Retrieving features of type [CoordSys] from [Fix 7] 1.Rev - Casis Samping Tambahan 2 mm-1
2026-04-21 12:26:51,950 INFO  ExportHelperExtension.cs: 1136 - Found 25 in [Fix 7] 1.Rev - Casis Samping Tambahan 2 mm-1
2026-04-21 12:26:51,950 INFO  ExportHelperExtension.cs: 1145 - Found 0 features of type [CoordSys] in [Fix 7] 1.Rev - Casis Samping Tambahan 2 mm-1
2026-04-21 12:26:51,951 INFO  ExportHelperExtension.cs: 1125 - Retrieving features of type [CoordSys] from [Fix 7] 1.Rev - Casis Samping Tambahan 2 mm-2
2026-04-21 12:26:51,951 INFO  ExportHelperExtension.cs: 1136 - Found 25 in [Fix 7] 1.Rev - Casis Samping Tambahan 2 mm-2
2026-04-21 12:26:51,951 INFO  ExportHelperExtension.cs: 1145 - Found 0 features of type [CoordSys] in [Fix 7] 1.Rev - Casis Samping Tambahan 2 mm-2
2026-04-21 12:26:51,951 INFO  ExportHelperExtension.cs: 1125 - Retrieving features of type [CoordSys] from [Fix 7] 1.Rev - Casis Samping Utama-2
2026-04-21 12:26:51,952 INFO  ExportHelperExtension.cs: 1136 - Found 25 in [Fix 7] 1.Rev - Casis Samping Utama-2
2026-04-21 12:26:51,952 INFO  ExportHelperExtension.cs: 1145 - Found 0 features of type [CoordSys] in [Fix 7] 1.Rev - Casis Samping Utama-2
2026-04-21 12:26:51,952 INFO  ExportHelperExtension.cs: 1125 - Retrieving features of type [RefAxis] from UiRS.1 - Object Transpot Robot Arm.SLDASM
2026-04-21 12:26:51,953 INFO  ExportHelperExtension.cs: 1136 - Found 174 in UiRS.1 - Object Transpot Robot Arm.SLDASM
2026-04-21 12:26:51,954 INFO  ExportHelperExtension.cs: 1145 - Found 8 features of type [RefAxis] in UiRS.1 - Object Transpot Robot Arm.SLDASM
2026-04-21 12:26:51,954 INFO  ExportHelperExtension.cs: 1148 - Proceeding through assembly components
2026-04-21 12:26:51,954 INFO  ExportHelperExtension.cs: 1160 - 35 components to check
2026-04-21 12:26:51,956 INFO  ExportHelperExtension.cs: 1125 - Retrieving features of type [RefAxis] from [Fix 7] 1.Rev - Casis Base Servo-1
2026-04-21 12:26:51,956 INFO  ExportHelperExtension.cs: 1136 - Found 25 in [Fix 7] 1.Rev - Casis Base Servo-1
2026-04-21 12:26:51,956 INFO  ExportHelperExtension.cs: 1145 - Found 0 features of type [RefAxis] in [Fix 7] 1.Rev - Casis Base Servo-1
2026-04-21 12:26:51,957 INFO  ExportHelperExtension.cs: 1125 - Retrieving features of type [RefAxis] from [Fix 7] 1.Rev - Casis Link to Body-1
2026-04-21 12:26:51,958 INFO  ExportHelperExtension.cs: 1136 - Found 25 in [Fix 7] 1.Rev - Casis Link to Body-1
2026-04-21 12:26:51,958 INFO  ExportHelperExtension.cs: 1145 - Found 0 features of type [RefAxis] in [Fix 7] 1.Rev - Casis Link to Body-1
2026-04-21 12:26:51,958 INFO  ExportHelperExtension.cs: 1125 - Retrieving features of type [RefAxis] from [Fix 7] 1.Rev - Lipo Case Base-1
2026-04-21 12:26:51,958 INFO  ExportHelperExtension.cs: 1136 - Found 25 in [Fix 7] 1.Rev - Lipo Case Base-1
2026-04-21 12:26:51,959 INFO  ExportHelperExtension.cs: 1145 - Found 0 features of type [RefAxis] in [Fix 7] 1.Rev - Lipo Case Base-1
2026-04-21 12:26:51,959 INFO  ExportHelperExtension.cs: 1125 - Retrieving features of type [RefAxis] from [Fix 7] 1.Rev - Lipo Case Base-2
2026-04-21 12:26:51,959 INFO  ExportHelperExtension.cs: 1136 - Found 25 in [Fix 7] 1.Rev - Lipo Case Base-2
2026-04-21 12:26:51,960 INFO  ExportHelperExtension.cs: 1145 - Found 0 features of type [RefAxis] in [Fix 7] 1.Rev - Lipo Case Base-2
2026-04-21 12:26:51,960 INFO  ExportHelperExtension.cs: 1125 - Retrieving features of type [RefAxis] from [unv] Spacer Logam 25 mm-1
2026-04-21 12:26:51,960 INFO  ExportHelperExtension.cs: 1136 - Found 25 in [unv] Spacer Logam 25 mm-1
2026-04-21 12:26:51,961 INFO  ExportHelperExtension.cs: 1145 - Found 0 features of type [RefAxis] in [unv] Spacer Logam 25 mm-1
2026-04-21 12:26:51,961 INFO  ExportHelperExtension.cs: 1125 - Retrieving features of type [RefAxis] from [unv] Gearbox Kuning Type L-3
2026-04-21 12:26:51,961 INFO  ExportHelperExtension.cs: 1136 - Found 25 in [unv] Gearbox Kuning Type L-3
2026-04-21 12:26:51,961 INFO  ExportHelperExtension.cs: 1145 - Found 0 features of type [RefAxis] in [unv] Gearbox Kuning Type L-3
2026-04-21 12:26:51,962 INFO  ExportHelperExtension.cs: 1125 - Retrieving features of type [RefAxis] from [Fix 7] 1.Rev - Lipo Case Link-1
2026-04-21 12:26:51,962 INFO  ExportHelperExtension.cs: 1136 - Found 25 in [Fix 7] 1.Rev - Lipo Case Link-1
2026-04-21 12:26:51,962 INFO  ExportHelperExtension.cs: 1145 - Found 0 features of type [RefAxis] in [Fix 7] 1.Rev - Lipo Case Link-1
2026-04-21 12:26:51,963 INFO  ExportHelperExtension.cs: 1125 - Retrieving features of type [RefAxis] from [unv] Gearbox Kuning Type L-2
2026-04-21 12:26:51,963 INFO  ExportHelperExtension.cs: 1136 - Found 25 in [unv] Gearbox Kuning Type L-2
2026-04-21 12:26:51,963 INFO  ExportHelperExtension.cs: 1145 - Found 0 features of type [RefAxis] in [unv] Gearbox Kuning Type L-2
2026-04-21 12:26:51,964 INFO  ExportHelperExtension.cs: 1125 - Retrieving features of type [RefAxis] from [Fix 7] 1.Rev - Lipo Case Link-3
2026-04-21 12:26:51,964 INFO  ExportHelperExtension.cs: 1136 - Found 25 in [Fix 7] 1.Rev - Lipo Case Link-3
2026-04-21 12:26:51,964 INFO  ExportHelperExtension.cs: 1145 - Found 0 features of type [RefAxis] in [Fix 7] 1.Rev - Lipo Case Link-3
2026-04-21 12:26:51,964 INFO  ExportHelperExtension.cs: 1125 - Retrieving features of type [RefAxis] from [unv] Gearbox Kuning Type L-1
2026-04-21 12:26:51,965 INFO  ExportHelperExtension.cs: 1136 - Found 25 in [unv] Gearbox Kuning Type L-1
2026-04-21 12:26:51,965 INFO  ExportHelperExtension.cs: 1145 - Found 0 features of type [RefAxis] in [unv] Gearbox Kuning Type L-1
2026-04-21 12:26:51,965 INFO  ExportHelperExtension.cs: 1125 - Retrieving features of type [RefAxis] from [unv] Gearbox Kuning Type L-4
2026-04-21 12:26:51,965 INFO  ExportHelperExtension.cs: 1136 - Found 25 in [unv] Gearbox Kuning Type L-4
2026-04-21 12:26:51,966 INFO  ExportHelperExtension.cs: 1145 - Found 0 features of type [RefAxis] in [unv] Gearbox Kuning Type L-4
2026-04-21 12:26:51,966 INFO  ExportHelperExtension.cs: 1125 - Retrieving features of type [RefAxis] from [Fix 7] 1.Rev - Lipo Case Link-2
2026-04-21 12:26:51,966 INFO  ExportHelperExtension.cs: 1136 - Found 25 in [Fix 7] 1.Rev - Lipo Case Link-2
2026-04-21 12:26:51,967 INFO  ExportHelperExtension.cs: 1145 - Found 0 features of type [RefAxis] in [Fix 7] 1.Rev - Lipo Case Link-2
2026-04-21 12:26:51,967 INFO  ExportHelperExtension.cs: 1125 - Retrieving features of type [RefAxis] from [Fix 7] 1.Rev - Lipo Case Link-4
2026-04-21 12:26:51,967 INFO  ExportHelperExtension.cs: 1136 - Found 25 in [Fix 7] 1.Rev - Lipo Case Link-4
2026-04-21 12:26:51,967 INFO  ExportHelperExtension.cs: 1145 - Found 0 features of type [RefAxis] in [Fix 7] 1.Rev - Lipo Case Link-4
2026-04-21 12:26:51,968 INFO  ExportHelperExtension.cs: 1125 - Retrieving features of type [RefAxis] from cameraholder-1
2026-04-21 12:26:51,968 INFO  ExportHelperExtension.cs: 1136 - Found 52 in cameraholder-1
2026-04-21 12:26:51,968 INFO  ExportHelperExtension.cs: 1145 - Found 0 features of type [RefAxis] in cameraholder-1
2026-04-21 12:26:51,969 INFO  ExportHelperExtension.cs: 1125 - Retrieving features of type [RefAxis] from [unv] - L298N Motor Driver (Red)-1
2026-04-21 12:26:51,969 INFO  ExportHelperExtension.cs: 1136 - Found 25 in [unv] - L298N Motor Driver (Red)-1
2026-04-21 12:26:51,969 INFO  ExportHelperExtension.cs: 1145 - Found 0 features of type [RefAxis] in [unv] - L298N Motor Driver (Red)-1
2026-04-21 12:26:51,969 INFO  ExportHelperExtension.cs: 1125 - Retrieving features of type [RefAxis] from Omni_Wheel_12mm_Hex_Mod1-1
2026-04-21 12:26:51,970 INFO  ExportHelperExtension.cs: 1136 - Found 25 in Omni_Wheel_12mm_Hex_Mod1-1
2026-04-21 12:26:51,970 INFO  ExportHelperExtension.cs: 1145 - Found 0 features of type [RefAxis] in Omni_Wheel_12mm_Hex_Mod1-1
2026-04-21 12:26:51,970 INFO  ExportHelperExtension.cs: 1125 - Retrieving features of type [RefAxis] from Omni_Wheel_12mm_Hex_Mod1-4
2026-04-21 12:26:51,971 INFO  ExportHelperExtension.cs: 1136 - Found 25 in Omni_Wheel_12mm_Hex_Mod1-4
2026-04-21 12:26:51,971 INFO  ExportHelperExtension.cs: 1145 - Found 0 features of type [RefAxis] in Omni_Wheel_12mm_Hex_Mod1-4
2026-04-21 12:26:51,971 INFO  ExportHelperExtension.cs: 1125 - Retrieving features of type [RefAxis] from cameraholder2-1
2026-04-21 12:26:51,972 INFO  ExportHelperExtension.cs: 1136 - Found 37 in cameraholder2-1
2026-04-21 12:26:51,972 INFO  ExportHelperExtension.cs: 1145 - Found 0 features of type [RefAxis] in cameraholder2-1
2026-04-21 12:26:51,972 INFO  ExportHelperExtension.cs: 1125 - Retrieving features of type [RefAxis] from [unv] Spacer Logam 25 mm-2
2026-04-21 12:26:51,973 INFO  ExportHelperExtension.cs: 1136 - Found 25 in [unv] Spacer Logam 25 mm-2
2026-04-21 12:26:51,973 INFO  ExportHelperExtension.cs: 1145 - Found 0 features of type [RefAxis] in [unv] Spacer Logam 25 mm-2
2026-04-21 12:26:51,976 INFO  ExportHelperExtension.cs: 1125 - Retrieving features of type [RefAxis] from [unv] Spacer Logam 25 mm-3
2026-04-21 12:26:51,977 INFO  ExportHelperExtension.cs: 1136 - Found 25 in [unv] Spacer Logam 25 mm-3
2026-04-21 12:26:51,977 INFO  ExportHelperExtension.cs: 1145 - Found 0 features of type [RefAxis] in [unv] Spacer Logam 25 mm-3
2026-04-21 12:26:51,977 INFO  ExportHelperExtension.cs: 1125 - Retrieving features of type [RefAxis] from [unv] Spacer Logam 25 mm-4
2026-04-21 12:26:51,977 INFO  ExportHelperExtension.cs: 1136 - Found 25 in [unv] Spacer Logam 25 mm-4
2026-04-21 12:26:51,978 INFO  ExportHelperExtension.cs: 1145 - Found 0 features of type [RefAxis] in [unv] Spacer Logam 25 mm-4
2026-04-21 12:26:51,978 INFO  ExportHelperExtension.cs: 1125 - Retrieving features of type [RefAxis] from [Fix 7] 1.Rev.1 - Assem2-1
2026-04-21 12:26:52,000 INFO  ExportHelperExtension.cs: 1136 - Found 67 in [Fix 7] 1.Rev.1 - Assem2-1
2026-04-21 12:26:52,000 INFO  ExportHelperExtension.cs: 1145 - Found 0 features of type [RefAxis] in [Fix 7] 1.Rev.1 - Assem2-1
2026-04-21 12:26:52,001 INFO  ExportHelperExtension.cs: 1125 - Retrieving features of type [RefAxis] from Omni_Wheel_12mm_Hex_Mod1-2
2026-04-21 12:26:52,001 INFO  ExportHelperExtension.cs: 1136 - Found 25 in Omni_Wheel_12mm_Hex_Mod1-2
2026-04-21 12:26:52,001 INFO  ExportHelperExtension.cs: 1145 - Found 0 features of type [RefAxis] in Omni_Wheel_12mm_Hex_Mod1-2
2026-04-21 12:26:52,002 INFO  ExportHelperExtension.cs: 1125 - Retrieving features of type [RefAxis] from Omni_Wheel_12mm_Hex_Mod1-3
2026-04-21 12:26:52,002 INFO  ExportHelperExtension.cs: 1136 - Found 25 in Omni_Wheel_12mm_Hex_Mod1-3
2026-04-21 12:26:52,002 INFO  ExportHelperExtension.cs: 1145 - Found 0 features of type [RefAxis] in Omni_Wheel_12mm_Hex_Mod1-3
2026-04-21 12:26:52,003 INFO  ExportHelperExtension.cs: 1125 - Retrieving features of type [RefAxis] from [Fix 7] 1.Rev - Casis Samping Utama-1
2026-04-21 12:26:52,003 INFO  ExportHelperExtension.cs: 1136 - Found 25 in [Fix 7] 1.Rev - Casis Samping Utama-1
2026-04-21 12:26:52,003 INFO  ExportHelperExtension.cs: 1145 - Found 0 features of type [RefAxis] in [Fix 7] 1.Rev - Casis Samping Utama-1
2026-04-21 12:26:52,004 INFO  ExportHelperExtension.cs: 1125 - Retrieving features of type [RefAxis] from [Fix 7] 1.Rev - Casis Link Samping to Depan-1
2026-04-21 12:26:52,004 INFO  ExportHelperExtension.cs: 1136 - Found 25 in [Fix 7] 1.Rev - Casis Link Samping to Depan-1
2026-04-21 12:26:52,004 INFO  ExportHelperExtension.cs: 1145 - Found 0 features of type [RefAxis] in [Fix 7] 1.Rev - Casis Link Samping to Depan-1
2026-04-21 12:26:52,004 INFO  ExportHelperExtension.cs: 1125 - Retrieving features of type [RefAxis] from [Fix 7] 1.Rev - Casis Link Samping to Depan-2
2026-04-21 12:26:52,005 INFO  ExportHelperExtension.cs: 1136 - Found 25 in [Fix 7] 1.Rev - Casis Link Samping to Depan-2
2026-04-21 12:26:52,005 INFO  ExportHelperExtension.cs: 1145 - Found 0 features of type [RefAxis] in [Fix 7] 1.Rev - Casis Link Samping to Depan-2
2026-04-21 12:26:52,005 INFO  ExportHelperExtension.cs: 1125 - Retrieving features of type [RefAxis] from [Fix 7] 1.Rev - Casis Depan Belakang-1
2026-04-21 12:26:52,006 INFO  ExportHelperExtension.cs: 1136 - Found 25 in [Fix 7] 1.Rev - Casis Depan Belakang-1
2026-04-21 12:26:52,006 INFO  ExportHelperExtension.cs: 1145 - Found 0 features of type [RefAxis] in [Fix 7] 1.Rev - Casis Depan Belakang-1
2026-04-21 12:26:52,006 INFO  ExportHelperExtension.cs: 1125 - Retrieving features of type [RefAxis] from [Fix 7] 1.Rev - Casis Link Samping to Depan-3
2026-04-21 12:26:52,006 INFO  ExportHelperExtension.cs: 1136 - Found 25 in [Fix 7] 1.Rev - Casis Link Samping to Depan-3
2026-04-21 12:26:52,007 INFO  ExportHelperExtension.cs: 1145 - Found 0 features of type [RefAxis] in [Fix 7] 1.Rev - Casis Link Samping to Depan-3
2026-04-21 12:26:52,007 INFO  ExportHelperExtension.cs: 1125 - Retrieving features of type [RefAxis] from [Fix 7] 1.Rev - Casis Link Samping to Depan-4
2026-04-21 12:26:52,007 INFO  ExportHelperExtension.cs: 1136 - Found 25 in [Fix 7] 1.Rev - Casis Link Samping to Depan-4
2026-04-21 12:26:52,008 INFO  ExportHelperExtension.cs: 1145 - Found 0 features of type [RefAxis] in [Fix 7] 1.Rev - Casis Link Samping to Depan-4
2026-04-21 12:26:52,008 INFO  ExportHelperExtension.cs: 1125 - Retrieving features of type [RefAxis] from [Fix 7] 1.Rev - Casis Depan Belakang-2
2026-04-21 12:26:52,008 INFO  ExportHelperExtension.cs: 1136 - Found 25 in [Fix 7] 1.Rev - Casis Depan Belakang-2
2026-04-21 12:26:52,008 INFO  ExportHelperExtension.cs: 1145 - Found 0 features of type [RefAxis] in [Fix 7] 1.Rev - Casis Depan Belakang-2
2026-04-21 12:26:52,009 INFO  ExportHelperExtension.cs: 1125 - Retrieving features of type [RefAxis] from [Fix 7] 1.Rev - Casis Link to Body-2
2026-04-21 12:26:52,009 INFO  ExportHelperExtension.cs: 1136 - Found 25 in [Fix 7] 1.Rev - Casis Link to Body-2
2026-04-21 12:26:52,009 INFO  ExportHelperExtension.cs: 1145 - Found 0 features of type [RefAxis] in [Fix 7] 1.Rev - Casis Link to Body-2
2026-04-21 12:26:52,010 INFO  ExportHelperExtension.cs: 1125 - Retrieving features of type [RefAxis] from [Fix 7] 1.Rev - Casis Samping Tambahan 2 mm-1
2026-04-21 12:26:52,010 INFO  ExportHelperExtension.cs: 1136 - Found 25 in [Fix 7] 1.Rev - Casis Samping Tambahan 2 mm-1
2026-04-21 12:26:52,010 INFO  ExportHelperExtension.cs: 1145 - Found 0 features of type [RefAxis] in [Fix 7] 1.Rev - Casis Samping Tambahan 2 mm-1
2026-04-21 12:26:52,010 INFO  ExportHelperExtension.cs: 1125 - Retrieving features of type [RefAxis] from [Fix 7] 1.Rev - Casis Samping Tambahan 2 mm-2
2026-04-21 12:26:52,011 INFO  ExportHelperExtension.cs: 1136 - Found 25 in [Fix 7] 1.Rev - Casis Samping Tambahan 2 mm-2
2026-04-21 12:26:52,011 INFO  ExportHelperExtension.cs: 1145 - Found 0 features of type [RefAxis] in [Fix 7] 1.Rev - Casis Samping Tambahan 2 mm-2
2026-04-21 12:26:52,011 INFO  ExportHelperExtension.cs: 1125 - Retrieving features of type [RefAxis] from [Fix 7] 1.Rev - Casis Samping Utama-2
2026-04-21 12:26:52,012 INFO  ExportHelperExtension.cs: 1136 - Found 25 in [Fix 7] 1.Rev - Casis Samping Utama-2
2026-04-21 12:26:52,012 INFO  ExportHelperExtension.cs: 1145 - Found 0 features of type [RefAxis] in [Fix 7] 1.Rev - Casis Samping Utama-2
2026-04-21 12:26:52,059 INFO  SwAddin.cs: 339 - Loading config tree
2026-04-21 12:26:52,061 INFO  ExportPropertyManagerExtension.cs: 520 - Starting new configuration
2026-04-21 12:26:52,062 INFO  SwAddin.cs: 344 - Showing property manager
2026-04-21 12:28:05,101 INFO  ExportPropertyManager.cs: 1018 - OnComboboxSelectionChanged called. This method no longer throws an Exception. It just silently does nothing. Ok, except for this logging message
2026-04-21 12:28:13,766 INFO  ExportPropertyManager.cs: 416 - Configuration canceled
2026-04-21 12:28:13,918 INFO  ExportPropertyManager.cs: 1142 - AfterClose called. This method no longer throws an Exception. It just silently does nothing. Ok, except for this logging message
2026-04-21 12:28:25,270 INFO  SwAddin.cs: 294 - Assembly export called for file UiRS.1 - Object Transpot Robot Arm.SLDASM
2026-04-21 12:28:25,270 INFO  SwAddin.cs: 299 - Save is required
2026-04-21 12:28:25,272 INFO  SwAddin.cs: 313 - Saving assembly
2026-04-21 12:28:26,445 INFO  SwAddin.cs: 316 - Opening property manager
2026-04-21 12:28:26,445 INFO  ExportHelperExtension.cs: 1125 - Retrieving features of type [CoordSys] from UiRS.1 - Object Transpot Robot Arm.SLDASM
2026-04-21 12:28:26,446 INFO  ExportHelperExtension.cs: 1136 - Found 174 in UiRS.1 - Object Transpot Robot Arm.SLDASM
2026-04-21 12:28:26,447 INFO  ExportHelperExtension.cs: 1145 - Found 2 features of type [CoordSys] in UiRS.1 - Object Transpot Robot Arm.SLDASM
2026-04-21 12:28:26,447 INFO  ExportHelperExtension.cs: 1148 - Proceeding through assembly components
2026-04-21 12:28:26,448 INFO  ExportHelperExtension.cs: 1160 - 35 components to check
2026-04-21 12:28:26,448 INFO  ExportHelperExtension.cs: 1125 - Retrieving features of type [CoordSys] from [Fix 7] 1.Rev - Casis Base Servo-1
2026-04-21 12:28:26,449 INFO  ExportHelperExtension.cs: 1136 - Found 25 in [Fix 7] 1.Rev - Casis Base Servo-1
2026-04-21 12:28:26,449 INFO  ExportHelperExtension.cs: 1145 - Found 0 features of type [CoordSys] in [Fix 7] 1.Rev - Casis Base Servo-1
2026-04-21 12:28:26,450 INFO  ExportHelperExtension.cs: 1125 - Retrieving features of type [CoordSys] from [Fix 7] 1.Rev - Casis Link to Body-1
2026-04-21 12:28:26,450 INFO  ExportHelperExtension.cs: 1136 - Found 25 in [Fix 7] 1.Rev - Casis Link to Body-1
2026-04-21 12:28:26,453 INFO  ExportHelperExtension.cs: 1145 - Found 0 features of type [CoordSys] in [Fix 7] 1.Rev - Casis Link to Body-1
2026-04-21 12:28:26,454 INFO  ExportHelperExtension.cs: 1125 - Retrieving features of type [CoordSys] from [Fix 7] 1.Rev - Lipo Case Base-1
2026-04-21 12:28:26,455 INFO  ExportHelperExtension.cs: 1136 - Found 25 in [Fix 7] 1.Rev - Lipo Case Base-1
2026-04-21 12:28:26,456 INFO  ExportHelperExtension.cs: 1145 - Found 0 features of type [CoordSys] in [Fix 7] 1.Rev - Lipo Case Base-1
2026-04-21 12:28:26,456 INFO  ExportHelperExtension.cs: 1125 - Retrieving features of type [CoordSys] from [Fix 7] 1.Rev - Lipo Case Base-2
2026-04-21 12:28:26,457 INFO  ExportHelperExtension.cs: 1136 - Found 25 in [Fix 7] 1.Rev - Lipo Case Base-2
2026-04-21 12:28:26,457 INFO  ExportHelperExtension.cs: 1145 - Found 0 features of type [CoordSys] in [Fix 7] 1.Rev - Lipo Case Base-2
2026-04-21 12:28:26,458 INFO  ExportHelperExtension.cs: 1125 - Retrieving features of type [CoordSys] from [unv] Spacer Logam 25 mm-1
2026-04-21 12:28:26,459 INFO  ExportHelperExtension.cs: 1136 - Found 25 in [unv] Spacer Logam 25 mm-1
2026-04-21 12:28:26,459 INFO  ExportHelperExtension.cs: 1145 - Found 0 features of type [CoordSys] in [unv] Spacer Logam 25 mm-1
2026-04-21 12:28:26,460 INFO  ExportHelperExtension.cs: 1125 - Retrieving features of type [CoordSys] from [unv] Gearbox Kuning Type L-3
2026-04-21 12:28:26,473 INFO  ExportHelperExtension.cs: 1136 - Found 25 in [unv] Gearbox Kuning Type L-3
2026-04-21 12:28:26,474 INFO  ExportHelperExtension.cs: 1145 - Found 0 features of type [CoordSys] in [unv] Gearbox Kuning Type L-3
2026-04-21 12:28:26,475 INFO  ExportHelperExtension.cs: 1125 - Retrieving features of type [CoordSys] from [Fix 7] 1.Rev - Lipo Case Link-1
2026-04-21 12:28:26,476 INFO  ExportHelperExtension.cs: 1136 - Found 25 in [Fix 7] 1.Rev - Lipo Case Link-1
2026-04-21 12:28:26,477 INFO  ExportHelperExtension.cs: 1145 - Found 0 features of type [CoordSys] in [Fix 7] 1.Rev - Lipo Case Link-1
2026-04-21 12:28:26,477 INFO  ExportHelperExtension.cs: 1125 - Retrieving features of type [CoordSys] from [unv] Gearbox Kuning Type L-2
2026-04-21 12:28:26,478 INFO  ExportHelperExtension.cs: 1136 - Found 25 in [unv] Gearbox Kuning Type L-2
2026-04-21 12:28:26,479 INFO  ExportHelperExtension.cs: 1145 - Found 0 features of type [CoordSys] in [unv] Gearbox Kuning Type L-2
2026-04-21 12:28:26,480 INFO  ExportHelperExtension.cs: 1125 - Retrieving features of type [CoordSys] from [Fix 7] 1.Rev - Lipo Case Link-3
2026-04-21 12:28:26,481 INFO  ExportHelperExtension.cs: 1136 - Found 25 in [Fix 7] 1.Rev - Lipo Case Link-3
2026-04-21 12:28:26,481 INFO  ExportHelperExtension.cs: 1145 - Found 0 features of type [CoordSys] in [Fix 7] 1.Rev - Lipo Case Link-3
2026-04-21 12:28:26,482 INFO  ExportHelperExtension.cs: 1125 - Retrieving features of type [CoordSys] from [unv] Gearbox Kuning Type L-1
2026-04-21 12:28:26,483 INFO  ExportHelperExtension.cs: 1136 - Found 25 in [unv] Gearbox Kuning Type L-1
2026-04-21 12:28:26,484 INFO  ExportHelperExtension.cs: 1145 - Found 0 features of type [CoordSys] in [unv] Gearbox Kuning Type L-1
2026-04-21 12:28:26,485 INFO  ExportHelperExtension.cs: 1125 - Retrieving features of type [CoordSys] from [unv] Gearbox Kuning Type L-4
2026-04-21 12:28:26,485 INFO  ExportHelperExtension.cs: 1136 - Found 25 in [unv] Gearbox Kuning Type L-4
2026-04-21 12:28:26,486 INFO  ExportHelperExtension.cs: 1145 - Found 0 features of type [CoordSys] in [unv] Gearbox Kuning Type L-4
2026-04-21 12:28:26,487 INFO  ExportHelperExtension.cs: 1125 - Retrieving features of type [CoordSys] from [Fix 7] 1.Rev - Lipo Case Link-2
2026-04-21 12:28:26,488 INFO  ExportHelperExtension.cs: 1136 - Found 25 in [Fix 7] 1.Rev - Lipo Case Link-2
2026-04-21 12:28:26,489 INFO  ExportHelperExtension.cs: 1145 - Found 0 features of type [CoordSys] in [Fix 7] 1.Rev - Lipo Case Link-2
2026-04-21 12:28:26,489 INFO  ExportHelperExtension.cs: 1125 - Retrieving features of type [CoordSys] from [Fix 7] 1.Rev - Lipo Case Link-4
2026-04-21 12:28:26,490 INFO  ExportHelperExtension.cs: 1136 - Found 25 in [Fix 7] 1.Rev - Lipo Case Link-4
2026-04-21 12:28:26,491 INFO  ExportHelperExtension.cs: 1145 - Found 0 features of type [CoordSys] in [Fix 7] 1.Rev - Lipo Case Link-4
2026-04-21 12:28:26,491 INFO  ExportHelperExtension.cs: 1125 - Retrieving features of type [CoordSys] from cameraholder-1
2026-04-21 12:28:26,492 INFO  ExportHelperExtension.cs: 1136 - Found 52 in cameraholder-1
2026-04-21 12:28:26,493 INFO  ExportHelperExtension.cs: 1145 - Found 0 features of type [CoordSys] in cameraholder-1
2026-04-21 12:28:26,494 INFO  ExportHelperExtension.cs: 1125 - Retrieving features of type [CoordSys] from [unv] - L298N Motor Driver (Red)-1
2026-04-21 12:28:26,495 INFO  ExportHelperExtension.cs: 1136 - Found 25 in [unv] - L298N Motor Driver (Red)-1
2026-04-21 12:28:26,496 INFO  ExportHelperExtension.cs: 1145 - Found 0 features of type [CoordSys] in [unv] - L298N Motor Driver (Red)-1
2026-04-21 12:28:26,496 INFO  ExportHelperExtension.cs: 1125 - Retrieving features of type [CoordSys] from Omni_Wheel_12mm_Hex_Mod1-1
2026-04-21 12:28:26,497 INFO  ExportHelperExtension.cs: 1136 - Found 25 in Omni_Wheel_12mm_Hex_Mod1-1
2026-04-21 12:28:26,498 INFO  ExportHelperExtension.cs: 1145 - Found 0 features of type [CoordSys] in Omni_Wheel_12mm_Hex_Mod1-1
2026-04-21 12:28:26,498 INFO  ExportHelperExtension.cs: 1125 - Retrieving features of type [CoordSys] from Omni_Wheel_12mm_Hex_Mod1-4
2026-04-21 12:28:26,499 INFO  ExportHelperExtension.cs: 1136 - Found 25 in Omni_Wheel_12mm_Hex_Mod1-4
2026-04-21 12:28:26,500 INFO  ExportHelperExtension.cs: 1145 - Found 0 features of type [CoordSys] in Omni_Wheel_12mm_Hex_Mod1-4
2026-04-21 12:28:26,501 INFO  ExportHelperExtension.cs: 1125 - Retrieving features of type [CoordSys] from cameraholder2-1
2026-04-21 12:28:26,501 INFO  ExportHelperExtension.cs: 1136 - Found 37 in cameraholder2-1
2026-04-21 12:28:26,503 INFO  ExportHelperExtension.cs: 1145 - Found 0 features of type [CoordSys] in cameraholder2-1
2026-04-21 12:28:26,503 INFO  ExportHelperExtension.cs: 1125 - Retrieving features of type [CoordSys] from [unv] Spacer Logam 25 mm-2
2026-04-21 12:28:26,505 INFO  ExportHelperExtension.cs: 1136 - Found 25 in [unv] Spacer Logam 25 mm-2
2026-04-21 12:28:26,506 INFO  ExportHelperExtension.cs: 1145 - Found 0 features of type [CoordSys] in [unv] Spacer Logam 25 mm-2
2026-04-21 12:28:26,506 INFO  ExportHelperExtension.cs: 1125 - Retrieving features of type [CoordSys] from [unv] Spacer Logam 25 mm-3
2026-04-21 12:28:26,507 INFO  ExportHelperExtension.cs: 1136 - Found 25 in [unv] Spacer Logam 25 mm-3
2026-04-21 12:28:26,508 INFO  ExportHelperExtension.cs: 1145 - Found 0 features of type [CoordSys] in [unv] Spacer Logam 25 mm-3
2026-04-21 12:28:26,508 INFO  ExportHelperExtension.cs: 1125 - Retrieving features of type [CoordSys] from [unv] Spacer Logam 25 mm-4
2026-04-21 12:28:26,509 INFO  ExportHelperExtension.cs: 1136 - Found 25 in [unv] Spacer Logam 25 mm-4
2026-04-21 12:28:26,510 INFO  ExportHelperExtension.cs: 1145 - Found 0 features of type [CoordSys] in [unv] Spacer Logam 25 mm-4
2026-04-21 12:28:26,511 INFO  ExportHelperExtension.cs: 1125 - Retrieving features of type [CoordSys] from [Fix 7] 1.Rev.1 - Assem2-1
2026-04-21 12:28:26,512 INFO  ExportHelperExtension.cs: 1136 - Found 67 in [Fix 7] 1.Rev.1 - Assem2-1
2026-04-21 12:28:26,513 INFO  ExportHelperExtension.cs: 1145 - Found 0 features of type [CoordSys] in [Fix 7] 1.Rev.1 - Assem2-1
2026-04-21 12:28:26,513 INFO  ExportHelperExtension.cs: 1125 - Retrieving features of type [CoordSys] from Omni_Wheel_12mm_Hex_Mod1-2
2026-04-21 12:28:26,514 INFO  ExportHelperExtension.cs: 1136 - Found 25 in Omni_Wheel_12mm_Hex_Mod1-2
2026-04-21 12:28:26,515 INFO  ExportHelperExtension.cs: 1145 - Found 0 features of type [CoordSys] in Omni_Wheel_12mm_Hex_Mod1-2
2026-04-21 12:28:26,516 INFO  ExportHelperExtension.cs: 1125 - Retrieving features of type [CoordSys] from Omni_Wheel_12mm_Hex_Mod1-3
2026-04-21 12:28:26,517 INFO  ExportHelperExtension.cs: 1136 - Found 25 in Omni_Wheel_12mm_Hex_Mod1-3
2026-04-21 12:28:26,518 INFO  ExportHelperExtension.cs: 1145 - Found 0 features of type [CoordSys] in Omni_Wheel_12mm_Hex_Mod1-3
2026-04-21 12:28:26,519 INFO  ExportHelperExtension.cs: 1125 - Retrieving features of type [CoordSys] from [Fix 7] 1.Rev - Casis Samping Utama-1
2026-04-21 12:28:26,520 INFO  ExportHelperExtension.cs: 1136 - Found 25 in [Fix 7] 1.Rev - Casis Samping Utama-1
2026-04-21 12:28:26,520 INFO  ExportHelperExtension.cs: 1145 - Found 0 features of type [CoordSys] in [Fix 7] 1.Rev - Casis Samping Utama-1
2026-04-21 12:28:26,521 INFO  ExportHelperExtension.cs: 1125 - Retrieving features of type [CoordSys] from [Fix 7] 1.Rev - Casis Link Samping to Depan-1
2026-04-21 12:28:26,521 INFO  ExportHelperExtension.cs: 1136 - Found 25 in [Fix 7] 1.Rev - Casis Link Samping to Depan-1
2026-04-21 12:28:26,522 INFO  ExportHelperExtension.cs: 1145 - Found 0 features of type [CoordSys] in [Fix 7] 1.Rev - Casis Link Samping to Depan-1
2026-04-21 12:28:26,522 INFO  ExportHelperExtension.cs: 1125 - Retrieving features of type [CoordSys] from [Fix 7] 1.Rev - Casis Link Samping to Depan-2
2026-04-21 12:28:26,523 INFO  ExportHelperExtension.cs: 1136 - Found 25 in [Fix 7] 1.Rev - Casis Link Samping to Depan-2
2026-04-21 12:28:26,523 INFO  ExportHelperExtension.cs: 1145 - Found 0 features of type [CoordSys] in [Fix 7] 1.Rev - Casis Link Samping to Depan-2
2026-04-21 12:28:26,523 INFO  ExportHelperExtension.cs: 1125 - Retrieving features of type [CoordSys] from [Fix 7] 1.Rev - Casis Depan Belakang-1
2026-04-21 12:28:26,524 INFO  ExportHelperExtension.cs: 1136 - Found 25 in [Fix 7] 1.Rev - Casis Depan Belakang-1
2026-04-21 12:28:26,525 INFO  ExportHelperExtension.cs: 1145 - Found 0 features of type [CoordSys] in [Fix 7] 1.Rev - Casis Depan Belakang-1
2026-04-21 12:28:26,526 INFO  ExportHelperExtension.cs: 1125 - Retrieving features of type [CoordSys] from [Fix 7] 1.Rev - Casis Link Samping to Depan-3
2026-04-21 12:28:26,526 INFO  ExportHelperExtension.cs: 1136 - Found 25 in [Fix 7] 1.Rev - Casis Link Samping to Depan-3
2026-04-21 12:28:26,527 INFO  ExportHelperExtension.cs: 1145 - Found 0 features of type [CoordSys] in [Fix 7] 1.Rev - Casis Link Samping to Depan-3
2026-04-21 12:28:26,527 INFO  ExportHelperExtension.cs: 1125 - Retrieving features of type [CoordSys] from [Fix 7] 1.Rev - Casis Link Samping to Depan-4
2026-04-21 12:28:26,527 INFO  ExportHelperExtension.cs: 1136 - Found 25 in [Fix 7] 1.Rev - Casis Link Samping to Depan-4
2026-04-21 12:28:26,528 INFO  ExportHelperExtension.cs: 1145 - Found 0 features of type [CoordSys] in [Fix 7] 1.Rev - Casis Link Samping to Depan-4
2026-04-21 12:28:26,529 INFO  ExportHelperExtension.cs: 1125 - Retrieving features of type [CoordSys] from [Fix 7] 1.Rev - Casis Depan Belakang-2
2026-04-21 12:28:26,529 INFO  ExportHelperExtension.cs: 1136 - Found 25 in [Fix 7] 1.Rev - Casis Depan Belakang-2
2026-04-21 12:28:26,530 INFO  ExportHelperExtension.cs: 1145 - Found 0 features of type [CoordSys] in [Fix 7] 1.Rev - Casis Depan Belakang-2
2026-04-21 12:28:26,531 INFO  ExportHelperExtension.cs: 1125 - Retrieving features of type [CoordSys] from [Fix 7] 1.Rev - Casis Link to Body-2
2026-04-21 12:28:26,532 INFO  ExportHelperExtension.cs: 1136 - Found 25 in [Fix 7] 1.Rev - Casis Link to Body-2
2026-04-21 12:28:26,532 INFO  ExportHelperExtension.cs: 1145 - Found 0 features of type [CoordSys] in [Fix 7] 1.Rev - Casis Link to Body-2
2026-04-21 12:28:26,532 INFO  ExportHelperExtension.cs: 1125 - Retrieving features of type [CoordSys] from [Fix 7] 1.Rev - Casis Samping Tambahan 2 mm-1
2026-04-21 12:28:26,533 INFO  ExportHelperExtension.cs: 1136 - Found 25 in [Fix 7] 1.Rev - Casis Samping Tambahan 2 mm-1
2026-04-21 12:28:26,534 INFO  ExportHelperExtension.cs: 1145 - Found 0 features of type [CoordSys] in [Fix 7] 1.Rev - Casis Samping Tambahan 2 mm-1
2026-04-21 12:28:26,534 INFO  ExportHelperExtension.cs: 1125 - Retrieving features of type [CoordSys] from [Fix 7] 1.Rev - Casis Samping Tambahan 2 mm-2
2026-04-21 12:28:26,535 INFO  ExportHelperExtension.cs: 1136 - Found 25 in [Fix 7] 1.Rev - Casis Samping Tambahan 2 mm-2
2026-04-21 12:28:26,535 INFO  ExportHelperExtension.cs: 1145 - Found 0 features of type [CoordSys] in [Fix 7] 1.Rev - Casis Samping Tambahan 2 mm-2
2026-04-21 12:28:26,536 INFO  ExportHelperExtension.cs: 1125 - Retrieving features of type [CoordSys] from [Fix 7] 1.Rev - Casis Samping Utama-2
2026-04-21 12:28:26,536 INFO  ExportHelperExtension.cs: 1136 - Found 25 in [Fix 7] 1.Rev - Casis Samping Utama-2
2026-04-21 12:28:26,537 INFO  ExportHelperExtension.cs: 1145 - Found 0 features of type [CoordSys] in [Fix 7] 1.Rev - Casis Samping Utama-2
2026-04-21 12:28:26,538 INFO  ExportHelperExtension.cs: 1125 - Retrieving features of type [RefAxis] from UiRS.1 - Object Transpot Robot Arm.SLDASM
2026-04-21 12:28:26,538 INFO  ExportHelperExtension.cs: 1136 - Found 174 in UiRS.1 - Object Transpot Robot Arm.SLDASM
2026-04-21 12:28:26,540 INFO  ExportHelperExtension.cs: 1145 - Found 8 features of type [RefAxis] in UiRS.1 - Object Transpot Robot Arm.SLDASM
2026-04-21 12:28:26,540 INFO  ExportHelperExtension.cs: 1148 - Proceeding through assembly components
2026-04-21 12:28:26,541 INFO  ExportHelperExtension.cs: 1160 - 35 components to check
2026-04-21 12:28:26,541 INFO  ExportHelperExtension.cs: 1125 - Retrieving features of type [RefAxis] from [Fix 7] 1.Rev - Casis Base Servo-1
2026-04-21 12:28:26,542 INFO  ExportHelperExtension.cs: 1136 - Found 25 in [Fix 7] 1.Rev - Casis Base Servo-1
2026-04-21 12:28:26,543 INFO  ExportHelperExtension.cs: 1145 - Found 0 features of type [RefAxis] in [Fix 7] 1.Rev - Casis Base Servo-1
2026-04-21 12:28:26,544 INFO  ExportHelperExtension.cs: 1125 - Retrieving features of type [RefAxis] from [Fix 7] 1.Rev - Casis Link to Body-1
2026-04-21 12:28:26,544 INFO  ExportHelperExtension.cs: 1136 - Found 25 in [Fix 7] 1.Rev - Casis Link to Body-1
2026-04-21 12:28:26,545 INFO  ExportHelperExtension.cs: 1145 - Found 0 features of type [RefAxis] in [Fix 7] 1.Rev - Casis Link to Body-1
2026-04-21 12:28:26,546 INFO  ExportHelperExtension.cs: 1125 - Retrieving features of type [RefAxis] from [Fix 7] 1.Rev - Lipo Case Base-1
2026-04-21 12:28:26,546 INFO  ExportHelperExtension.cs: 1136 - Found 25 in [Fix 7] 1.Rev - Lipo Case Base-1
2026-04-21 12:28:26,547 INFO  ExportHelperExtension.cs: 1145 - Found 0 features of type [RefAxis] in [Fix 7] 1.Rev - Lipo Case Base-1
2026-04-21 12:28:26,547 INFO  ExportHelperExtension.cs: 1125 - Retrieving features of type [RefAxis] from [Fix 7] 1.Rev - Lipo Case Base-2
2026-04-21 12:28:26,548 INFO  ExportHelperExtension.cs: 1136 - Found 25 in [Fix 7] 1.Rev - Lipo Case Base-2
2026-04-21 12:28:26,548 INFO  ExportHelperExtension.cs: 1145 - Found 0 features of type [RefAxis] in [Fix 7] 1.Rev - Lipo Case Base-2
2026-04-21 12:28:26,549 INFO  ExportHelperExtension.cs: 1125 - Retrieving features of type [RefAxis] from [unv] Spacer Logam 25 mm-1
2026-04-21 12:28:26,550 INFO  ExportHelperExtension.cs: 1136 - Found 25 in [unv] Spacer Logam 25 mm-1
2026-04-21 12:28:26,550 INFO  ExportHelperExtension.cs: 1145 - Found 0 features of type [RefAxis] in [unv] Spacer Logam 25 mm-1
2026-04-21 12:28:26,551 INFO  ExportHelperExtension.cs: 1125 - Retrieving features of type [RefAxis] from [unv] Gearbox Kuning Type L-3
2026-04-21 12:28:26,551 INFO  ExportHelperExtension.cs: 1136 - Found 25 in [unv] Gearbox Kuning Type L-3
2026-04-21 12:28:26,552 INFO  ExportHelperExtension.cs: 1145 - Found 0 features of type [RefAxis] in [unv] Gearbox Kuning Type L-3
2026-04-21 12:28:26,552 INFO  ExportHelperExtension.cs: 1125 - Retrieving features of type [RefAxis] from [Fix 7] 1.Rev - Lipo Case Link-1
2026-04-21 12:28:26,553 INFO  ExportHelperExtension.cs: 1136 - Found 25 in [Fix 7] 1.Rev - Lipo Case Link-1
2026-04-21 12:28:26,553 INFO  ExportHelperExtension.cs: 1145 - Found 0 features of type [RefAxis] in [Fix 7] 1.Rev - Lipo Case Link-1
2026-04-21 12:28:26,554 INFO  ExportHelperExtension.cs: 1125 - Retrieving features of type [RefAxis] from [unv] Gearbox Kuning Type L-2
2026-04-21 12:28:26,554 INFO  ExportHelperExtension.cs: 1136 - Found 25 in [unv] Gearbox Kuning Type L-2
2026-04-21 12:28:26,555 INFO  ExportHelperExtension.cs: 1145 - Found 0 features of type [RefAxis] in [unv] Gearbox Kuning Type L-2
2026-04-21 12:28:26,555 INFO  ExportHelperExtension.cs: 1125 - Retrieving features of type [RefAxis] from [Fix 7] 1.Rev - Lipo Case Link-3
2026-04-21 12:28:26,556 INFO  ExportHelperExtension.cs: 1136 - Found 25 in [Fix 7] 1.Rev - Lipo Case Link-3
2026-04-21 12:28:26,556 INFO  ExportHelperExtension.cs: 1145 - Found 0 features of type [RefAxis] in [Fix 7] 1.Rev - Lipo Case Link-3
2026-04-21 12:28:26,557 INFO  ExportHelperExtension.cs: 1125 - Retrieving features of type [RefAxis] from [unv] Gearbox Kuning Type L-1
2026-04-21 12:28:26,557 INFO  ExportHelperExtension.cs: 1136 - Found 25 in [unv] Gearbox Kuning Type L-1
2026-04-21 12:28:26,558 INFO  ExportHelperExtension.cs: 1145 - Found 0 features of type [RefAxis] in [unv] Gearbox Kuning Type L-1
2026-04-21 12:28:26,558 INFO  ExportHelperExtension.cs: 1125 - Retrieving features of type [RefAxis] from [unv] Gearbox Kuning Type L-4
2026-04-21 12:28:26,559 INFO  ExportHelperExtension.cs: 1136 - Found 25 in [unv] Gearbox Kuning Type L-4
2026-04-21 12:28:26,559 INFO  ExportHelperExtension.cs: 1145 - Found 0 features of type [RefAxis] in [unv] Gearbox Kuning Type L-4
2026-04-21 12:28:26,560 INFO  ExportHelperExtension.cs: 1125 - Retrieving features of type [RefAxis] from [Fix 7] 1.Rev - Lipo Case Link-2
2026-04-21 12:28:26,560 INFO  ExportHelperExtension.cs: 1136 - Found 25 in [Fix 7] 1.Rev - Lipo Case Link-2
2026-04-21 12:28:26,561 INFO  ExportHelperExtension.cs: 1145 - Found 0 features of type [RefAxis] in [Fix 7] 1.Rev - Lipo Case Link-2
2026-04-21 12:28:26,561 INFO  ExportHelperExtension.cs: 1125 - Retrieving features of type [RefAxis] from [Fix 7] 1.Rev - Lipo Case Link-4
2026-04-21 12:28:26,562 INFO  ExportHelperExtension.cs: 1136 - Found 25 in [Fix 7] 1.Rev - Lipo Case Link-4
2026-04-21 12:28:26,562 INFO  ExportHelperExtension.cs: 1145 - Found 0 features of type [RefAxis] in [Fix 7] 1.Rev - Lipo Case Link-4
2026-04-21 12:28:26,563 INFO  ExportHelperExtension.cs: 1125 - Retrieving features of type [RefAxis] from cameraholder-1
2026-04-21 12:28:26,563 INFO  ExportHelperExtension.cs: 1136 - Found 52 in cameraholder-1
2026-04-21 12:28:26,564 INFO  ExportHelperExtension.cs: 1145 - Found 0 features of type [RefAxis] in cameraholder-1
2026-04-21 12:28:26,564 INFO  ExportHelperExtension.cs: 1125 - Retrieving features of type [RefAxis] from [unv] - L298N Motor Driver (Red)-1
2026-04-21 12:28:26,565 INFO  ExportHelperExtension.cs: 1136 - Found 25 in [unv] - L298N Motor Driver (Red)-1
2026-04-21 12:28:26,565 INFO  ExportHelperExtension.cs: 1145 - Found 0 features of type [RefAxis] in [unv] - L298N Motor Driver (Red)-1
2026-04-21 12:28:26,572 INFO  ExportHelperExtension.cs: 1125 - Retrieving features of type [RefAxis] from Omni_Wheel_12mm_Hex_Mod1-1
2026-04-21 12:28:26,778 INFO  ExportHelperExtension.cs: 1136 - Found 25 in Omni_Wheel_12mm_Hex_Mod1-1
2026-04-21 12:28:26,779 INFO  ExportHelperExtension.cs: 1145 - Found 0 features of type [RefAxis] in Omni_Wheel_12mm_Hex_Mod1-1
2026-04-21 12:28:26,780 INFO  ExportHelperExtension.cs: 1125 - Retrieving features of type [RefAxis] from Omni_Wheel_12mm_Hex_Mod1-4
2026-04-21 12:28:26,780 INFO  ExportHelperExtension.cs: 1136 - Found 25 in Omni_Wheel_12mm_Hex_Mod1-4
2026-04-21 12:28:26,781 INFO  ExportHelperExtension.cs: 1145 - Found 0 features of type [RefAxis] in Omni_Wheel_12mm_Hex_Mod1-4
2026-04-21 12:28:26,781 INFO  ExportHelperExtension.cs: 1125 - Retrieving features of type [RefAxis] from cameraholder2-1
2026-04-21 12:28:26,782 INFO  ExportHelperExtension.cs: 1136 - Found 37 in cameraholder2-1
2026-04-21 12:28:26,782 INFO  ExportHelperExtension.cs: 1145 - Found 0 features of type [RefAxis] in cameraholder2-1
2026-04-21 12:28:26,782 INFO  ExportHelperExtension.cs: 1125 - Retrieving features of type [RefAxis] from [unv] Spacer Logam 25 mm-2
2026-04-21 12:28:26,783 INFO  ExportHelperExtension.cs: 1136 - Found 25 in [unv] Spacer Logam 25 mm-2
2026-04-21 12:28:26,783 INFO  ExportHelperExtension.cs: 1145 - Found 0 features of type [RefAxis] in [unv] Spacer Logam 25 mm-2
2026-04-21 12:28:26,784 INFO  ExportHelperExtension.cs: 1125 - Retrieving features of type [RefAxis] from [unv] Spacer Logam 25 mm-3
2026-04-21 12:28:26,784 INFO  ExportHelperExtension.cs: 1136 - Found 25 in [unv] Spacer Logam 25 mm-3
2026-04-21 12:28:26,784 INFO  ExportHelperExtension.cs: 1145 - Found 0 features of type [RefAxis] in [unv] Spacer Logam 25 mm-3
2026-04-21 12:28:26,785 INFO  ExportHelperExtension.cs: 1125 - Retrieving features of type [RefAxis] from [unv] Spacer Logam 25 mm-4
2026-04-21 12:28:26,786 INFO  ExportHelperExtension.cs: 1136 - Found 25 in [unv] Spacer Logam 25 mm-4
2026-04-21 12:28:26,786 INFO  ExportHelperExtension.cs: 1145 - Found 0 features of type [RefAxis] in [unv] Spacer Logam 25 mm-4
2026-04-21 12:28:26,786 INFO  ExportHelperExtension.cs: 1125 - Retrieving features of type [RefAxis] from [Fix 7] 1.Rev.1 - Assem2-1
2026-04-21 12:28:26,787 INFO  ExportHelperExtension.cs: 1136 - Found 67 in [Fix 7] 1.Rev.1 - Assem2-1
2026-04-21 12:28:26,787 INFO  ExportHelperExtension.cs: 1145 - Found 0 features of type [RefAxis] in [Fix 7] 1.Rev.1 - Assem2-1
2026-04-21 12:28:26,788 INFO  ExportHelperExtension.cs: 1125 - Retrieving features of type [RefAxis] from Omni_Wheel_12mm_Hex_Mod1-2
2026-04-21 12:28:26,788 INFO  ExportHelperExtension.cs: 1136 - Found 25 in Omni_Wheel_12mm_Hex_Mod1-2
2026-04-21 12:28:26,788 INFO  ExportHelperExtension.cs: 1145 - Found 0 features of type [RefAxis] in Omni_Wheel_12mm_Hex_Mod1-2
2026-04-21 12:28:26,789 INFO  ExportHelperExtension.cs: 1125 - Retrieving features of type [RefAxis] from Omni_Wheel_12mm_Hex_Mod1-3
2026-04-21 12:28:26,789 INFO  ExportHelperExtension.cs: 1136 - Found 25 in Omni_Wheel_12mm_Hex_Mod1-3
2026-04-21 12:28:26,789 INFO  ExportHelperExtension.cs: 1145 - Found 0 features of type [RefAxis] in Omni_Wheel_12mm_Hex_Mod1-3
2026-04-21 12:28:26,790 INFO  ExportHelperExtension.cs: 1125 - Retrieving features of type [RefAxis] from [Fix 7] 1.Rev - Casis Samping Utama-1
2026-04-21 12:28:26,790 INFO  ExportHelperExtension.cs: 1136 - Found 25 in [Fix 7] 1.Rev - Casis Samping Utama-1
2026-04-21 12:28:26,790 INFO  ExportHelperExtension.cs: 1145 - Found 0 features of type [RefAxis] in [Fix 7] 1.Rev - Casis Samping Utama-1
2026-04-21 12:28:26,791 INFO  ExportHelperExtension.cs: 1125 - Retrieving features of type [RefAxis] from [Fix 7] 1.Rev - Casis Link Samping to Depan-1
2026-04-21 12:28:26,791 INFO  ExportHelperExtension.cs: 1136 - Found 25 in [Fix 7] 1.Rev - Casis Link Samping to Depan-1
2026-04-21 12:28:26,791 INFO  ExportHelperExtension.cs: 1145 - Found 0 features of type [RefAxis] in [Fix 7] 1.Rev - Casis Link Samping to Depan-1
2026-04-21 12:28:26,792 INFO  ExportHelperExtension.cs: 1125 - Retrieving features of type [RefAxis] from [Fix 7] 1.Rev - Casis Link Samping to Depan-2
2026-04-21 12:28:26,792 INFO  ExportHelperExtension.cs: 1136 - Found 25 in [Fix 7] 1.Rev - Casis Link Samping to Depan-2
2026-04-21 12:28:26,792 INFO  ExportHelperExtension.cs: 1145 - Found 0 features of type [RefAxis] in [Fix 7] 1.Rev - Casis Link Samping to Depan-2
2026-04-21 12:28:26,792 INFO  ExportHelperExtension.cs: 1125 - Retrieving features of type [RefAxis] from [Fix 7] 1.Rev - Casis Depan Belakang-1
2026-04-21 12:28:26,793 INFO  ExportHelperExtension.cs: 1136 - Found 25 in [Fix 7] 1.Rev - Casis Depan Belakang-1
2026-04-21 12:28:26,793 INFO  ExportHelperExtension.cs: 1145 - Found 0 features of type [RefAxis] in [Fix 7] 1.Rev - Casis Depan Belakang-1
2026-04-21 12:28:26,793 INFO  ExportHelperExtension.cs: 1125 - Retrieving features of type [RefAxis] from [Fix 7] 1.Rev - Casis Link Samping to Depan-3
2026-04-21 12:28:26,794 INFO  ExportHelperExtension.cs: 1136 - Found 25 in [Fix 7] 1.Rev - Casis Link Samping to Depan-3
2026-04-21 12:28:26,794 INFO  ExportHelperExtension.cs: 1145 - Found 0 features of type [RefAxis] in [Fix 7] 1.Rev - Casis Link Samping to Depan-3
2026-04-21 12:28:26,794 INFO  ExportHelperExtension.cs: 1125 - Retrieving features of type [RefAxis] from [Fix 7] 1.Rev - Casis Link Samping to Depan-4
2026-04-21 12:28:26,795 INFO  ExportHelperExtension.cs: 1136 - Found 25 in [Fix 7] 1.Rev - Casis Link Samping to Depan-4
2026-04-21 12:28:26,795 INFO  ExportHelperExtension.cs: 1145 - Found 0 features of type [RefAxis] in [Fix 7] 1.Rev - Casis Link Samping to Depan-4
2026-04-21 12:28:26,795 INFO  ExportHelperExtension.cs: 1125 - Retrieving features of type [RefAxis] from [Fix 7] 1.Rev - Casis Depan Belakang-2
2026-04-21 12:28:26,796 INFO  ExportHelperExtension.cs: 1136 - Found 25 in [Fix 7] 1.Rev - Casis Depan Belakang-2
2026-04-21 12:28:26,796 INFO  ExportHelperExtension.cs: 1145 - Found 0 features of type [RefAxis] in [Fix 7] 1.Rev - Casis Depan Belakang-2
2026-04-21 12:28:26,796 INFO  ExportHelperExtension.cs: 1125 - Retrieving features of type [RefAxis] from [Fix 7] 1.Rev - Casis Link to Body-2
2026-04-21 12:28:26,796 INFO  ExportHelperExtension.cs: 1136 - Found 25 in [Fix 7] 1.Rev - Casis Link to Body-2
2026-04-21 12:28:26,798 INFO  ExportHelperExtension.cs: 1145 - Found 0 features of type [RefAxis] in [Fix 7] 1.Rev - Casis Link to Body-2
2026-04-21 12:28:26,798 INFO  ExportHelperExtension.cs: 1125 - Retrieving features of type [RefAxis] from [Fix 7] 1.Rev - Casis Samping Tambahan 2 mm-1
2026-04-21 12:28:26,798 INFO  ExportHelperExtension.cs: 1136 - Found 25 in [Fix 7] 1.Rev - Casis Samping Tambahan 2 mm-1
2026-04-21 12:28:26,799 INFO  ExportHelperExtension.cs: 1145 - Found 0 features of type [RefAxis] in [Fix 7] 1.Rev - Casis Samping Tambahan 2 mm-1
2026-04-21 12:28:26,799 INFO  ExportHelperExtension.cs: 1125 - Retrieving features of type [RefAxis] from [Fix 7] 1.Rev - Casis Samping Tambahan 2 mm-2
2026-04-21 12:28:26,799 INFO  ExportHelperExtension.cs: 1136 - Found 25 in [Fix 7] 1.Rev - Casis Samping Tambahan 2 mm-2
2026-04-21 12:28:26,800 INFO  ExportHelperExtension.cs: 1145 - Found 0 features of type [RefAxis] in [Fix 7] 1.Rev - Casis Samping Tambahan 2 mm-2
2026-04-21 12:28:26,800 INFO  ExportHelperExtension.cs: 1125 - Retrieving features of type [RefAxis] from [Fix 7] 1.Rev - Casis Samping Utama-2
2026-04-21 12:28:26,800 INFO  ExportHelperExtension.cs: 1136 - Found 25 in [Fix 7] 1.Rev - Casis Samping Utama-2
2026-04-21 12:28:26,800 INFO  ExportHelperExtension.cs: 1145 - Found 0 features of type [RefAxis] in [Fix 7] 1.Rev - Casis Samping Utama-2
2026-04-21 12:28:27,216 INFO  SwAddin.cs: 339 - Loading config tree
2026-04-21 12:28:27,217 INFO  ExportPropertyManagerExtension.cs: 520 - Starting new configuration
2026-04-21 12:28:27,219 INFO  SwAddin.cs: 344 - Showing property manager
2026-04-21 12:28:29,787 INFO  ExportPropertyManager.cs: 1018 - OnComboboxSelectionChanged called. This method no longer throws an Exception. It just silently does nothing. Ok, except for this logging message
2026-04-21 12:28:45,835 INFO  ExportPropertyManager.cs: 1142 - AfterClose called. This method no longer throws an Exception. It just silently does nothing. Ok, except for this logging message
2026-04-21 12:28:59,575 INFO  SwAddin.cs: 294 - Assembly export called for file UiRS.1 - Object Transpot Robot Arm.SLDASM
2026-04-21 12:28:59,575 INFO  SwAddin.cs: 299 - Save is required
2026-04-21 12:28:59,576 INFO  SwAddin.cs: 313 - Saving assembly
2026-04-21 12:29:00,730 INFO  SwAddin.cs: 316 - Opening property manager
2026-04-21 12:29:00,731 INFO  ExportHelperExtension.cs: 1125 - Retrieving features of type [CoordSys] from UiRS.1 - Object Transpot Robot Arm.SLDASM
2026-04-21 12:29:00,732 INFO  ExportHelperExtension.cs: 1136 - Found 174 in UiRS.1 - Object Transpot Robot Arm.SLDASM
2026-04-21 12:29:00,733 INFO  ExportHelperExtension.cs: 1145 - Found 2 features of type [CoordSys] in UiRS.1 - Object Transpot Robot Arm.SLDASM
2026-04-21 12:29:00,733 INFO  ExportHelperExtension.cs: 1148 - Proceeding through assembly components
2026-04-21 12:29:00,734 INFO  ExportHelperExtension.cs: 1160 - 35 components to check
2026-04-21 12:29:00,734 INFO  ExportHelperExtension.cs: 1125 - Retrieving features of type [CoordSys] from [Fix 7] 1.Rev - Casis Base Servo-1
2026-04-21 12:29:00,735 INFO  ExportHelperExtension.cs: 1136 - Found 25 in [Fix 7] 1.Rev - Casis Base Servo-1
2026-04-21 12:29:00,735 INFO  ExportHelperExtension.cs: 1145 - Found 0 features of type [CoordSys] in [Fix 7] 1.Rev - Casis Base Servo-1
2026-04-21 12:29:00,736 INFO  ExportHelperExtension.cs: 1125 - Retrieving features of type [CoordSys] from [Fix 7] 1.Rev - Casis Link to Body-1
2026-04-21 12:29:00,736 INFO  ExportHelperExtension.cs: 1136 - Found 25 in [Fix 7] 1.Rev - Casis Link to Body-1
2026-04-21 12:29:00,737 INFO  ExportHelperExtension.cs: 1145 - Found 0 features of type [CoordSys] in [Fix 7] 1.Rev - Casis Link to Body-1
2026-04-21 12:29:00,738 INFO  ExportHelperExtension.cs: 1125 - Retrieving features of type [CoordSys] from [Fix 7] 1.Rev - Lipo Case Base-1
2026-04-21 12:29:00,740 INFO  ExportHelperExtension.cs: 1136 - Found 25 in [Fix 7] 1.Rev - Lipo Case Base-1
2026-04-21 12:29:00,740 INFO  ExportHelperExtension.cs: 1145 - Found 0 features of type [CoordSys] in [Fix 7] 1.Rev - Lipo Case Base-1
2026-04-21 12:29:00,741 INFO  ExportHelperExtension.cs: 1125 - Retrieving features of type [CoordSys] from [Fix 7] 1.Rev - Lipo Case Base-2
2026-04-21 12:29:00,741 INFO  ExportHelperExtension.cs: 1136 - Found 25 in [Fix 7] 1.Rev - Lipo Case Base-2
2026-04-21 12:29:00,742 INFO  ExportHelperExtension.cs: 1145 - Found 0 features of type [CoordSys] in [Fix 7] 1.Rev - Lipo Case Base-2
2026-04-21 12:29:00,742 INFO  ExportHelperExtension.cs: 1125 - Retrieving features of type [CoordSys] from [unv] Spacer Logam 25 mm-1
2026-04-21 12:29:00,743 INFO  ExportHelperExtension.cs: 1136 - Found 25 in [unv] Spacer Logam 25 mm-1
2026-04-21 12:29:00,743 INFO  ExportHelperExtension.cs: 1145 - Found 0 features of type [CoordSys] in [unv] Spacer Logam 25 mm-1
2026-04-21 12:29:00,744 INFO  ExportHelperExtension.cs: 1125 - Retrieving features of type [CoordSys] from [unv] Gearbox Kuning Type L-3
2026-04-21 12:29:00,745 INFO  ExportHelperExtension.cs: 1136 - Found 25 in [unv] Gearbox Kuning Type L-3
2026-04-21 12:29:00,746 INFO  ExportHelperExtension.cs: 1145 - Found 0 features of type [CoordSys] in [unv] Gearbox Kuning Type L-3
2026-04-21 12:29:00,747 INFO  ExportHelperExtension.cs: 1125 - Retrieving features of type [CoordSys] from [Fix 7] 1.Rev - Lipo Case Link-1
2026-04-21 12:29:00,747 INFO  ExportHelperExtension.cs: 1136 - Found 25 in [Fix 7] 1.Rev - Lipo Case Link-1
2026-04-21 12:29:00,748 INFO  ExportHelperExtension.cs: 1145 - Found 0 features of type [CoordSys] in [Fix 7] 1.Rev - Lipo Case Link-1
2026-04-21 12:29:00,748 INFO  ExportHelperExtension.cs: 1125 - Retrieving features of type [CoordSys] from [unv] Gearbox Kuning Type L-2
2026-04-21 12:29:00,749 INFO  ExportHelperExtension.cs: 1136 - Found 25 in [unv] Gearbox Kuning Type L-2
2026-04-21 12:29:00,749 INFO  ExportHelperExtension.cs: 1145 - Found 0 features of type [CoordSys] in [unv] Gearbox Kuning Type L-2
2026-04-21 12:29:00,750 INFO  ExportHelperExtension.cs: 1125 - Retrieving features of type [CoordSys] from [Fix 7] 1.Rev - Lipo Case Link-3
2026-04-21 12:29:00,750 INFO  ExportHelperExtension.cs: 1136 - Found 25 in [Fix 7] 1.Rev - Lipo Case Link-3
2026-04-21 12:29:00,750 INFO  ExportHelperExtension.cs: 1145 - Found 0 features of type [CoordSys] in [Fix 7] 1.Rev - Lipo Case Link-3
2026-04-21 12:29:00,751 INFO  ExportHelperExtension.cs: 1125 - Retrieving features of type [CoordSys] from [unv] Gearbox Kuning Type L-1
2026-04-21 12:29:00,751 INFO  ExportHelperExtension.cs: 1136 - Found 25 in [unv] Gearbox Kuning Type L-1
2026-04-21 12:29:00,751 INFO  ExportHelperExtension.cs: 1145 - Found 0 features of type [CoordSys] in [unv] Gearbox Kuning Type L-1
2026-04-21 12:29:00,752 INFO  ExportHelperExtension.cs: 1125 - Retrieving features of type [CoordSys] from [unv] Gearbox Kuning Type L-4
2026-04-21 12:29:00,752 INFO  ExportHelperExtension.cs: 1136 - Found 25 in [unv] Gearbox Kuning Type L-4
2026-04-21 12:29:00,753 INFO  ExportHelperExtension.cs: 1145 - Found 0 features of type [CoordSys] in [unv] Gearbox Kuning Type L-4
2026-04-21 12:29:00,754 INFO  ExportHelperExtension.cs: 1125 - Retrieving features of type [CoordSys] from [Fix 7] 1.Rev - Lipo Case Link-2
2026-04-21 12:29:00,754 INFO  ExportHelperExtension.cs: 1136 - Found 25 in [Fix 7] 1.Rev - Lipo Case Link-2
2026-04-21 12:29:00,755 INFO  ExportHelperExtension.cs: 1145 - Found 0 features of type [CoordSys] in [Fix 7] 1.Rev - Lipo Case Link-2
2026-04-21 12:29:00,755 INFO  ExportHelperExtension.cs: 1125 - Retrieving features of type [CoordSys] from [Fix 7] 1.Rev - Lipo Case Link-4
2026-04-21 12:29:00,756 INFO  ExportHelperExtension.cs: 1136 - Found 25 in [Fix 7] 1.Rev - Lipo Case Link-4
2026-04-21 12:29:00,756 INFO  ExportHelperExtension.cs: 1145 - Found 0 features of type [CoordSys] in [Fix 7] 1.Rev - Lipo Case Link-4
2026-04-21 12:29:00,757 INFO  ExportHelperExtension.cs: 1125 - Retrieving features of type [CoordSys] from cameraholder-1
2026-04-21 12:29:00,757 INFO  ExportHelperExtension.cs: 1136 - Found 52 in cameraholder-1
2026-04-21 12:29:00,758 INFO  ExportHelperExtension.cs: 1145 - Found 0 features of type [CoordSys] in cameraholder-1
2026-04-21 12:29:00,758 INFO  ExportHelperExtension.cs: 1125 - Retrieving features of type [CoordSys] from [unv] - L298N Motor Driver (Red)-1
2026-04-21 12:29:00,759 INFO  ExportHelperExtension.cs: 1136 - Found 25 in [unv] - L298N Motor Driver (Red)-1
2026-04-21 12:29:00,759 INFO  ExportHelperExtension.cs: 1145 - Found 0 features of type [CoordSys] in [unv] - L298N Motor Driver (Red)-1
2026-04-21 12:29:00,759 INFO  ExportHelperExtension.cs: 1125 - Retrieving features of type [CoordSys] from Omni_Wheel_12mm_Hex_Mod1-1
2026-04-21 12:29:00,760 INFO  ExportHelperExtension.cs: 1136 - Found 25 in Omni_Wheel_12mm_Hex_Mod1-1
2026-04-21 12:29:00,760 INFO  ExportHelperExtension.cs: 1145 - Found 0 features of type [CoordSys] in Omni_Wheel_12mm_Hex_Mod1-1
2026-04-21 12:29:00,760 INFO  ExportHelperExtension.cs: 1125 - Retrieving features of type [CoordSys] from Omni_Wheel_12mm_Hex_Mod1-4
2026-04-21 12:29:00,761 INFO  ExportHelperExtension.cs: 1136 - Found 25 in Omni_Wheel_12mm_Hex_Mod1-4
2026-04-21 12:29:00,761 INFO  ExportHelperExtension.cs: 1145 - Found 0 features of type [CoordSys] in Omni_Wheel_12mm_Hex_Mod1-4
2026-04-21 12:29:00,762 INFO  ExportHelperExtension.cs: 1125 - Retrieving features of type [CoordSys] from cameraholder2-1
2026-04-21 12:29:00,762 INFO  ExportHelperExtension.cs: 1136 - Found 37 in cameraholder2-1
2026-04-21 12:29:00,763 INFO  ExportHelperExtension.cs: 1145 - Found 0 features of type [CoordSys] in cameraholder2-1
2026-04-21 12:29:00,763 INFO  ExportHelperExtension.cs: 1125 - Retrieving features of type [CoordSys] from [unv] Spacer Logam 25 mm-2
2026-04-21 12:29:00,764 INFO  ExportHelperExtension.cs: 1136 - Found 25 in [unv] Spacer Logam 25 mm-2
2026-04-21 12:29:00,764 INFO  ExportHelperExtension.cs: 1145 - Found 0 features of type [CoordSys] in [unv] Spacer Logam 25 mm-2
2026-04-21 12:29:00,765 INFO  ExportHelperExtension.cs: 1125 - Retrieving features of type [CoordSys] from [unv] Spacer Logam 25 mm-3
2026-04-21 12:29:00,765 INFO  ExportHelperExtension.cs: 1136 - Found 25 in [unv] Spacer Logam 25 mm-3
2026-04-21 12:29:00,766 INFO  ExportHelperExtension.cs: 1145 - Found 0 features of type [CoordSys] in [unv] Spacer Logam 25 mm-3
2026-04-21 12:29:00,766 INFO  ExportHelperExtension.cs: 1125 - Retrieving features of type [CoordSys] from [unv] Spacer Logam 25 mm-4
2026-04-21 12:29:00,767 INFO  ExportHelperExtension.cs: 1136 - Found 25 in [unv] Spacer Logam 25 mm-4
2026-04-21 12:29:00,767 INFO  ExportHelperExtension.cs: 1145 - Found 0 features of type [CoordSys] in [unv] Spacer Logam 25 mm-4
2026-04-21 12:29:00,768 INFO  ExportHelperExtension.cs: 1125 - Retrieving features of type [CoordSys] from [Fix 7] 1.Rev.1 - Assem2-1
2026-04-21 12:29:00,769 INFO  ExportHelperExtension.cs: 1136 - Found 67 in [Fix 7] 1.Rev.1 - Assem2-1
2026-04-21 12:29:00,770 INFO  ExportHelperExtension.cs: 1145 - Found 0 features of type [CoordSys] in [Fix 7] 1.Rev.1 - Assem2-1
2026-04-21 12:29:00,771 INFO  ExportHelperExtension.cs: 1125 - Retrieving features of type [CoordSys] from Omni_Wheel_12mm_Hex_Mod1-2
2026-04-21 12:29:00,774 INFO  ExportHelperExtension.cs: 1136 - Found 25 in Omni_Wheel_12mm_Hex_Mod1-2
2026-04-21 12:29:00,774 INFO  ExportHelperExtension.cs: 1145 - Found 0 features of type [CoordSys] in Omni_Wheel_12mm_Hex_Mod1-2
2026-04-21 12:29:00,775 INFO  ExportHelperExtension.cs: 1125 - Retrieving features of type [CoordSys] from Omni_Wheel_12mm_Hex_Mod1-3
2026-04-21 12:29:00,776 INFO  ExportHelperExtension.cs: 1136 - Found 25 in Omni_Wheel_12mm_Hex_Mod1-3
2026-04-21 12:29:00,776 INFO  ExportHelperExtension.cs: 1145 - Found 0 features of type [CoordSys] in Omni_Wheel_12mm_Hex_Mod1-3
2026-04-21 12:29:00,777 INFO  ExportHelperExtension.cs: 1125 - Retrieving features of type [CoordSys] from [Fix 7] 1.Rev - Casis Samping Utama-1
2026-04-21 12:29:00,777 INFO  ExportHelperExtension.cs: 1136 - Found 25 in [Fix 7] 1.Rev - Casis Samping Utama-1
2026-04-21 12:29:00,778 INFO  ExportHelperExtension.cs: 1145 - Found 0 features of type [CoordSys] in [Fix 7] 1.Rev - Casis Samping Utama-1
2026-04-21 12:29:00,779 INFO  ExportHelperExtension.cs: 1125 - Retrieving features of type [CoordSys] from [Fix 7] 1.Rev - Casis Link Samping to Depan-1
2026-04-21 12:29:00,779 INFO  ExportHelperExtension.cs: 1136 - Found 25 in [Fix 7] 1.Rev - Casis Link Samping to Depan-1
2026-04-21 12:29:00,780 INFO  ExportHelperExtension.cs: 1145 - Found 0 features of type [CoordSys] in [Fix 7] 1.Rev - Casis Link Samping to Depan-1
2026-04-21 12:29:00,780 INFO  ExportHelperExtension.cs: 1125 - Retrieving features of type [CoordSys] from [Fix 7] 1.Rev - Casis Link Samping to Depan-2
2026-04-21 12:29:00,781 INFO  ExportHelperExtension.cs: 1136 - Found 25 in [Fix 7] 1.Rev - Casis Link Samping to Depan-2
2026-04-21 12:29:00,781 INFO  ExportHelperExtension.cs: 1145 - Found 0 features of type [CoordSys] in [Fix 7] 1.Rev - Casis Link Samping to Depan-2
2026-04-21 12:29:00,782 INFO  ExportHelperExtension.cs: 1125 - Retrieving features of type [CoordSys] from [Fix 7] 1.Rev - Casis Depan Belakang-1
2026-04-21 12:29:00,782 INFO  ExportHelperExtension.cs: 1136 - Found 25 in [Fix 7] 1.Rev - Casis Depan Belakang-1
2026-04-21 12:29:00,787 INFO  ExportHelperExtension.cs: 1145 - Found 0 features of type [CoordSys] in [Fix 7] 1.Rev - Casis Depan Belakang-1
2026-04-21 12:29:00,788 INFO  ExportHelperExtension.cs: 1125 - Retrieving features of type [CoordSys] from [Fix 7] 1.Rev - Casis Link Samping to Depan-3
2026-04-21 12:29:00,801 INFO  ExportHelperExtension.cs: 1136 - Found 25 in [Fix 7] 1.Rev - Casis Link Samping to Depan-3
2026-04-21 12:29:00,801 INFO  ExportHelperExtension.cs: 1145 - Found 0 features of type [CoordSys] in [Fix 7] 1.Rev - Casis Link Samping to Depan-3
2026-04-21 12:29:00,802 INFO  ExportHelperExtension.cs: 1125 - Retrieving features of type [CoordSys] from [Fix 7] 1.Rev - Casis Link Samping to Depan-4
2026-04-21 12:29:00,802 INFO  ExportHelperExtension.cs: 1136 - Found 25 in [Fix 7] 1.Rev - Casis Link Samping to Depan-4
2026-04-21 12:29:00,803 INFO  ExportHelperExtension.cs: 1145 - Found 0 features of type [CoordSys] in [Fix 7] 1.Rev - Casis Link Samping to Depan-4
2026-04-21 12:29:00,803 INFO  ExportHelperExtension.cs: 1125 - Retrieving features of type [CoordSys] from [Fix 7] 1.Rev - Casis Depan Belakang-2
2026-04-21 12:29:00,804 INFO  ExportHelperExtension.cs: 1136 - Found 25 in [Fix 7] 1.Rev - Casis Depan Belakang-2
2026-04-21 12:29:00,804 INFO  ExportHelperExtension.cs: 1145 - Found 0 features of type [CoordSys] in [Fix 7] 1.Rev - Casis Depan Belakang-2
2026-04-21 12:29:00,805 INFO  ExportHelperExtension.cs: 1125 - Retrieving features of type [CoordSys] from [Fix 7] 1.Rev - Casis Link to Body-2
2026-04-21 12:29:00,805 INFO  ExportHelperExtension.cs: 1136 - Found 25 in [Fix 7] 1.Rev - Casis Link to Body-2
2026-04-21 12:29:00,805 INFO  ExportHelperExtension.cs: 1145 - Found 0 features of type [CoordSys] in [Fix 7] 1.Rev - Casis Link to Body-2
2026-04-21 12:29:00,806 INFO  ExportHelperExtension.cs: 1125 - Retrieving features of type [CoordSys] from [Fix 7] 1.Rev - Casis Samping Tambahan 2 mm-1
2026-04-21 12:29:00,807 INFO  ExportHelperExtension.cs: 1136 - Found 25 in [Fix 7] 1.Rev - Casis Samping Tambahan 2 mm-1
2026-04-21 12:29:00,807 INFO  ExportHelperExtension.cs: 1145 - Found 0 features of type [CoordSys] in [Fix 7] 1.Rev - Casis Samping Tambahan 2 mm-1
2026-04-21 12:29:00,807 INFO  ExportHelperExtension.cs: 1125 - Retrieving features of type [CoordSys] from [Fix 7] 1.Rev - Casis Samping Tambahan 2 mm-2
2026-04-21 12:29:00,809 INFO  ExportHelperExtension.cs: 1136 - Found 25 in [Fix 7] 1.Rev - Casis Samping Tambahan 2 mm-2
2026-04-21 12:29:00,809 INFO  ExportHelperExtension.cs: 1145 - Found 0 features of type [CoordSys] in [Fix 7] 1.Rev - Casis Samping Tambahan 2 mm-2
2026-04-21 12:29:00,809 INFO  ExportHelperExtension.cs: 1125 - Retrieving features of type [CoordSys] from [Fix 7] 1.Rev - Casis Samping Utama-2
2026-04-21 12:29:00,810 INFO  ExportHelperExtension.cs: 1136 - Found 25 in [Fix 7] 1.Rev - Casis Samping Utama-2
2026-04-21 12:29:00,810 INFO  ExportHelperExtension.cs: 1145 - Found 0 features of type [CoordSys] in [Fix 7] 1.Rev - Casis Samping Utama-2
2026-04-21 12:29:00,811 INFO  ExportHelperExtension.cs: 1125 - Retrieving features of type [RefAxis] from UiRS.1 - Object Transpot Robot Arm.SLDASM
2026-04-21 12:29:00,811 INFO  ExportHelperExtension.cs: 1136 - Found 174 in UiRS.1 - Object Transpot Robot Arm.SLDASM
2026-04-21 12:29:00,811 INFO  ExportHelperExtension.cs: 1145 - Found 8 features of type [RefAxis] in UiRS.1 - Object Transpot Robot Arm.SLDASM
2026-04-21 12:29:00,812 INFO  ExportHelperExtension.cs: 1148 - Proceeding through assembly components
2026-04-21 12:29:00,812 INFO  ExportHelperExtension.cs: 1160 - 35 components to check
2026-04-21 12:29:00,812 INFO  ExportHelperExtension.cs: 1125 - Retrieving features of type [RefAxis] from [Fix 7] 1.Rev - Casis Base Servo-1
2026-04-21 12:29:00,813 INFO  ExportHelperExtension.cs: 1136 - Found 25 in [Fix 7] 1.Rev - Casis Base Servo-1
2026-04-21 12:29:00,813 INFO  ExportHelperExtension.cs: 1145 - Found 0 features of type [RefAxis] in [Fix 7] 1.Rev - Casis Base Servo-1
2026-04-21 12:29:00,813 INFO  ExportHelperExtension.cs: 1125 - Retrieving features of type [RefAxis] from [Fix 7] 1.Rev - Casis Link to Body-1
2026-04-21 12:29:00,814 INFO  ExportHelperExtension.cs: 1136 - Found 25 in [Fix 7] 1.Rev - Casis Link to Body-1
2026-04-21 12:29:00,814 INFO  ExportHelperExtension.cs: 1145 - Found 0 features of type [RefAxis] in [Fix 7] 1.Rev - Casis Link to Body-1
2026-04-21 12:29:00,814 INFO  ExportHelperExtension.cs: 1125 - Retrieving features of type [RefAxis] from [Fix 7] 1.Rev - Lipo Case Base-1
2026-04-21 12:29:00,815 INFO  ExportHelperExtension.cs: 1136 - Found 25 in [Fix 7] 1.Rev - Lipo Case Base-1
2026-04-21 12:29:00,815 INFO  ExportHelperExtension.cs: 1145 - Found 0 features of type [RefAxis] in [Fix 7] 1.Rev - Lipo Case Base-1
2026-04-21 12:29:00,815 INFO  ExportHelperExtension.cs: 1125 - Retrieving features of type [RefAxis] from [Fix 7] 1.Rev - Lipo Case Base-2
2026-04-21 12:29:00,816 INFO  ExportHelperExtension.cs: 1136 - Found 25 in [Fix 7] 1.Rev - Lipo Case Base-2
2026-04-21 12:29:00,816 INFO  ExportHelperExtension.cs: 1145 - Found 0 features of type [RefAxis] in [Fix 7] 1.Rev - Lipo Case Base-2
2026-04-21 12:29:00,816 INFO  ExportHelperExtension.cs: 1125 - Retrieving features of type [RefAxis] from [unv] Spacer Logam 25 mm-1
2026-04-21 12:29:00,818 INFO  ExportHelperExtension.cs: 1136 - Found 25 in [unv] Spacer Logam 25 mm-1
2026-04-21 12:29:00,818 INFO  ExportHelperExtension.cs: 1145 - Found 0 features of type [RefAxis] in [unv] Spacer Logam 25 mm-1
2026-04-21 12:29:00,818 INFO  ExportHelperExtension.cs: 1125 - Retrieving features of type [RefAxis] from [unv] Gearbox Kuning Type L-3
2026-04-21 12:29:00,819 INFO  ExportHelperExtension.cs: 1136 - Found 25 in [unv] Gearbox Kuning Type L-3
2026-04-21 12:29:00,819 INFO  ExportHelperExtension.cs: 1145 - Found 0 features of type [RefAxis] in [unv] Gearbox Kuning Type L-3
2026-04-21 12:29:00,819 INFO  ExportHelperExtension.cs: 1125 - Retrieving features of type [RefAxis] from [Fix 7] 1.Rev - Lipo Case Link-1
2026-04-21 12:29:00,819 INFO  ExportHelperExtension.cs: 1136 - Found 25 in [Fix 7] 1.Rev - Lipo Case Link-1
2026-04-21 12:29:00,820 INFO  ExportHelperExtension.cs: 1145 - Found 0 features of type [RefAxis] in [Fix 7] 1.Rev - Lipo Case Link-1
2026-04-21 12:29:00,820 INFO  ExportHelperExtension.cs: 1125 - Retrieving features of type [RefAxis] from [unv] Gearbox Kuning Type L-2
2026-04-21 12:29:00,821 INFO  ExportHelperExtension.cs: 1136 - Found 25 in [unv] Gearbox Kuning Type L-2
2026-04-21 12:29:00,821 INFO  ExportHelperExtension.cs: 1145 - Found 0 features of type [RefAxis] in [unv] Gearbox Kuning Type L-2
2026-04-21 12:29:00,822 INFO  ExportHelperExtension.cs: 1125 - Retrieving features of type [RefAxis] from [Fix 7] 1.Rev - Lipo Case Link-3
2026-04-21 12:29:00,822 INFO  ExportHelperExtension.cs: 1136 - Found 25 in [Fix 7] 1.Rev - Lipo Case Link-3
2026-04-21 12:29:00,823 INFO  ExportHelperExtension.cs: 1145 - Found 0 features of type [RefAxis] in [Fix 7] 1.Rev - Lipo Case Link-3
2026-04-21 12:29:00,823 INFO  ExportHelperExtension.cs: 1125 - Retrieving features of type [RefAxis] from [unv] Gearbox Kuning Type L-1
2026-04-21 12:29:00,824 INFO  ExportHelperExtension.cs: 1136 - Found 25 in [unv] Gearbox Kuning Type L-1
2026-04-21 12:29:00,824 INFO  ExportHelperExtension.cs: 1145 - Found 0 features of type [RefAxis] in [unv] Gearbox Kuning Type L-1
2026-04-21 12:29:00,824 INFO  ExportHelperExtension.cs: 1125 - Retrieving features of type [RefAxis] from [unv] Gearbox Kuning Type L-4
2026-04-21 12:29:00,824 INFO  ExportHelperExtension.cs: 1136 - Found 25 in [unv] Gearbox Kuning Type L-4
2026-04-21 12:29:00,824 INFO  ExportHelperExtension.cs: 1145 - Found 0 features of type [RefAxis] in [unv] Gearbox Kuning Type L-4
2026-04-21 12:29:00,825 INFO  ExportHelperExtension.cs: 1125 - Retrieving features of type [RefAxis] from [Fix 7] 1.Rev - Lipo Case Link-2
2026-04-21 12:29:00,825 INFO  ExportHelperExtension.cs: 1136 - Found 25 in [Fix 7] 1.Rev - Lipo Case Link-2
2026-04-21 12:29:00,825 INFO  ExportHelperExtension.cs: 1145 - Found 0 features of type [RefAxis] in [Fix 7] 1.Rev - Lipo Case Link-2
2026-04-21 12:29:00,826 INFO  ExportHelperExtension.cs: 1125 - Retrieving features of type [RefAxis] from [Fix 7] 1.Rev - Lipo Case Link-4
2026-04-21 12:29:00,826 INFO  ExportHelperExtension.cs: 1136 - Found 25 in [Fix 7] 1.Rev - Lipo Case Link-4
2026-04-21 12:29:00,826 INFO  ExportHelperExtension.cs: 1145 - Found 0 features of type [RefAxis] in [Fix 7] 1.Rev - Lipo Case Link-4
2026-04-21 12:29:00,827 INFO  ExportHelperExtension.cs: 1125 - Retrieving features of type [RefAxis] from cameraholder-1
2026-04-21 12:29:00,827 INFO  ExportHelperExtension.cs: 1136 - Found 52 in cameraholder-1
2026-04-21 12:29:00,827 INFO  ExportHelperExtension.cs: 1145 - Found 0 features of type [RefAxis] in cameraholder-1
2026-04-21 12:29:00,828 INFO  ExportHelperExtension.cs: 1125 - Retrieving features of type [RefAxis] from [unv] - L298N Motor Driver (Red)-1
2026-04-21 12:29:00,828 INFO  ExportHelperExtension.cs: 1136 - Found 25 in [unv] - L298N Motor Driver (Red)-1
2026-04-21 12:29:00,828 INFO  ExportHelperExtension.cs: 1145 - Found 0 features of type [RefAxis] in [unv] - L298N Motor Driver (Red)-1
2026-04-21 12:29:00,829 INFO  ExportHelperExtension.cs: 1125 - Retrieving features of type [RefAxis] from Omni_Wheel_12mm_Hex_Mod1-1
2026-04-21 12:29:00,829 INFO  ExportHelperExtension.cs: 1136 - Found 25 in Omni_Wheel_12mm_Hex_Mod1-1
2026-04-21 12:29:00,829 INFO  ExportHelperExtension.cs: 1145 - Found 0 features of type [RefAxis] in Omni_Wheel_12mm_Hex_Mod1-1
2026-04-21 12:29:00,830 INFO  ExportHelperExtension.cs: 1125 - Retrieving features of type [RefAxis] from Omni_Wheel_12mm_Hex_Mod1-4
2026-04-21 12:29:00,830 INFO  ExportHelperExtension.cs: 1136 - Found 25 in Omni_Wheel_12mm_Hex_Mod1-4
2026-04-21 12:29:00,830 INFO  ExportHelperExtension.cs: 1145 - Found 0 features of type [RefAxis] in Omni_Wheel_12mm_Hex_Mod1-4
2026-04-21 12:29:00,831 INFO  ExportHelperExtension.cs: 1125 - Retrieving features of type [RefAxis] from cameraholder2-1
2026-04-21 12:29:00,831 INFO  ExportHelperExtension.cs: 1136 - Found 37 in cameraholder2-1
2026-04-21 12:29:00,831 INFO  ExportHelperExtension.cs: 1145 - Found 0 features of type [RefAxis] in cameraholder2-1
2026-04-21 12:29:00,833 INFO  ExportHelperExtension.cs: 1125 - Retrieving features of type [RefAxis] from [unv] Spacer Logam 25 mm-2
2026-04-21 12:29:00,833 INFO  ExportHelperExtension.cs: 1136 - Found 25 in [unv] Spacer Logam 25 mm-2
2026-04-21 12:29:00,833 INFO  ExportHelperExtension.cs: 1145 - Found 0 features of type [RefAxis] in [unv] Spacer Logam 25 mm-2
2026-04-21 12:29:00,834 INFO  ExportHelperExtension.cs: 1125 - Retrieving features of type [RefAxis] from [unv] Spacer Logam 25 mm-3
2026-04-21 12:29:00,834 INFO  ExportHelperExtension.cs: 1136 - Found 25 in [unv] Spacer Logam 25 mm-3
2026-04-21 12:29:00,834 INFO  ExportHelperExtension.cs: 1145 - Found 0 features of type [RefAxis] in [unv] Spacer Logam 25 mm-3
2026-04-21 12:29:00,835 INFO  ExportHelperExtension.cs: 1125 - Retrieving features of type [RefAxis] from [unv] Spacer Logam 25 mm-4
2026-04-21 12:29:00,835 INFO  ExportHelperExtension.cs: 1136 - Found 25 in [unv] Spacer Logam 25 mm-4
2026-04-21 12:29:00,835 INFO  ExportHelperExtension.cs: 1145 - Found 0 features of type [RefAxis] in [unv] Spacer Logam 25 mm-4
2026-04-21 12:29:00,836 INFO  ExportHelperExtension.cs: 1125 - Retrieving features of type [RefAxis] from [Fix 7] 1.Rev.1 - Assem2-1
2026-04-21 12:29:00,836 INFO  ExportHelperExtension.cs: 1136 - Found 67 in [Fix 7] 1.Rev.1 - Assem2-1
2026-04-21 12:29:00,837 INFO  ExportHelperExtension.cs: 1145 - Found 0 features of type [RefAxis] in [Fix 7] 1.Rev.1 - Assem2-1
2026-04-21 12:29:00,837 INFO  ExportHelperExtension.cs: 1125 - Retrieving features of type [RefAxis] from Omni_Wheel_12mm_Hex_Mod1-2
2026-04-21 12:29:00,837 INFO  ExportHelperExtension.cs: 1136 - Found 25 in Omni_Wheel_12mm_Hex_Mod1-2
2026-04-21 12:29:00,838 INFO  ExportHelperExtension.cs: 1145 - Found 0 features of type [RefAxis] in Omni_Wheel_12mm_Hex_Mod1-2
2026-04-21 12:29:00,838 INFO  ExportHelperExtension.cs: 1125 - Retrieving features of type [RefAxis] from Omni_Wheel_12mm_Hex_Mod1-3
2026-04-21 12:29:00,838 INFO  ExportHelperExtension.cs: 1136 - Found 25 in Omni_Wheel_12mm_Hex_Mod1-3
2026-04-21 12:29:00,839 INFO  ExportHelperExtension.cs: 1145 - Found 0 features of type [RefAxis] in Omni_Wheel_12mm_Hex_Mod1-3
2026-04-21 12:29:00,839 INFO  ExportHelperExtension.cs: 1125 - Retrieving features of type [RefAxis] from [Fix 7] 1.Rev - Casis Samping Utama-1
2026-04-21 12:29:00,839 INFO  ExportHelperExtension.cs: 1136 - Found 25 in [Fix 7] 1.Rev - Casis Samping Utama-1
2026-04-21 12:29:00,840 INFO  ExportHelperExtension.cs: 1145 - Found 0 features of type [RefAxis] in [Fix 7] 1.Rev - Casis Samping Utama-1
2026-04-21 12:29:00,840 INFO  ExportHelperExtension.cs: 1125 - Retrieving features of type [RefAxis] from [Fix 7] 1.Rev - Casis Link Samping to Depan-1
2026-04-21 12:29:00,840 INFO  ExportHelperExtension.cs: 1136 - Found 25 in [Fix 7] 1.Rev - Casis Link Samping to Depan-1
2026-04-21 12:29:00,841 INFO  ExportHelperExtension.cs: 1145 - Found 0 features of type [RefAxis] in [Fix 7] 1.Rev - Casis Link Samping to Depan-1
2026-04-21 12:29:00,841 INFO  ExportHelperExtension.cs: 1125 - Retrieving features of type [RefAxis] from [Fix 7] 1.Rev - Casis Link Samping to Depan-2
2026-04-21 12:29:00,841 INFO  ExportHelperExtension.cs: 1136 - Found 25 in [Fix 7] 1.Rev - Casis Link Samping to Depan-2
2026-04-21 12:29:00,842 INFO  ExportHelperExtension.cs: 1145 - Found 0 features of type [RefAxis] in [Fix 7] 1.Rev - Casis Link Samping to Depan-2
2026-04-21 12:29:00,842 INFO  ExportHelperExtension.cs: 1125 - Retrieving features of type [RefAxis] from [Fix 7] 1.Rev - Casis Depan Belakang-1
2026-04-21 12:29:00,842 INFO  ExportHelperExtension.cs: 1136 - Found 25 in [Fix 7] 1.Rev - Casis Depan Belakang-1
2026-04-21 12:29:00,843 INFO  ExportHelperExtension.cs: 1145 - Found 0 features of type [RefAxis] in [Fix 7] 1.Rev - Casis Depan Belakang-1
2026-04-21 12:29:00,843 INFO  ExportHelperExtension.cs: 1125 - Retrieving features of type [RefAxis] from [Fix 7] 1.Rev - Casis Link Samping to Depan-3
2026-04-21 12:29:00,843 INFO  ExportHelperExtension.cs: 1136 - Found 25 in [Fix 7] 1.Rev - Casis Link Samping to Depan-3
2026-04-21 12:29:00,844 INFO  ExportHelperExtension.cs: 1145 - Found 0 features of type [RefAxis] in [Fix 7] 1.Rev - Casis Link Samping to Depan-3
2026-04-21 12:29:00,844 INFO  ExportHelperExtension.cs: 1125 - Retrieving features of type [RefAxis] from [Fix 7] 1.Rev - Casis Link Samping to Depan-4
2026-04-21 12:29:00,844 INFO  ExportHelperExtension.cs: 1136 - Found 25 in [Fix 7] 1.Rev - Casis Link Samping to Depan-4
2026-04-21 12:29:00,844 INFO  ExportHelperExtension.cs: 1145 - Found 0 features of type [RefAxis] in [Fix 7] 1.Rev - Casis Link Samping to Depan-4
2026-04-21 12:29:00,845 INFO  ExportHelperExtension.cs: 1125 - Retrieving features of type [RefAxis] from [Fix 7] 1.Rev - Casis Depan Belakang-2
2026-04-21 12:29:00,845 INFO  ExportHelperExtension.cs: 1136 - Found 25 in [Fix 7] 1.Rev - Casis Depan Belakang-2
2026-04-21 12:29:00,845 INFO  ExportHelperExtension.cs: 1145 - Found 0 features of type [RefAxis] in [Fix 7] 1.Rev - Casis Depan Belakang-2
2026-04-21 12:29:00,846 INFO  ExportHelperExtension.cs: 1125 - Retrieving features of type [RefAxis] from [Fix 7] 1.Rev - Casis Link to Body-2
2026-04-21 12:29:00,846 INFO  ExportHelperExtension.cs: 1136 - Found 25 in [Fix 7] 1.Rev - Casis Link to Body-2
2026-04-21 12:29:00,846 INFO  ExportHelperExtension.cs: 1145 - Found 0 features of type [RefAxis] in [Fix 7] 1.Rev - Casis Link to Body-2
2026-04-21 12:29:00,846 INFO  ExportHelperExtension.cs: 1125 - Retrieving features of type [RefAxis] from [Fix 7] 1.Rev - Casis Samping Tambahan 2 mm-1
2026-04-21 12:29:00,847 INFO  ExportHelperExtension.cs: 1136 - Found 25 in [Fix 7] 1.Rev - Casis Samping Tambahan 2 mm-1
2026-04-21 12:29:00,847 INFO  ExportHelperExtension.cs: 1145 - Found 0 features of type [RefAxis] in [Fix 7] 1.Rev - Casis Samping Tambahan 2 mm-1
2026-04-21 12:29:00,847 INFO  ExportHelperExtension.cs: 1125 - Retrieving features of type [RefAxis] from [Fix 7] 1.Rev - Casis Samping Tambahan 2 mm-2
2026-04-21 12:29:00,848 INFO  ExportHelperExtension.cs: 1136 - Found 25 in [Fix 7] 1.Rev - Casis Samping Tambahan 2 mm-2
2026-04-21 12:29:00,848 INFO  ExportHelperExtension.cs: 1145 - Found 0 features of type [RefAxis] in [Fix 7] 1.Rev - Casis Samping Tambahan 2 mm-2
2026-04-21 12:29:00,848 INFO  ExportHelperExtension.cs: 1125 - Retrieving features of type [RefAxis] from [Fix 7] 1.Rev - Casis Samping Utama-2
2026-04-21 12:29:00,848 INFO  ExportHelperExtension.cs: 1136 - Found 25 in [Fix 7] 1.Rev - Casis Samping Utama-2
2026-04-21 12:29:00,849 INFO  ExportHelperExtension.cs: 1145 - Found 0 features of type [RefAxis] in [Fix 7] 1.Rev - Casis Samping Utama-2
2026-04-21 12:29:00,892 INFO  SwAddin.cs: 339 - Loading config tree
2026-04-21 12:29:00,893 INFO  ExportPropertyManagerExtension.cs: 520 - Starting new configuration
2026-04-21 12:29:00,896 INFO  SwAddin.cs: 344 - Showing property manager
2026-04-21 12:29:03,194 INFO  ExportPropertyManager.cs: 1018 - OnComboboxSelectionChanged called. This method no longer throws an Exception. It just silently does nothing. Ok, except for this logging message
2026-04-21 12:29:04,306 INFO  ExportPropertyManager.cs: 1018 - OnComboboxSelectionChanged called. This method no longer throws an Exception. It just silently does nothing. Ok, except for this logging message
2026-04-21 12:29:12,197 INFO  ExportPropertyManager.cs: 1036 - OnListboxSelectionChanged called. This method no longer throws an Exception. It just silently does nothing. Ok, except for this logging message
2026-04-21 12:30:33,651 INFO  ExportPropertyManager.cs: 416 - Configuration canceled
2026-04-21 12:30:33,864 INFO  ExportPropertyManager.cs: 1142 - AfterClose called. This method no longer throws an Exception. It just silently does nothing. Ok, except for this logging message
2026-04-21 12:46:21,063 INFO  SwAddin.cs: 294 - Assembly export called for file UiRS.1 - Object Transpot Robot Arm.SLDASM
2026-04-21 12:46:22,373 INFO  SwAddin.cs: 313 - Saving assembly
2026-04-21 12:46:22,978 INFO  SwAddin.cs: 316 - Opening property manager
2026-04-21 12:46:22,980 INFO  ExportHelperExtension.cs: 1125 - Retrieving features of type [CoordSys] from UiRS.1 - Object Transpot Robot Arm.SLDASM
2026-04-21 12:46:22,981 INFO  ExportHelperExtension.cs: 1136 - Found 51 in UiRS.1 - Object Transpot Robot Arm.SLDASM
2026-04-21 12:46:22,982 INFO  ExportHelperExtension.cs: 1145 - Found 2 features of type [CoordSys] in UiRS.1 - Object Transpot Robot Arm.SLDASM
2026-04-21 12:46:22,982 INFO  ExportHelperExtension.cs: 1148 - Proceeding through assembly components
2026-04-21 12:46:22,983 INFO  ExportHelperExtension.cs: 1160 - 5 components to check
2026-04-21 12:46:22,984 INFO  ExportHelperExtension.cs: 1125 - Retrieving features of type [CoordSys] from robot^UiRS.1 - Object Transpot Robot Arm-1
2026-04-21 12:46:22,984 INFO  ExportHelperExtension.cs: 1136 - Found 146 in robot^UiRS.1 - Object Transpot Robot Arm-1
2026-04-21 12:46:22,985 INFO  ExportHelperExtension.cs: 1145 - Found 0 features of type [CoordSys] in robot^UiRS.1 - Object Transpot Robot Arm-1
2026-04-21 12:46:22,986 INFO  ExportHelperExtension.cs: 1125 - Retrieving features of type [CoordSys] from Omni_Wheel_12mm_Hex_Mod1-1
2026-04-21 12:46:22,987 INFO  ExportHelperExtension.cs: 1136 - Found 25 in Omni_Wheel_12mm_Hex_Mod1-1
2026-04-21 12:46:22,987 INFO  ExportHelperExtension.cs: 1145 - Found 0 features of type [CoordSys] in Omni_Wheel_12mm_Hex_Mod1-1
2026-04-21 12:46:22,988 INFO  ExportHelperExtension.cs: 1125 - Retrieving features of type [CoordSys] from Omni_Wheel_12mm_Hex_Mod1-4
2026-04-21 12:46:22,988 INFO  ExportHelperExtension.cs: 1136 - Found 25 in Omni_Wheel_12mm_Hex_Mod1-4
2026-04-21 12:46:22,989 INFO  ExportHelperExtension.cs: 1145 - Found 0 features of type [CoordSys] in Omni_Wheel_12mm_Hex_Mod1-4
2026-04-21 12:46:22,989 INFO  ExportHelperExtension.cs: 1125 - Retrieving features of type [CoordSys] from Omni_Wheel_12mm_Hex_Mod1-2
2026-04-21 12:46:22,989 INFO  ExportHelperExtension.cs: 1136 - Found 25 in Omni_Wheel_12mm_Hex_Mod1-2
2026-04-21 12:46:22,990 INFO  ExportHelperExtension.cs: 1145 - Found 0 features of type [CoordSys] in Omni_Wheel_12mm_Hex_Mod1-2
2026-04-21 12:46:22,991 INFO  ExportHelperExtension.cs: 1125 - Retrieving features of type [CoordSys] from Omni_Wheel_12mm_Hex_Mod1-3
2026-04-21 12:46:22,992 INFO  ExportHelperExtension.cs: 1136 - Found 25 in Omni_Wheel_12mm_Hex_Mod1-3
2026-04-21 12:46:22,992 INFO  ExportHelperExtension.cs: 1145 - Found 0 features of type [CoordSys] in Omni_Wheel_12mm_Hex_Mod1-3
2026-04-21 12:46:22,997 INFO  ExportHelperExtension.cs: 1125 - Retrieving features of type [RefAxis] from UiRS.1 - Object Transpot Robot Arm.SLDASM
2026-04-21 12:46:22,997 INFO  ExportHelperExtension.cs: 1136 - Found 51 in UiRS.1 - Object Transpot Robot Arm.SLDASM
2026-04-21 12:46:22,998 INFO  ExportHelperExtension.cs: 1145 - Found 8 features of type [RefAxis] in UiRS.1 - Object Transpot Robot Arm.SLDASM
2026-04-21 12:46:22,998 INFO  ExportHelperExtension.cs: 1148 - Proceeding through assembly components
2026-04-21 12:46:22,999 INFO  ExportHelperExtension.cs: 1160 - 5 components to check
2026-04-21 12:46:23,123 INFO  ExportHelperExtension.cs: 1125 - Retrieving features of type [RefAxis] from robot^UiRS.1 - Object Transpot Robot Arm-1
2026-04-21 12:46:23,125 INFO  ExportHelperExtension.cs: 1136 - Found 146 in robot^UiRS.1 - Object Transpot Robot Arm-1
2026-04-21 12:46:23,126 INFO  ExportHelperExtension.cs: 1145 - Found 0 features of type [RefAxis] in robot^UiRS.1 - Object Transpot Robot Arm-1
2026-04-21 12:46:23,127 INFO  ExportHelperExtension.cs: 1125 - Retrieving features of type [RefAxis] from Omni_Wheel_12mm_Hex_Mod1-1
2026-04-21 12:46:23,127 INFO  ExportHelperExtension.cs: 1136 - Found 25 in Omni_Wheel_12mm_Hex_Mod1-1
2026-04-21 12:46:23,127 INFO  ExportHelperExtension.cs: 1145 - Found 0 features of type [RefAxis] in Omni_Wheel_12mm_Hex_Mod1-1
2026-04-21 12:46:23,128 INFO  ExportHelperExtension.cs: 1125 - Retrieving features of type [RefAxis] from Omni_Wheel_12mm_Hex_Mod1-4
2026-04-21 12:46:23,128 INFO  ExportHelperExtension.cs: 1136 - Found 25 in Omni_Wheel_12mm_Hex_Mod1-4
2026-04-21 12:46:23,128 INFO  ExportHelperExtension.cs: 1145 - Found 0 features of type [RefAxis] in Omni_Wheel_12mm_Hex_Mod1-4
2026-04-21 12:46:23,129 INFO  ExportHelperExtension.cs: 1125 - Retrieving features of type [RefAxis] from Omni_Wheel_12mm_Hex_Mod1-2
2026-04-21 12:46:23,129 INFO  ExportHelperExtension.cs: 1136 - Found 25 in Omni_Wheel_12mm_Hex_Mod1-2
2026-04-21 12:46:23,129 INFO  ExportHelperExtension.cs: 1145 - Found 0 features of type [RefAxis] in Omni_Wheel_12mm_Hex_Mod1-2
2026-04-21 12:46:23,130 INFO  ExportHelperExtension.cs: 1125 - Retrieving features of type [RefAxis] from Omni_Wheel_12mm_Hex_Mod1-3
2026-04-21 12:46:23,130 INFO  ExportHelperExtension.cs: 1136 - Found 25 in Omni_Wheel_12mm_Hex_Mod1-3
2026-04-21 12:46:23,130 INFO  ExportHelperExtension.cs: 1145 - Found 0 features of type [RefAxis] in Omni_Wheel_12mm_Hex_Mod1-3
2026-04-21 12:46:23,522 INFO  SwAddin.cs: 339 - Loading config tree
2026-04-21 12:46:23,523 INFO  ExportPropertyManagerExtension.cs: 520 - Starting new configuration
2026-04-21 12:46:23,525 INFO  SwAddin.cs: 344 - Showing property manager
2026-04-21 12:46:26,475 INFO  ExportPropertyManager.cs: 1018 - OnComboboxSelectionChanged called. This method no longer throws an Exception. It just silently does nothing. Ok, except for this logging message
2026-04-21 12:46:29,836 INFO  ExportPropertyManager.cs: 1036 - OnListboxSelectionChanged called. This method no longer throws an Exception. It just silently does nothing. Ok, except for this logging message
2026-04-21 12:46:31,076 INFO  ExportPropertyManager.cs: 1036 - OnListboxSelectionChanged called. This method no longer throws an Exception. It just silently does nothing. Ok, except for this logging message
2026-04-21 12:46:34,028 INFO  ExportPropertyManager.cs: 1036 - OnListboxSelectionChanged called. This method no longer throws an Exception. It just silently does nothing. Ok, except for this logging message
2026-04-21 12:46:34,628 INFO  ExportPropertyManager.cs: 1036 - OnListboxSelectionChanged called. This method no longer throws an Exception. It just silently does nothing. Ok, except for this logging message
2026-04-21 12:47:56,743 INFO  ExportPropertyManager.cs: 1136 - OnNumberBoxTrackingCompleted called. This method no longer throws an Exception. It just silently does nothing. Ok, except for this logging message
2026-04-21 12:47:56,873 INFO  ExportPropertyManager.cs: 1136 - OnNumberBoxTrackingCompleted called. This method no longer throws an Exception. It just silently does nothing. Ok, except for this logging message
2026-04-21 12:47:57,023 INFO  ExportPropertyManager.cs: 1136 - OnNumberBoxTrackingCompleted called. This method no longer throws an Exception. It just silently does nothing. Ok, except for this logging message
2026-04-21 12:47:57,462 INFO  ExportPropertyManager.cs: 1136 - OnNumberBoxTrackingCompleted called. This method no longer throws an Exception. It just silently does nothing. Ok, except for this logging message
2026-04-21 12:48:04,348 INFO  ExportPropertyManager.cs: 1036 - OnListboxSelectionChanged called. This method no longer throws an Exception. It just silently does nothing. Ok, except for this logging message
2026-04-21 12:48:04,892 INFO  ExportPropertyManager.cs: 1036 - OnListboxSelectionChanged called. This method no longer throws an Exception. It just silently does nothing. Ok, except for this logging message
2026-04-21 12:48:05,356 INFO  ExportPropertyManager.cs: 1036 - OnListboxSelectionChanged called. This method no longer throws an Exception. It just silently does nothing. Ok, except for this logging message
2026-04-21 12:48:25,892 INFO  ExportPropertyManager.cs: 416 - Configuration canceled
2026-04-21 12:48:26,323 INFO  ExportPropertyManager.cs: 1142 - AfterClose called. This method no longer throws an Exception. It just silently does nothing. Ok, except for this logging message
2026-04-21 12:48:34,975 INFO  SwAddin.cs: 294 - Assembly export called for file UiRS.1 - Object Transpot Robot Arm.SLDASM
2026-04-21 12:48:36,630 INFO  SwAddin.cs: 313 - Saving assembly
2026-04-21 12:48:37,345 INFO  SwAddin.cs: 316 - Opening property manager
2026-04-21 12:48:37,346 INFO  ExportHelperExtension.cs: 1125 - Retrieving features of type [CoordSys] from UiRS.1 - Object Transpot Robot Arm.SLDASM
2026-04-21 12:48:37,347 INFO  ExportHelperExtension.cs: 1136 - Found 51 in UiRS.1 - Object Transpot Robot Arm.SLDASM
2026-04-21 12:48:37,347 INFO  ExportHelperExtension.cs: 1145 - Found 2 features of type [CoordSys] in UiRS.1 - Object Transpot Robot Arm.SLDASM
2026-04-21 12:48:37,348 INFO  ExportHelperExtension.cs: 1148 - Proceeding through assembly components
2026-04-21 12:48:37,348 INFO  ExportHelperExtension.cs: 1160 - 5 components to check
2026-04-21 12:48:37,349 INFO  ExportHelperExtension.cs: 1125 - Retrieving features of type [CoordSys] from robot^UiRS.1 - Object Transpot Robot Arm-1
2026-04-21 12:48:37,350 INFO  ExportHelperExtension.cs: 1136 - Found 146 in robot^UiRS.1 - Object Transpot Robot Arm-1
2026-04-21 12:48:37,351 INFO  ExportHelperExtension.cs: 1145 - Found 0 features of type [CoordSys] in robot^UiRS.1 - Object Transpot Robot Arm-1
2026-04-21 12:48:37,352 INFO  ExportHelperExtension.cs: 1125 - Retrieving features of type [CoordSys] from Omni_Wheel_12mm_Hex_Mod1-1
2026-04-21 12:48:37,352 INFO  ExportHelperExtension.cs: 1136 - Found 25 in Omni_Wheel_12mm_Hex_Mod1-1
2026-04-21 12:48:37,353 INFO  ExportHelperExtension.cs: 1145 - Found 0 features of type [CoordSys] in Omni_Wheel_12mm_Hex_Mod1-1
2026-04-21 12:48:37,354 INFO  ExportHelperExtension.cs: 1125 - Retrieving features of type [CoordSys] from Omni_Wheel_12mm_Hex_Mod1-4
2026-04-21 12:48:37,354 INFO  ExportHelperExtension.cs: 1136 - Found 25 in Omni_Wheel_12mm_Hex_Mod1-4
2026-04-21 12:48:37,355 INFO  ExportHelperExtension.cs: 1145 - Found 0 features of type [CoordSys] in Omni_Wheel_12mm_Hex_Mod1-4
2026-04-21 12:48:37,355 INFO  ExportHelperExtension.cs: 1125 - Retrieving features of type [CoordSys] from Omni_Wheel_12mm_Hex_Mod1-2
2026-04-21 12:48:37,356 INFO  ExportHelperExtension.cs: 1136 - Found 25 in Omni_Wheel_12mm_Hex_Mod1-2
2026-04-21 12:48:37,356 INFO  ExportHelperExtension.cs: 1145 - Found 0 features of type [CoordSys] in Omni_Wheel_12mm_Hex_Mod1-2
2026-04-21 12:48:37,357 INFO  ExportHelperExtension.cs: 1125 - Retrieving features of type [CoordSys] from Omni_Wheel_12mm_Hex_Mod1-3
2026-04-21 12:48:37,357 INFO  ExportHelperExtension.cs: 1136 - Found 25 in Omni_Wheel_12mm_Hex_Mod1-3
2026-04-21 12:48:37,358 INFO  ExportHelperExtension.cs: 1145 - Found 0 features of type [CoordSys] in Omni_Wheel_12mm_Hex_Mod1-3
2026-04-21 12:48:37,358 INFO  ExportHelperExtension.cs: 1125 - Retrieving features of type [RefAxis] from UiRS.1 - Object Transpot Robot Arm.SLDASM
2026-04-21 12:48:37,359 INFO  ExportHelperExtension.cs: 1136 - Found 51 in UiRS.1 - Object Transpot Robot Arm.SLDASM
2026-04-21 12:48:37,360 INFO  ExportHelperExtension.cs: 1145 - Found 8 features of type [RefAxis] in UiRS.1 - Object Transpot Robot Arm.SLDASM
2026-04-21 12:48:37,361 INFO  ExportHelperExtension.cs: 1148 - Proceeding through assembly components
2026-04-21 12:48:37,361 INFO  ExportHelperExtension.cs: 1160 - 5 components to check
2026-04-21 12:48:37,362 INFO  ExportHelperExtension.cs: 1125 - Retrieving features of type [RefAxis] from robot^UiRS.1 - Object Transpot Robot Arm-1
2026-04-21 12:48:37,363 INFO  ExportHelperExtension.cs: 1136 - Found 146 in robot^UiRS.1 - Object Transpot Robot Arm-1
2026-04-21 12:48:37,365 INFO  ExportHelperExtension.cs: 1145 - Found 0 features of type [RefAxis] in robot^UiRS.1 - Object Transpot Robot Arm-1
2026-04-21 12:48:37,365 INFO  ExportHelperExtension.cs: 1125 - Retrieving features of type [RefAxis] from Omni_Wheel_12mm_Hex_Mod1-1
2026-04-21 12:48:37,366 INFO  ExportHelperExtension.cs: 1136 - Found 25 in Omni_Wheel_12mm_Hex_Mod1-1
2026-04-21 12:48:37,367 INFO  ExportHelperExtension.cs: 1145 - Found 0 features of type [RefAxis] in Omni_Wheel_12mm_Hex_Mod1-1
2026-04-21 12:48:37,368 INFO  ExportHelperExtension.cs: 1125 - Retrieving features of type [RefAxis] from Omni_Wheel_12mm_Hex_Mod1-4
2026-04-21 12:48:37,368 INFO  ExportHelperExtension.cs: 1136 - Found 25 in Omni_Wheel_12mm_Hex_Mod1-4
2026-04-21 12:48:37,369 INFO  ExportHelperExtension.cs: 1145 - Found 0 features of type [RefAxis] in Omni_Wheel_12mm_Hex_Mod1-4
2026-04-21 12:48:37,372 INFO  ExportHelperExtension.cs: 1125 - Retrieving features of type [RefAxis] from Omni_Wheel_12mm_Hex_Mod1-2
2026-04-21 12:48:37,372 INFO  ExportHelperExtension.cs: 1136 - Found 25 in Omni_Wheel_12mm_Hex_Mod1-2
2026-04-21 12:48:37,373 INFO  ExportHelperExtension.cs: 1145 - Found 0 features of type [RefAxis] in Omni_Wheel_12mm_Hex_Mod1-2
2026-04-21 12:48:37,373 INFO  ExportHelperExtension.cs: 1125 - Retrieving features of type [RefAxis] from Omni_Wheel_12mm_Hex_Mod1-3
2026-04-21 12:48:37,374 INFO  ExportHelperExtension.cs: 1136 - Found 25 in Omni_Wheel_12mm_Hex_Mod1-3
2026-04-21 12:48:37,374 INFO  ExportHelperExtension.cs: 1145 - Found 0 features of type [RefAxis] in Omni_Wheel_12mm_Hex_Mod1-3
2026-04-21 12:48:37,430 INFO  SwAddin.cs: 339 - Loading config tree
2026-04-21 12:48:37,431 INFO  ExportPropertyManagerExtension.cs: 520 - Starting new configuration
2026-04-21 12:48:37,434 INFO  SwAddin.cs: 344 - Showing property manager
2026-04-21 12:48:40,046 INFO  ExportPropertyManager.cs: 1136 - OnNumberBoxTrackingCompleted called. This method no longer throws an Exception. It just silently does nothing. Ok, except for this logging message
2026-04-21 12:48:40,186 INFO  ExportPropertyManager.cs: 1136 - OnNumberBoxTrackingCompleted called. This method no longer throws an Exception. It just silently does nothing. Ok, except for this logging message
2026-04-21 12:48:40,429 INFO  ExportPropertyManager.cs: 1136 - OnNumberBoxTrackingCompleted called. This method no longer throws an Exception. It just silently does nothing. Ok, except for this logging message
2026-04-21 12:48:40,688 INFO  ExportPropertyManager.cs: 1136 - OnNumberBoxTrackingCompleted called. This method no longer throws an Exception. It just silently does nothing. Ok, except for this logging message
2026-04-21 12:59:22,498 INFO  ExportPropertyManager.cs: 1018 - OnComboboxSelectionChanged called. This method no longer throws an Exception. It just silently does nothing. Ok, except for this logging message
2026-04-21 12:59:28,936 INFO  ExportPropertyManager.cs: 1018 - OnComboboxSelectionChanged called. This method no longer throws an Exception. It just silently does nothing. Ok, except for this logging message
2026-04-21 13:00:01,665 INFO  ExportPropertyManager.cs: 1018 - OnComboboxSelectionChanged called. This method no longer throws an Exception. It just silently does nothing. Ok, except for this logging message
2026-04-21 13:00:02,801 INFO  ExportPropertyManager.cs: 1018 - OnComboboxSelectionChanged called. This method no longer throws an Exception. It just silently does nothing. Ok, except for this logging message
2026-04-21 13:00:09,105 INFO  ExportPropertyManager.cs: 1018 - OnComboboxSelectionChanged called. This method no longer throws an Exception. It just silently does nothing. Ok, except for this logging message
2026-04-21 13:00:10,394 INFO  ExportPropertyManager.cs: 1018 - OnComboboxSelectionChanged called. This method no longer throws an Exception. It just silently does nothing. Ok, except for this logging message
2026-04-21 13:08:19,649 INFO  ExportPropertyManager.cs: 1018 - OnComboboxSelectionChanged called. This method no longer throws an Exception. It just silently does nothing. Ok, except for this logging message
2026-04-21 13:08:31,202 INFO  ExportPropertyManager.cs: 1018 - OnComboboxSelectionChanged called. This method no longer throws an Exception. It just silently does nothing. Ok, except for this logging message
2026-04-21 13:08:33,425 INFO  ExportPropertyManager.cs: 1018 - OnComboboxSelectionChanged called. This method no longer throws an Exception. It just silently does nothing. Ok, except for this logging message
2026-04-21 13:12:31,897 INFO  ExportPropertyManager.cs: 1018 - OnComboboxSelectionChanged called. This method no longer throws an Exception. It just silently does nothing. Ok, except for this logging message
2026-04-21 13:12:34,937 INFO  ExportPropertyManager.cs: 1018 - OnComboboxSelectionChanged called. This method no longer throws an Exception. It just silently does nothing. Ok, except for this logging message
2026-04-21 13:13:07,133 INFO  ExportPropertyManager.cs: 1018 - OnComboboxSelectionChanged called. This method no longer throws an Exception. It just silently does nothing. Ok, except for this logging message
2026-04-21 13:13:09,816 INFO  ExportPropertyManager.cs: 1018 - OnComboboxSelectionChanged called. This method no longer throws an Exception. It just silently does nothing. Ok, except for this logging message
2026-04-21 13:14:12,200 INFO  ExportPropertyManager.cs: 1018 - OnComboboxSelectionChanged called. This method no longer throws an Exception. It just silently does nothing. Ok, except for this logging message
2026-04-21 13:14:14,666 INFO  ExportPropertyManager.cs: 1018 - OnComboboxSelectionChanged called. This method no longer throws an Exception. It just silently does nothing. Ok, except for this logging message
2026-04-21 13:14:17,765 INFO  ExportPropertyManager.cs: 1136 - OnNumberBoxTrackingCompleted called. This method no longer throws an Exception. It just silently does nothing. Ok, except for this logging message
2026-04-21 13:14:18,461 INFO  ExportPropertyManager.cs: 1136 - OnNumberBoxTrackingCompleted called. This method no longer throws an Exception. It just silently does nothing. Ok, except for this logging message
2026-04-21 13:14:22,003 INFO  ExportPropertyManager.cs: 422 - Configuration saved
2026-04-21 13:14:22,412 INFO  ExportPropertyManager.cs: 1142 - AfterClose called. This method no longer throws an Exception. It just silently does nothing. Ok, except for this logging message
2026-04-21 13:17:13,074 INFO  SwAddin.cs: 294 - Assembly export called for file UiRS.1 - Object Transpot Robot Arm.SLDASM
2026-04-21 13:17:13,075 INFO  SwAddin.cs: 299 - Save is required
2026-04-21 13:17:13,075 INFO  SwAddin.cs: 313 - Saving assembly
2026-04-21 13:17:14,260 INFO  SwAddin.cs: 316 - Opening property manager
2026-04-21 13:17:14,261 INFO  ExportHelperExtension.cs: 1125 - Retrieving features of type [CoordSys] from UiRS.1 - Object Transpot Robot Arm.SLDASM
2026-04-21 13:17:14,262 INFO  ExportHelperExtension.cs: 1136 - Found 51 in UiRS.1 - Object Transpot Robot Arm.SLDASM
2026-04-21 13:17:14,264 INFO  ExportHelperExtension.cs: 1145 - Found 2 features of type [CoordSys] in UiRS.1 - Object Transpot Robot Arm.SLDASM
2026-04-21 13:17:14,264 INFO  ExportHelperExtension.cs: 1148 - Proceeding through assembly components
2026-04-21 13:17:14,265 INFO  ExportHelperExtension.cs: 1160 - 5 components to check
2026-04-21 13:17:14,265 INFO  ExportHelperExtension.cs: 1125 - Retrieving features of type [CoordSys] from robot^UiRS.1 - Object Transpot Robot Arm-1
2026-04-21 13:17:14,267 INFO  ExportHelperExtension.cs: 1136 - Found 146 in robot^UiRS.1 - Object Transpot Robot Arm-1
2026-04-21 13:17:14,268 INFO  ExportHelperExtension.cs: 1145 - Found 0 features of type [CoordSys] in robot^UiRS.1 - Object Transpot Robot Arm-1
2026-04-21 13:17:14,268 INFO  ExportHelperExtension.cs: 1125 - Retrieving features of type [CoordSys] from Omni_Wheel_12mm_Hex_Mod1-1
2026-04-21 13:17:14,269 INFO  ExportHelperExtension.cs: 1136 - Found 25 in Omni_Wheel_12mm_Hex_Mod1-1
2026-04-21 13:17:14,269 INFO  ExportHelperExtension.cs: 1145 - Found 0 features of type [CoordSys] in Omni_Wheel_12mm_Hex_Mod1-1
2026-04-21 13:17:14,270 INFO  ExportHelperExtension.cs: 1125 - Retrieving features of type [CoordSys] from Omni_Wheel_12mm_Hex_Mod1-4
2026-04-21 13:17:14,270 INFO  ExportHelperExtension.cs: 1136 - Found 25 in Omni_Wheel_12mm_Hex_Mod1-4
2026-04-21 13:17:14,271 INFO  ExportHelperExtension.cs: 1145 - Found 0 features of type [CoordSys] in Omni_Wheel_12mm_Hex_Mod1-4
2026-04-21 13:17:14,271 INFO  ExportHelperExtension.cs: 1125 - Retrieving features of type [CoordSys] from Omni_Wheel_12mm_Hex_Mod1-2
2026-04-21 13:17:14,272 INFO  ExportHelperExtension.cs: 1136 - Found 25 in Omni_Wheel_12mm_Hex_Mod1-2
2026-04-21 13:17:14,272 INFO  ExportHelperExtension.cs: 1145 - Found 0 features of type [CoordSys] in Omni_Wheel_12mm_Hex_Mod1-2
2026-04-21 13:17:14,273 INFO  ExportHelperExtension.cs: 1125 - Retrieving features of type [CoordSys] from Omni_Wheel_12mm_Hex_Mod1-3
2026-04-21 13:17:14,274 INFO  ExportHelperExtension.cs: 1136 - Found 25 in Omni_Wheel_12mm_Hex_Mod1-3
2026-04-21 13:17:14,274 INFO  ExportHelperExtension.cs: 1145 - Found 0 features of type [CoordSys] in Omni_Wheel_12mm_Hex_Mod1-3
2026-04-21 13:17:14,275 INFO  ExportHelperExtension.cs: 1125 - Retrieving features of type [RefAxis] from UiRS.1 - Object Transpot Robot Arm.SLDASM
2026-04-21 13:17:14,275 INFO  ExportHelperExtension.cs: 1136 - Found 51 in UiRS.1 - Object Transpot Robot Arm.SLDASM
2026-04-21 13:17:14,276 INFO  ExportHelperExtension.cs: 1145 - Found 8 features of type [RefAxis] in UiRS.1 - Object Transpot Robot Arm.SLDASM
2026-04-21 13:17:14,276 INFO  ExportHelperExtension.cs: 1148 - Proceeding through assembly components
2026-04-21 13:17:14,277 INFO  ExportHelperExtension.cs: 1160 - 5 components to check
2026-04-21 13:17:14,277 INFO  ExportHelperExtension.cs: 1125 - Retrieving features of type [RefAxis] from robot^UiRS.1 - Object Transpot Robot Arm-1
2026-04-21 13:17:14,279 INFO  ExportHelperExtension.cs: 1136 - Found 146 in robot^UiRS.1 - Object Transpot Robot Arm-1
2026-04-21 13:17:14,280 INFO  ExportHelperExtension.cs: 1145 - Found 0 features of type [RefAxis] in robot^UiRS.1 - Object Transpot Robot Arm-1
2026-04-21 13:17:14,280 INFO  ExportHelperExtension.cs: 1125 - Retrieving features of type [RefAxis] from Omni_Wheel_12mm_Hex_Mod1-1
2026-04-21 13:17:14,283 INFO  ExportHelperExtension.cs: 1136 - Found 25 in Omni_Wheel_12mm_Hex_Mod1-1
2026-04-21 13:17:14,289 INFO  ExportHelperExtension.cs: 1145 - Found 0 features of type [RefAxis] in Omni_Wheel_12mm_Hex_Mod1-1
2026-04-21 13:17:14,290 INFO  ExportHelperExtension.cs: 1125 - Retrieving features of type [RefAxis] from Omni_Wheel_12mm_Hex_Mod1-4
2026-04-21 13:17:14,290 INFO  ExportHelperExtension.cs: 1136 - Found 25 in Omni_Wheel_12mm_Hex_Mod1-4
2026-04-21 13:17:14,291 INFO  ExportHelperExtension.cs: 1145 - Found 0 features of type [RefAxis] in Omni_Wheel_12mm_Hex_Mod1-4
2026-04-21 13:17:14,292 INFO  ExportHelperExtension.cs: 1125 - Retrieving features of type [RefAxis] from Omni_Wheel_12mm_Hex_Mod1-2
2026-04-21 13:17:14,292 INFO  ExportHelperExtension.cs: 1136 - Found 25 in Omni_Wheel_12mm_Hex_Mod1-2
2026-04-21 13:17:14,294 INFO  ExportHelperExtension.cs: 1145 - Found 0 features of type [RefAxis] in Omni_Wheel_12mm_Hex_Mod1-2
2026-04-21 13:17:14,294 INFO  ExportHelperExtension.cs: 1125 - Retrieving features of type [RefAxis] from Omni_Wheel_12mm_Hex_Mod1-3
2026-04-21 13:17:14,295 INFO  ExportHelperExtension.cs: 1136 - Found 25 in Omni_Wheel_12mm_Hex_Mod1-3
2026-04-21 13:17:14,296 INFO  ExportHelperExtension.cs: 1145 - Found 0 features of type [RefAxis] in Omni_Wheel_12mm_Hex_Mod1-3
2026-04-21 13:17:14,911 INFO  SwAddin.cs: 339 - Loading config tree
2026-04-21 13:17:14,912 INFO  ExportPropertyManagerExtension.cs: 520 - Starting new configuration
2026-04-21 13:17:14,914 INFO  SwAddin.cs: 344 - Showing property manager
2026-04-21 13:17:17,746 INFO  ExportPropertyManager.cs: 1018 - OnComboboxSelectionChanged called. This method no longer throws an Exception. It just silently does nothing. Ok, except for this logging message
2026-04-21 13:17:19,830 INFO  ExportPropertyManager.cs: 1136 - OnNumberBoxTrackingCompleted called. This method no longer throws an Exception. It just silently does nothing. Ok, except for this logging message
2026-04-21 13:17:20,024 INFO  ExportPropertyManager.cs: 1136 - OnNumberBoxTrackingCompleted called. This method no longer throws an Exception. It just silently does nothing. Ok, except for this logging message
2026-04-21 13:17:20,285 INFO  ExportPropertyManager.cs: 1136 - OnNumberBoxTrackingCompleted called. This method no longer throws an Exception. It just silently does nothing. Ok, except for this logging message
2026-04-21 13:17:20,518 INFO  ExportPropertyManager.cs: 1136 - OnNumberBoxTrackingCompleted called. This method no longer throws an Exception. It just silently does nothing. Ok, except for this logging message
2026-04-21 13:17:29,368 INFO  ExportPropertyManager.cs: 1018 - OnComboboxSelectionChanged called. This method no longer throws an Exception. It just silently does nothing. Ok, except for this logging message
2026-04-21 13:17:45,186 INFO  ExportPropertyManager.cs: 1036 - OnListboxSelectionChanged called. This method no longer throws an Exception. It just silently does nothing. Ok, except for this logging message
2026-04-21 13:17:57,024 INFO  ExportPropertyManager.cs: 1018 - OnComboboxSelectionChanged called. This method no longer throws an Exception. It just silently does nothing. Ok, except for this logging message
2026-04-21 13:18:00,200 INFO  ExportPropertyManager.cs: 1018 - OnComboboxSelectionChanged called. This method no longer throws an Exception. It just silently does nothing. Ok, except for this logging message
2026-04-21 13:19:50,841 INFO  ExportPropertyManager.cs: 1018 - OnComboboxSelectionChanged called. This method no longer throws an Exception. It just silently does nothing. Ok, except for this logging message
2026-04-21 13:19:52,633 INFO  ExportPropertyManager.cs: 1018 - OnComboboxSelectionChanged called. This method no longer throws an Exception. It just silently does nothing. Ok, except for this logging message
2026-04-21 13:20:11,040 INFO  ExportPropertyManager.cs: 1018 - OnComboboxSelectionChanged called. This method no longer throws an Exception. It just silently does nothing. Ok, except for this logging message
2026-04-21 13:20:13,601 INFO  ExportPropertyManager.cs: 1018 - OnComboboxSelectionChanged called. This method no longer throws an Exception. It just silently does nothing. Ok, except for this logging message
2026-04-21 13:20:17,449 INFO  ExportPropertyManager.cs: 1018 - OnComboboxSelectionChanged called. This method no longer throws an Exception. It just silently does nothing. Ok, except for this logging message
2026-04-21 13:20:29,512 INFO  ExportPropertyManager.cs: 1018 - OnComboboxSelectionChanged called. This method no longer throws an Exception. It just silently does nothing. Ok, except for this logging message
2026-04-21 13:20:50,552 INFO  ExportPropertyManager.cs: 1018 - OnComboboxSelectionChanged called. This method no longer throws an Exception. It just silently does nothing. Ok, except for this logging message
2026-04-21 13:20:51,625 INFO  ExportPropertyManager.cs: 1018 - OnComboboxSelectionChanged called. This method no longer throws an Exception. It just silently does nothing. Ok, except for this logging message
2026-04-21 13:20:54,432 INFO  ExportPropertyManager.cs: 1018 - OnComboboxSelectionChanged called. This method no longer throws an Exception. It just silently does nothing. Ok, except for this logging message
2026-04-21 13:20:56,185 INFO  ExportPropertyManager.cs: 1018 - OnComboboxSelectionChanged called. This method no longer throws an Exception. It just silently does nothing. Ok, except for this logging message
2026-04-21 13:21:01,499 INFO  ExportPropertyManager.cs: 422 - Configuration saved
2026-04-21 13:21:01,680 INFO  ExportPropertyManager.cs: 1142 - AfterClose called. This method no longer throws an Exception. It just silently does nothing. Ok, except for this logging message
2026-04-21 13:21:17,131 INFO  SwAddin.cs: 294 - Assembly export called for file UiRS.1 - Object Transpot Robot Arm.SLDASM
2026-04-21 13:21:17,131 INFO  SwAddin.cs: 299 - Save is required
2026-04-21 13:21:17,131 INFO  SwAddin.cs: 313 - Saving assembly
2026-04-21 13:21:18,253 INFO  SwAddin.cs: 316 - Opening property manager
2026-04-21 13:21:18,253 INFO  ExportHelperExtension.cs: 1125 - Retrieving features of type [CoordSys] from UiRS.1 - Object Transpot Robot Arm.SLDASM
2026-04-21 13:21:18,254 INFO  ExportHelperExtension.cs: 1136 - Found 52 in UiRS.1 - Object Transpot Robot Arm.SLDASM
2026-04-21 13:21:18,255 INFO  ExportHelperExtension.cs: 1145 - Found 2 features of type [CoordSys] in UiRS.1 - Object Transpot Robot Arm.SLDASM
2026-04-21 13:21:18,256 INFO  ExportHelperExtension.cs: 1148 - Proceeding through assembly components
2026-04-21 13:21:18,256 INFO  ExportHelperExtension.cs: 1160 - 5 components to check
2026-04-21 13:21:18,257 INFO  ExportHelperExtension.cs: 1125 - Retrieving features of type [CoordSys] from robot^UiRS.1 - Object Transpot Robot Arm-1
2026-04-21 13:21:18,258 INFO  ExportHelperExtension.cs: 1136 - Found 146 in robot^UiRS.1 - Object Transpot Robot Arm-1
2026-04-21 13:21:18,260 INFO  ExportHelperExtension.cs: 1145 - Found 0 features of type [CoordSys] in robot^UiRS.1 - Object Transpot Robot Arm-1
2026-04-21 13:21:18,261 INFO  ExportHelperExtension.cs: 1125 - Retrieving features of type [CoordSys] from Omni_Wheel_12mm_Hex_Mod1-1
2026-04-21 13:21:18,261 INFO  ExportHelperExtension.cs: 1136 - Found 25 in Omni_Wheel_12mm_Hex_Mod1-1
2026-04-21 13:21:18,262 INFO  ExportHelperExtension.cs: 1145 - Found 0 features of type [CoordSys] in Omni_Wheel_12mm_Hex_Mod1-1
2026-04-21 13:21:18,262 INFO  ExportHelperExtension.cs: 1125 - Retrieving features of type [CoordSys] from Omni_Wheel_12mm_Hex_Mod1-4
2026-04-21 13:21:18,263 INFO  ExportHelperExtension.cs: 1136 - Found 25 in Omni_Wheel_12mm_Hex_Mod1-4
2026-04-21 13:21:18,263 INFO  ExportHelperExtension.cs: 1145 - Found 0 features of type [CoordSys] in Omni_Wheel_12mm_Hex_Mod1-4
2026-04-21 13:21:18,264 INFO  ExportHelperExtension.cs: 1125 - Retrieving features of type [CoordSys] from Omni_Wheel_12mm_Hex_Mod1-2
2026-04-21 13:21:18,264 INFO  ExportHelperExtension.cs: 1136 - Found 25 in Omni_Wheel_12mm_Hex_Mod1-2
2026-04-21 13:21:18,265 INFO  ExportHelperExtension.cs: 1145 - Found 0 features of type [CoordSys] in Omni_Wheel_12mm_Hex_Mod1-2
2026-04-21 13:21:18,265 INFO  ExportHelperExtension.cs: 1125 - Retrieving features of type [CoordSys] from Omni_Wheel_12mm_Hex_Mod1-3
2026-04-21 13:21:18,266 INFO  ExportHelperExtension.cs: 1136 - Found 25 in Omni_Wheel_12mm_Hex_Mod1-3
2026-04-21 13:21:18,267 INFO  ExportHelperExtension.cs: 1145 - Found 0 features of type [CoordSys] in Omni_Wheel_12mm_Hex_Mod1-3
2026-04-21 13:21:18,267 INFO  ExportHelperExtension.cs: 1125 - Retrieving features of type [RefAxis] from UiRS.1 - Object Transpot Robot Arm.SLDASM
2026-04-21 13:21:18,267 INFO  ExportHelperExtension.cs: 1136 - Found 52 in UiRS.1 - Object Transpot Robot Arm.SLDASM
2026-04-21 13:21:18,268 INFO  ExportHelperExtension.cs: 1145 - Found 8 features of type [RefAxis] in UiRS.1 - Object Transpot Robot Arm.SLDASM
2026-04-21 13:21:18,269 INFO  ExportHelperExtension.cs: 1148 - Proceeding through assembly components
2026-04-21 13:21:18,271 INFO  ExportHelperExtension.cs: 1160 - 5 components to check
2026-04-21 13:21:18,271 INFO  ExportHelperExtension.cs: 1125 - Retrieving features of type [RefAxis] from robot^UiRS.1 - Object Transpot Robot Arm-1
2026-04-21 13:21:18,272 INFO  ExportHelperExtension.cs: 1136 - Found 146 in robot^UiRS.1 - Object Transpot Robot Arm-1
2026-04-21 13:21:18,274 INFO  ExportHelperExtension.cs: 1145 - Found 0 features of type [RefAxis] in robot^UiRS.1 - Object Transpot Robot Arm-1
2026-04-21 13:21:18,275 INFO  ExportHelperExtension.cs: 1125 - Retrieving features of type [RefAxis] from Omni_Wheel_12mm_Hex_Mod1-1
2026-04-21 13:21:18,276 INFO  ExportHelperExtension.cs: 1136 - Found 25 in Omni_Wheel_12mm_Hex_Mod1-1
2026-04-21 13:21:18,277 INFO  ExportHelperExtension.cs: 1145 - Found 0 features of type [RefAxis] in Omni_Wheel_12mm_Hex_Mod1-1
2026-04-21 13:21:18,278 INFO  ExportHelperExtension.cs: 1125 - Retrieving features of type [RefAxis] from Omni_Wheel_12mm_Hex_Mod1-4
2026-04-21 13:21:18,279 INFO  ExportHelperExtension.cs: 1136 - Found 25 in Omni_Wheel_12mm_Hex_Mod1-4
2026-04-21 13:21:18,280 INFO  ExportHelperExtension.cs: 1145 - Found 0 features of type [RefAxis] in Omni_Wheel_12mm_Hex_Mod1-4
2026-04-21 13:21:18,280 INFO  ExportHelperExtension.cs: 1125 - Retrieving features of type [RefAxis] from Omni_Wheel_12mm_Hex_Mod1-2
2026-04-21 13:21:18,281 INFO  ExportHelperExtension.cs: 1136 - Found 25 in Omni_Wheel_12mm_Hex_Mod1-2
2026-04-21 13:21:18,282 INFO  ExportHelperExtension.cs: 1145 - Found 0 features of type [RefAxis] in Omni_Wheel_12mm_Hex_Mod1-2
2026-04-21 13:21:18,283 INFO  ExportHelperExtension.cs: 1125 - Retrieving features of type [RefAxis] from Omni_Wheel_12mm_Hex_Mod1-3
2026-04-21 13:21:18,284 INFO  ExportHelperExtension.cs: 1136 - Found 25 in Omni_Wheel_12mm_Hex_Mod1-3
2026-04-21 13:21:18,285 INFO  ExportHelperExtension.cs: 1145 - Found 0 features of type [RefAxis] in Omni_Wheel_12mm_Hex_Mod1-3
2026-04-21 13:21:18,818 INFO  SwAddin.cs: 339 - Loading config tree
2026-04-21 13:21:18,821 INFO  ConfigurationSerialization.cs: 276 - URDF Configuration found
<Link z:Id="i1" xmlns="http://schemas.datacontract.org/2004/07/SW2URDF" xmlns:i="http://www.w3.org/2001/XMLSchema-instance" xmlns:z="http://schemas.microsoft.com/2003/10/Serialization/"><Attributes><Attribute z:Id="i2"><AttributeType>name</AttributeType><IsRequired>true</IsRequired><Value i:type="a:string" xmlns:a="http://www.w3.org/2001/XMLSchema">base_link</Value></Attribute></Attributes><ChildElements><URDFElement z:Id="i3" i:type="Inertial"><Attributes/><ChildElements><URDFElement z:Id="i4" i:type="Origin"><Attributes><Attribute z:Id="i5"><AttributeType>xyz</AttributeType><IsRequired>true</IsRequired><Value i:type="a:ArrayOfdouble" xmlns:a="http://schemas.microsoft.com/2003/10/Serialization/Arrays"><a:double>0</a:double><a:double>0</a:double><a:double>0</a:double></Value></Attribute><Attribute z:Id="i6"><AttributeType>rpy</AttributeType><IsRequired>true</IsRequired><Value i:type="a:ArrayOfdouble" xmlns:a="http://schemas.microsoft.com/2003/10/Serialization/Arrays"><a:double>0</a:double><a:double>0</a:double><a:double>0</a:double></Value></Attribute></Attributes><ChildElements/><ElementName>origin</ElementName><required>false</required><RPYAttribute z:Ref="i6"/><XYZAttribute z:Ref="i5"/><isCustomized>false</isCustomized></URDFElement><URDFElement z:Id="i7" i:type="Mass"><Attributes><Attribute z:Id="i8"><AttributeType>value</AttributeType><IsRequired>true</IsRequired><Value i:type="a:double" xmlns:a="http://www.w3.org/2001/XMLSchema">0</Value></Attribute></Attributes><ChildElements/><ElementName>mass</ElementName><required>false</required><ValueAttribute z:Ref="i8"/></URDFElement><URDFElement z:Id="i9" i:type="Inertia"><Attributes><Attribute z:Id="i10"><AttributeType>ixx</AttributeType><IsRequired>true</IsRequired><Value i:type="a:double" xmlns:a="http://www.w3.org/2001/XMLSchema">0</Value></Attribute><Attribute z:Id="i11"><AttributeType>ixy</AttributeType><IsRequired>true</IsRequired><Value i:type="a:double" xmlns:a="http://www.w3.org/2001/XMLSchema">0</Value></Attribute><Attribute z:Id="i12"><AttributeType>ixz</AttributeType><IsRequired>true</IsRequired><Value i:type="a:double" xmlns:a="http://www.w3.org/2001/XMLSchema">0</Value></Attribute><Attribute z:Id="i13"><AttributeType>iyy</AttributeType><IsRequired>true</IsRequired><Value i:type="a:double" xmlns:a="http://www.w3.org/2001/XMLSchema">0</Value></Attribute><Attribute z:Id="i14"><AttributeType>iyz</AttributeType><IsRequired>true</IsRequired><Value i:type="a:double" xmlns:a="http://www.w3.org/2001/XMLSchema">0</Value></Attribute><Attribute z:Id="i15"><AttributeType>izz</AttributeType><IsRequired>true</IsRequired><Value i:type="a:double" xmlns:a="http://www.w3.org/2001/XMLSchema">0</Value></Attribute></Attributes><ChildElements/><ElementName>inertia</ElementName><required>false</required><IxxAttribute z:Ref="i10"/><IxyAttribute z:Ref="i11"/><IxzAttribute z:Ref="i12"/><IyyAttribute z:Ref="i13"/><IyzAttribute z:Ref="i14"/><IzzAttribute z:Ref="i15"/></URDFElement></ChildElements><ElementName>inertial</ElementName><required>false</required><Inertia z:Ref="i9"/><Mass z:Ref="i7"/><Origin z:Ref="i4"/></URDFElement><URDFElement z:Id="i16" i:type="Visual"><Attributes/><ChildElements><URDFElement z:Id="i17" i:type="Origin"><Attributes><Attribute z:Id="i18"><AttributeType>xyz</AttributeType><IsRequired>true</IsRequired><Value i:type="a:ArrayOfdouble" xmlns:a="http://schemas.microsoft.com/2003/10/Serialization/Arrays"><a:double>0</a:double><a:double>0</a:double><a:double>0</a:double></Value></Attribute><Attribute z:Id="i19"><AttributeType>rpy</AttributeType><IsRequired>true</IsRequired><Value i:type="a:ArrayOfdouble" xmlns:a="http://schemas.microsoft.com/2003/10/Serialization/Arrays"><a:double>0</a:double><a:double>0</a:double><a:double>0</a:double></Value></Attribute></Attributes><ChildElements/><ElementName>origin</ElementName><required>false</required><RPYAttribute z:Ref="i19"/><XYZAttribute z:Ref="i18"/><isCustomized>false</isCustomized></URDFElement><URDFElement z:Id="i20" i:type="Geometry"><Attributes/><ChildElements><URDFElement z:Id="i21" i:type="Mesh"><Attributes><Attribute z:Id="i22"><AttributeType>filename</AttributeType><IsRequired>true</IsRequired><Value i:nil="true"/></Attribute></Attributes><ChildElements/><ElementName>mesh</ElementName><required>false</required><FilenameAttribute z:Ref="i22"/></URDFElement></ChildElements><ElementName>geometry</ElementName><required>true</required><Mesh z:Ref="i21"/></URDFElement><URDFElement z:Id="i23" i:type="Material"><Attributes><Attribute z:Id="i24"><AttributeType>name</AttributeType><IsRequired>true</IsRequired><Value i:type="a:string" xmlns:a="http://www.w3.org/2001/XMLSchema"/></Attribute></Attributes><ChildElements><URDFElement z:Id="i25" i:type="Color"><Attributes><Attribute z:Id="i26"><AttributeType>rgba</AttributeType><IsRequired>true</IsRequired><Value i:type="a:ArrayOfdouble" xmlns:a="http://schemas.microsoft.com/2003/10/Serialization/Arrays"><a:double>1</a:double><a:double>1</a:double><a:double>1</a:double><a:double>1</a:double></Value></Attribute></Attributes><ChildElements/><ElementName>color</ElementName><required>false</required><RGBAAttribute z:Ref="i26"/></URDFElement><URDFElement z:Id="i27" i:type="Texture"><Attributes><Attribute z:Id="i28"><AttributeType>filename</AttributeType><IsRequired>true</IsRequired><Value i:nil="true"/></Attribute></Attributes><ChildElements/><ElementName>texture</ElementName><required>false</required><FilenameAttribute z:Ref="i28"/><wFilename/></URDFElement></ChildElements><ElementName>material</ElementName><required>false</required><Color z:Ref="i25"/><NameAttribute z:Ref="i24"/><Texture z:Ref="i27"/></URDFElement></ChildElements><ElementName>visual</ElementName><required>false</required><Geometry z:Ref="i20"/><Material z:Ref="i23"/><Origin z:Ref="i17"/></URDFElement><URDFElement z:Id="i29" i:type="Collision"><Attributes/><ChildElements><URDFElement z:Id="i30" i:type="Origin"><Attributes><Attribute z:Id="i31"><AttributeType>xyz</AttributeType><IsRequired>true</IsRequired><Value i:type="a:ArrayOfdouble" xmlns:a="http://schemas.microsoft.com/2003/10/Serialization/Arrays"><a:double>0</a:double><a:double>0</a:double><a:double>0</a:double></Value></Attribute><Attribute z:Id="i32"><AttributeType>rpy</AttributeType><IsRequired>true</IsRequired><Value i:type="a:ArrayOfdouble" xmlns:a="http://schemas.microsoft.com/2003/10/Serialization/Arrays"><a:double>0</a:double><a:double>0</a:double><a:double>0</a:double></Value></Attribute></Attributes><ChildElements/><ElementName>origin</ElementName><required>false</required><RPYAttribute z:Ref="i32"/><XYZAttribute z:Ref="i31"/><isCustomized>false</isCustomized></URDFElement><URDFElement z:Id="i33" i:type="Geometry"><Attributes/><ChildElements><URDFElement z:Id="i34" i:type="Mesh"><Attributes><Attribute z:Id="i35"><AttributeType>filename</AttributeType><IsRequired>true</IsRequired><Value i:nil="true"/></Attribute></Attributes><ChildElements/><ElementName>mesh</ElementName><required>false</required><FilenameAttribute z:Ref="i35"/></URDFElement></ChildElements><ElementName>geometry</ElementName><required>true</required><Mesh z:Ref="i34"/></URDFElement></ChildElements><ElementName>collision</ElementName><required>false</required><Geometry z:Ref="i33"/><Origin z:Ref="i30"/></URDFElement><URDFElement z:Id="i36" i:type="Joint"><Attributes><Attribute z:Id="i37"><AttributeType>name</AttributeType><IsRequired>true</IsRequired><Value i:type="a:string" xmlns:a="http://www.w3.org/2001/XMLSchema"/></Attribute><Attribute z:Id="i38"><AttributeType>type</AttributeType><IsRequired>true</IsRequired><Value i:type="a:string" xmlns:a="http://www.w3.org/2001/XMLSchema"/></Attribute></Attributes><ChildElements><URDFElement z:Id="i39" i:type="Origin"><Attributes><Attribute z:Id="i40"><AttributeType>xyz</AttributeType><IsRequired>true</IsRequired><Value i:type="a:ArrayOfdouble" xmlns:a="http://schemas.microsoft.com/2003/10/Serialization/Arrays"><a:double>0</a:double><a:double>0</a:double><a:double>0</a:double></Value></Attribute><Attribute z:Id="i41"><AttributeType>rpy</AttributeType><IsRequired>true</IsRequired><Value i:type="a:ArrayOfdouble" xmlns:a="http://schemas.microsoft.com/2003/10/Serialization/Arrays"><a:double>0</a:double><a:double>0</a:double><a:double>0</a:double></Value></Attribute></Attributes><ChildElements/><ElementName>origin</ElementName><required>false</required><RPYAttribute z:Ref="i41"/><XYZAttribute z:Ref="i40"/><isCustomized>false</isCustomized></URDFElement><URDFElement z:Id="i42" i:type="ParentLink"><Attributes><Attribute z:Id="i43"><AttributeType>link</AttributeType><IsRequired>true</IsRequired><Value i:type="a:string" xmlns:a="http://www.w3.org/2001/XMLSchema"/></Attribute></Attributes><ChildElements/><ElementName>parent</ElementName><required>true</required><NameAttribute z:Ref="i43"/></URDFElement><URDFElement z:Id="i44" i:type="ChildLink"><Attributes><Attribute z:Id="i45"><AttributeType>link</AttributeType><IsRequired>true</IsRequired><Value i:type="a:string" xmlns:a="http://www.w3.org/2001/XMLSchema"/></Attribute></Attributes><ChildElements/><ElementName>child</ElementName><required>true</required><NameAttribute z:Ref="i45"/></URDFElement><URDFElement z:Id="i46" i:type="Axis"><Attributes><Attribute z:Id="i47"><AttributeType>xyz</AttributeType><IsRequired>true</IsRequired><Value i:type="a:ArrayOfdouble" xmlns:a="http://schemas.microsoft.com/2003/10/Serialization/Arrays"><a:double>0</a:double><a:double>0</a:double><a:double>0</a:double></Value></Attribute></Attributes><ChildElements/><ElementName>axis</ElementName><required>false</required><XYZAttribute z:Ref="i47"/></URDFElement><URDFElement z:Id="i48" i:type="Limit"><Attributes><Attribute z:Id="i49"><AttributeType>lower</AttributeType><IsRequired>false</IsRequired><Value i:nil="true"/></Attribute><Attribute z:Id="i50"><AttributeType>upper</AttributeType><IsRequired>false</IsRequired><Value i:nil="true"/></Attribute><Attribute z:Id="i51"><AttributeType>effort</AttributeType><IsRequired>true</IsRequired><Value i:nil="true"/></Attribute><Attribute z:Id="i52"><AttributeType>velocity</AttributeType><IsRequired>true</IsRequired><Value i:nil="true"/></Attribute></Attributes><ChildElements/><ElementName>limit</ElementName><required>false</required><EffortAttribute z:Ref="i51"/><LowerAttribute z:Ref="i49"/><UpperAttribute z:Ref="i50"/><VelocityAttribute z:Ref="i52"/></URDFElement><URDFElement z:Id="i53" i:type="Calibration"><Attributes><Attribute z:Id="i54"><AttributeType>rising</AttributeType><IsRequired>false</IsRequired><Value i:nil="true"/></Attribute><Attribute z:Id="i55"><AttributeType>falling</AttributeType><IsRequired>false</IsRequired><Value i:nil="true"/></Attribute></Attributes><ChildElements/><ElementName>calibration</ElementName><required>false</required><FallingAttribute z:Ref="i55"/><RisingAttribute z:Ref="i54"/></URDFElement><URDFElement z:Id="i56" i:type="Dynamics"><Attributes><Attribute z:Id="i57"><AttributeType>damping</AttributeType><IsRequired>false</IsRequired><Value i:nil="true"/></Attribute><Attribute z:Id="i58"><AttributeType>friction</AttributeType><IsRequired>false</IsRequired><Value i:nil="true"/></Attribute></Attributes><ChildElements/><ElementName>dynamics</ElementName><required>false</required><DampingAttribute z:Ref="i57"/><FrictionAttribute z:Ref="i58"/></URDFElement><URDFElement z:Id="i59" i:type="SafetyController"><Attributes><Attribute z:Id="i60"><AttributeType>soft_upper_limit</AttributeType><IsRequired>false</IsRequired><Value i:nil="true"/></Attribute><Attribute z:Id="i61"><AttributeType>soft_lower_limit</AttributeType><IsRequired>false</IsRequired><Value i:nil="true"/></Attribute><Attribute z:Id="i62"><AttributeType>k_position</AttributeType><IsRequired>false</IsRequired><Value i:nil="true"/></Attribute><Attribute z:Id="i63"><AttributeType>k_velocity</AttributeType><IsRequired>true</IsRequired><Value i:nil="true"/></Attribute></Attributes><ChildElements/><ElementName>safety_controller</ElementName><required>false</required><KPositionAttribute z:Ref="i62"/><KVelocityAttribute z:Ref="i63"/><SoftLowerAttribute z:Ref="i61"/><SoftUpperAttribute z:Ref="i60"/></URDFElement><URDFElement z:Id="i64" i:type="Mimic"><Attributes><Attribute z:Id="i65"><AttributeType>joint</AttributeType><IsRequired>true</IsRequired><Value i:nil="true"/></Attribute><Attribute z:Id="i66"><AttributeType>multiplier</AttributeType><IsRequired>false</IsRequired><Value i:nil="true"/></Attribute><Attribute z:Id="i67"><AttributeType>offset</AttributeType><IsRequired>false</IsRequired><Value i:nil="true"/></Attribute></Attributes><ChildElements/><ElementName>mimic</ElementName><required>false</required><JointNameAttribute z:Ref="i65"/><MultiplierAttribute z:Ref="i66"/><OffsetAttribute z:Ref="i67"/></URDFElement></ChildElements><ElementName>joint</ElementName><required>false</required><Axis z:Ref="i46"/><AxisName/><Calibration z:Ref="i53"/><Child z:Ref="i44"/><CoordinateSystemName>base_link</CoordinateSystemName><Dynamics z:Ref="i56"/><Limit z:Ref="i48"/><Mimic z:Ref="i64"/><NameAttribute z:Ref="i37"/><Origin z:Ref="i39"/><Parent z:Ref="i42"/><Safety z:Ref="i59"/><TypeAttribute z:Ref="i38"/></URDFElement></ChildElements><ElementName>link</ElementName><required>true</required><Children><Link z:Id="i68"><Attributes><Attribute z:Id="i69"><AttributeType>name</AttributeType><IsRequired>true</IsRequired><Value i:type="a:string" xmlns:a="http://www.w3.org/2001/XMLSchema">linnk1</Value></Attribute></Attributes><ChildElements><URDFElement z:Id="i70" i:type="Inertial"><Attributes/><ChildElements><URDFElement z:Id="i71" i:type="Origin"><Attributes><Attribute z:Id="i72"><AttributeType>xyz</AttributeType><IsRequired>true</IsRequired><Value i:type="a:ArrayOfdouble" xmlns:a="http://schemas.microsoft.com/2003/10/Serialization/Arrays"><a:double>0</a:double><a:double>0</a:double><a:double>0</a:double></Value></Attribute><Attribute z:Id="i73"><AttributeType>rpy</AttributeType><IsRequired>true</IsRequired><Value i:type="a:ArrayOfdouble" xmlns:a="http://schemas.microsoft.com/2003/10/Serialization/Arrays"><a:double>0</a:double><a:double>0</a:double><a:double>0</a:double></Value></Attribute></Attributes><ChildElements/><ElementName>origin</ElementName><required>false</required><RPYAttribute z:Ref="i73"/><XYZAttribute z:Ref="i72"/><isCustomized>false</isCustomized></URDFElement><URDFElement z:Id="i74" i:type="Mass"><Attributes><Attribute z:Id="i75"><AttributeType>value</AttributeType><IsRequired>true</IsRequired><Value i:type="a:double" xmlns:a="http://www.w3.org/2001/XMLSchema">0</Value></Attribute></Attributes><ChildElements/><ElementName>mass</ElementName><required>false</required><ValueAttribute z:Ref="i75"/></URDFElement><URDFElement z:Id="i76" i:type="Inertia"><Attributes><Attribute z:Id="i77"><AttributeType>ixx</AttributeType><IsRequired>true</IsRequired><Value i:type="a:double" xmlns:a="http://www.w3.org/2001/XMLSchema">0</Value></Attribute><Attribute z:Id="i78"><AttributeType>ixy</AttributeType><IsRequired>true</IsRequired><Value i:type="a:double" xmlns:a="http://www.w3.org/2001/XMLSchema">0</Value></Attribute><Attribute z:Id="i79"><AttributeType>ixz</AttributeType><IsRequired>true</IsRequired><Value i:type="a:double" xmlns:a="http://www.w3.org/2001/XMLSchema">0</Value></Attribute><Attribute z:Id="i80"><AttributeType>iyy</AttributeType><IsRequired>true</IsRequired><Value i:type="a:double" xmlns:a="http://www.w3.org/2001/XMLSchema">0</Value></Attribute><Attribute z:Id="i81"><AttributeType>iyz</AttributeType><IsRequired>true</IsRequired><Value i:type="a:double" xmlns:a="http://www.w3.org/2001/XMLSchema">0</Value></Attribute><Attribute z:Id="i82"><AttributeType>izz</AttributeType><IsRequired>true</IsRequired><Value i:type="a:double" xmlns:a="http://www.w3.org/2001/XMLSchema">0</Value></Attribute></Attributes><ChildElements/><ElementName>inertia</ElementName><required>false</required><IxxAttribute z:Ref="i77"/><IxyAttribute z:Ref="i78"/><IxzAttribute z:Ref="i79"/><IyyAttribute z:Ref="i80"/><IyzAttribute z:Ref="i81"/><IzzAttribute z:Ref="i82"/></URDFElement></ChildElements><ElementName>inertial</ElementName><required>false</required><Inertia z:Ref="i76"/><Mass z:Ref="i74"/><Origin z:Ref="i71"/></URDFElement><URDFElement z:Id="i83" i:type="Visual"><Attributes/><ChildElements><URDFElement z:Id="i84" i:type="Origin"><Attributes><Attribute z:Id="i85"><AttributeType>xyz</AttributeType><IsRequired>true</IsRequired><Value i:type="a:ArrayOfdouble" xmlns:a="http://schemas.microsoft.com/2003/10/Serialization/Arrays"><a:double>0</a:double><a:double>0</a:double><a:double>0</a:double></Value></Attribute><Attribute z:Id="i86"><AttributeType>rpy</AttributeType><IsRequired>true</IsRequired><Value i:type="a:ArrayOfdouble" xmlns:a="http://schemas.microsoft.com/2003/10/Serialization/Arrays"><a:double>0</a:double><a:double>0</a:double><a:double>0</a:double></Value></Attribute></Attributes><ChildElements/><ElementName>origin</ElementName><required>false</required><RPYAttribute z:Ref="i86"/><XYZAttribute z:Ref="i85"/><isCustomized>false</isCustomized></URDFElement><URDFElement z:Id="i87" i:type="Geometry"><Attributes/><ChildElements><URDFElement z:Id="i88" i:type="Mesh"><Attributes><Attribute z:Id="i89"><AttributeType>filename</AttributeType><IsRequired>true</IsRequired><Value i:nil="true"/></Attribute></Attributes><ChildElements/><ElementName>mesh</ElementName><required>false</required><FilenameAttribute z:Ref="i89"/></URDFElement></ChildElements><ElementName>geometry</ElementName><required>true</required><Mesh z:Ref="i88"/></URDFElement><URDFElement z:Id="i90" i:type="Material"><Attributes><Attribute z:Id="i91"><AttributeType>name</AttributeType><IsRequired>true</IsRequired><Value i:type="a:string" xmlns:a="http://www.w3.org/2001/XMLSchema"/></Attribute></Attributes><ChildElements><URDFElement z:Id="i92" i:type="Color"><Attributes><Attribute z:Id="i93"><AttributeType>rgba</AttributeType><IsRequired>true</IsRequired><Value i:type="a:ArrayOfdouble" xmlns:a="http://schemas.microsoft.com/2003/10/Serialization/Arrays"><a:double>1</a:double><a:double>1</a:double><a:double>1</a:double><a:double>1</a:double></Value></Attribute></Attributes><ChildElements/><ElementName>color</ElementName><required>false</required><RGBAAttribute z:Ref="i93"/></URDFElement><URDFElement z:Id="i94" i:type="Texture"><Attributes><Attribute z:Id="i95"><AttributeType>filename</AttributeType><IsRequired>true</IsRequired><Value i:nil="true"/></Attribute></Attributes><ChildElements/><ElementName>texture</ElementName><required>false</required><FilenameAttribute z:Ref="i95"/><wFilename/></URDFElement></ChildElements><ElementName>material</ElementName><required>false</required><Color z:Ref="i92"/><NameAttribute z:Ref="i91"/><Texture z:Ref="i94"/></URDFElement></ChildElements><ElementName>visual</ElementName><required>false</required><Geometry z:Ref="i87"/><Material z:Ref="i90"/><Origin z:Ref="i84"/></URDFElement><URDFElement z:Id="i96" i:type="Collision"><Attributes/><ChildElements><URDFElement z:Id="i97" i:type="Origin"><Attributes><Attribute z:Id="i98"><AttributeType>xyz</AttributeType><IsRequired>true</IsRequired><Value i:type="a:ArrayOfdouble" xmlns:a="http://schemas.microsoft.com/2003/10/Serialization/Arrays"><a:double>0</a:double><a:double>0</a:double><a:double>0</a:double></Value></Attribute><Attribute z:Id="i99"><AttributeType>rpy</AttributeType><IsRequired>true</IsRequired><Value i:type="a:ArrayOfdouble" xmlns:a="http://schemas.microsoft.com/2003/10/Serialization/Arrays"><a:double>0</a:double><a:double>0</a:double><a:double>0</a:double></Value></Attribute></Attributes><ChildElements/><ElementName>origin</ElementName><required>false</required><RPYAttribute z:Ref="i99"/><XYZAttribute z:Ref="i98"/><isCustomized>false</isCustomized></URDFElement><URDFElement z:Id="i100" i:type="Geometry"><Attributes/><ChildElements><URDFElement z:Id="i101" i:type="Mesh"><Attributes><Attribute z:Id="i102"><AttributeType>filename</AttributeType><IsRequired>true</IsRequired><Value i:nil="true"/></Attribute></Attributes><ChildElements/><ElementName>mesh</ElementName><required>false</required><FilenameAttribute z:Ref="i102"/></URDFElement></ChildElements><ElementName>geometry</ElementName><required>true</required><Mesh z:Ref="i101"/></URDFElement></ChildElements><ElementName>collision</ElementName><required>false</required><Geometry z:Ref="i100"/><Origin z:Ref="i97"/></URDFElement><URDFElement z:Id="i103" i:type="Joint"><Attributes><Attribute z:Id="i104"><AttributeType>name</AttributeType><IsRequired>true</IsRequired><Value i:type="a:string" xmlns:a="http://www.w3.org/2001/XMLSchema">front_left_wheel_joint</Value></Attribute><Attribute z:Id="i105"><AttributeType>type</AttributeType><IsRequired>true</IsRequired><Value i:type="a:string" xmlns:a="http://www.w3.org/2001/XMLSchema">continuous</Value></Attribute></Attributes><ChildElements><URDFElement z:Id="i106" i:type="Origin"><Attributes><Attribute z:Id="i107"><AttributeType>xyz</AttributeType><IsRequired>true</IsRequired><Value i:type="a:ArrayOfdouble" xmlns:a="http://schemas.microsoft.com/2003/10/Serialization/Arrays"><a:double>0</a:double><a:double>0</a:double><a:double>0</a:double></Value></Attribute><Attribute z:Id="i108"><AttributeType>rpy</AttributeType><IsRequired>true</IsRequired><Value i:type="a:ArrayOfdouble" xmlns:a="http://schemas.microsoft.com/2003/10/Serialization/Arrays"><a:double>0</a:double><a:double>0</a:double><a:double>0</a:double></Value></Attribute></Attributes><ChildElements/><ElementName>origin</ElementName><required>false</required><RPYAttribute z:Ref="i108"/><XYZAttribute z:Ref="i107"/><isCustomized>false</isCustomized></URDFElement><URDFElement z:Id="i109" i:type="ParentLink"><Attributes><Attribute z:Id="i110"><AttributeType>link</AttributeType><IsRequired>true</IsRequired><Value i:type="a:string" xmlns:a="http://www.w3.org/2001/XMLSchema"/></Attribute></Attributes><ChildElements/><ElementName>parent</ElementName><required>true</required><NameAttribute z:Ref="i110"/></URDFElement><URDFElement z:Id="i111" i:type="ChildLink"><Attributes><Attribute z:Id="i112"><AttributeType>link</AttributeType><IsRequired>true</IsRequired><Value i:type="a:string" xmlns:a="http://www.w3.org/2001/XMLSchema"/></Attribute></Attributes><ChildElements/><ElementName>child</ElementName><required>true</required><NameAttribute z:Ref="i112"/></URDFElement><URDFElement z:Id="i113" i:type="Axis"><Attributes><Attribute z:Id="i114"><AttributeType>xyz</AttributeType><IsRequired>true</IsRequired><Value i:type="a:ArrayOfdouble" xmlns:a="http://schemas.microsoft.com/2003/10/Serialization/Arrays"><a:double>0</a:double><a:double>0</a:double><a:double>0</a:double></Value></Attribute></Attributes><ChildElements/><ElementName>axis</ElementName><required>false</required><XYZAttribute z:Ref="i114"/></URDFElement><URDFElement z:Id="i115" i:type="Limit"><Attributes><Attribute z:Id="i116"><AttributeType>lower</AttributeType><IsRequired>false</IsRequired><Value i:nil="true"/></Attribute><Attribute z:Id="i117"><AttributeType>upper</AttributeType><IsRequired>false</IsRequired><Value i:nil="true"/></Attribute><Attribute z:Id="i118"><AttributeType>effort</AttributeType><IsRequired>true</IsRequired><Value i:nil="true"/></Attribute><Attribute z:Id="i119"><AttributeType>velocity</AttributeType><IsRequired>true</IsRequired><Value i:nil="true"/></Attribute></Attributes><ChildElements/><ElementName>limit</ElementName><required>false</required><EffortAttribute z:Ref="i118"/><LowerAttribute z:Ref="i116"/><UpperAttribute z:Ref="i117"/><VelocityAttribute z:Ref="i119"/></URDFElement><URDFElement z:Id="i120" i:type="Calibration"><Attributes><Attribute z:Id="i121"><AttributeType>rising</AttributeType><IsRequired>false</IsRequired><Value i:nil="true"/></Attribute><Attribute z:Id="i122"><AttributeType>falling</AttributeType><IsRequired>false</IsRequired><Value i:nil="true"/></Attribute></Attributes><ChildElements/><ElementName>calibration</ElementName><required>false</required><FallingAttribute z:Ref="i122"/><RisingAttribute z:Ref="i121"/></URDFElement><URDFElement z:Id="i123" i:type="Dynamics"><Attributes><Attribute z:Id="i124"><AttributeType>damping</AttributeType><IsRequired>false</IsRequired><Value i:nil="true"/></Attribute><Attribute z:Id="i125"><AttributeType>friction</AttributeType><IsRequired>false</IsRequired><Value i:nil="true"/></Attribute></Attributes><ChildElements/><ElementName>dynamics</ElementName><required>false</required><DampingAttribute z:Ref="i124"/><FrictionAttribute z:Ref="i125"/></URDFElement><URDFElement z:Id="i126" i:type="SafetyController"><Attributes><Attribute z:Id="i127"><AttributeType>soft_upper_limit</AttributeType><IsRequired>false</IsRequired><Value i:nil="true"/></Attribute><Attribute z:Id="i128"><AttributeType>soft_lower_limit</AttributeType><IsRequired>false</IsRequired><Value i:nil="true"/></Attribute><Attribute z:Id="i129"><AttributeType>k_position</AttributeType><IsRequired>false</IsRequired><Value i:nil="true"/></Attribute><Attribute z:Id="i130"><AttributeType>k_velocity</AttributeType><IsRequired>true</IsRequired><Value i:nil="true"/></Attribute></Attributes><ChildElements/><ElementName>safety_controller</ElementName><required>false</required><KPositionAttribute z:Ref="i129"/><KVelocityAttribute z:Ref="i130"/><SoftLowerAttribute z:Ref="i128"/><SoftUpperAttribute z:Ref="i127"/></URDFElement><URDFElement z:Id="i131" i:type="Mimic"><Attributes><Attribute z:Id="i132"><AttributeType>joint</AttributeType><IsRequired>true</IsRequired><Value i:nil="true"/></Attribute><Attribute z:Id="i133"><AttributeType>multiplier</AttributeType><IsRequired>false</IsRequired><Value i:nil="true"/></Attribute><Attribute z:Id="i134"><AttributeType>offset</AttributeType><IsRequired>false</IsRequired><Value i:nil="true"/></Attribute></Attributes><ChildElements/><ElementName>mimic</ElementName><required>false</required><JointNameAttribute z:Ref="i132"/><MultiplierAttribute z:Ref="i133"/><OffsetAttribute z:Ref="i134"/></URDFElement></ChildElements><ElementName>joint</ElementName><required>false</required><Axis z:Ref="i113"/><AxisName>front_left_wheel_axis</AxisName><Calibration z:Ref="i120"/><Child z:Ref="i111"/><CoordinateSystemName>base_link</CoordinateSystemName><Dynamics z:Ref="i123"/><Limit z:Ref="i115"/><Mimic z:Ref="i131"/><NameAttribute z:Ref="i104"/><Origin z:Ref="i106"/><Parent z:Ref="i109"/><Safety z:Ref="i126"/><TypeAttribute z:Ref="i105"/></URDFElement></ChildElements><ElementName>link</ElementName><required>true</required><Children/><Collision z:Ref="i96"/><Inertial z:Ref="i70"/><Joint z:Ref="i103"/><NameAttribute z:Ref="i69"/><Parent z:Ref="i1"/><STLQualityFine>false</STLQualityFine><SWComponentPIDs xmlns:a="http://schemas.microsoft.com/2003/10/Serialization/Arrays"><a:base64Binary>mDoAAAUAAAD//v9mTwBtAG4AaQBfAFcAaABlAGUAbABfADEAMgBtAG0AXwBIAGUAeABfAE0AbwBkADEALQAxAEAAVQBpAFIAUwAuADEAIAAtACAATwBiAGoAZQBjAHQAIABUAHIAYQBuAHMAcABvAHQAIABSAG8AYgBvAHQAIABBAHIAbQAvAE8AbQBuAGkAIAB3AGgAZQBlAGwAIAB2ADkALQAxAEAATwBtAG4AaQBfAFcAaABlAGUAbABfADEAMgBtAG0AXwBIAGUAeABfAE0AbwBkADEABAAAABAAAAABAAAAAgAAADwAAAAVAAAA</a:base64Binary></SWComponentPIDs><SWMainComponentPID i:nil="true"/><Visual z:Ref="i83"/><isFixedFrame>false</isFixedFrame><isIncomplete>false</isIncomplete></Link><Link z:Id="i135"><Attributes><Attribute z:Id="i136"><AttributeType>name</AttributeType><IsRequired>true</IsRequired><Value i:type="a:string" xmlns:a="http://www.w3.org/2001/XMLSchema">link2</Value></Attribute></Attributes><ChildElements><URDFElement z:Id="i137" i:type="Inertial"><Attributes/><ChildElements><URDFElement z:Id="i138" i:type="Origin"><Attributes><Attribute z:Id="i139"><AttributeType>xyz</AttributeType><IsRequired>true</IsRequired><Value i:type="a:ArrayOfdouble" xmlns:a="http://schemas.microsoft.com/2003/10/Serialization/Arrays"><a:double>0</a:double><a:double>0</a:double><a:double>0</a:double></Value></Attribute><Attribute z:Id="i140"><AttributeType>rpy</AttributeType><IsRequired>true</IsRequired><Value i:type="a:ArrayOfdouble" xmlns:a="http://schemas.microsoft.com/2003/10/Serialization/Arrays"><a:double>0</a:double><a:double>0</a:double><a:double>0</a:double></Value></Attribute></Attributes><ChildElements/><ElementName>origin</ElementName><required>false</required><RPYAttribute z:Ref="i140"/><XYZAttribute z:Ref="i139"/><isCustomized>false</isCustomized></URDFElement><URDFElement z:Id="i141" i:type="Mass"><Attributes><Attribute z:Id="i142"><AttributeType>value</AttributeType><IsRequired>true</IsRequired><Value i:type="a:double" xmlns:a="http://www.w3.org/2001/XMLSchema">0</Value></Attribute></Attributes><ChildElements/><ElementName>mass</ElementName><required>false</required><ValueAttribute z:Ref="i142"/></URDFElement><URDFElement z:Id="i143" i:type="Inertia"><Attributes><Attribute z:Id="i144"><AttributeType>ixx</AttributeType><IsRequired>true</IsRequired><Value i:type="a:double" xmlns:a="http://www.w3.org/2001/XMLSchema">0</Value></Attribute><Attribute z:Id="i145"><AttributeType>ixy</AttributeType><IsRequired>true</IsRequired><Value i:type="a:double" xmlns:a="http://www.w3.org/2001/XMLSchema">0</Value></Attribute><Attribute z:Id="i146"><AttributeType>ixz</AttributeType><IsRequired>true</IsRequired><Value i:type="a:double" xmlns:a="http://www.w3.org/2001/XMLSchema">0</Value></Attribute><Attribute z:Id="i147"><AttributeType>iyy</AttributeType><IsRequired>true</IsRequired><Value i:type="a:double" xmlns:a="http://www.w3.org/2001/XMLSchema">0</Value></Attribute><Attribute z:Id="i148"><AttributeType>iyz</AttributeType><IsRequired>true</IsRequired><Value i:type="a:double" xmlns:a="http://www.w3.org/2001/XMLSchema">0</Value></Attribute><Attribute z:Id="i149"><AttributeType>izz</AttributeType><IsRequired>true</IsRequired><Value i:type="a:double" xmlns:a="http://www.w3.org/2001/XMLSchema">0</Value></Attribute></Attributes><ChildElements/><ElementName>inertia</ElementName><required>false</required><IxxAttribute z:Ref="i144"/><IxyAttribute z:Ref="i145"/><IxzAttribute z:Ref="i146"/><IyyAttribute z:Ref="i147"/><IyzAttribute z:Ref="i148"/><IzzAttribute z:Ref="i149"/></URDFElement></ChildElements><ElementName>inertial</ElementName><required>false</required><Inertia z:Ref="i143"/><Mass z:Ref="i141"/><Origin z:Ref="i138"/></URDFElement><URDFElement z:Id="i150" i:type="Visual"><Attributes/><ChildElements><URDFElement z:Id="i151" i:type="Origin"><Attributes><Attribute z:Id="i152"><AttributeType>xyz</AttributeType><IsRequired>true</IsRequired><Value i:type="a:ArrayOfdouble" xmlns:a="http://schemas.microsoft.com/2003/10/Serialization/Arrays"><a:double>0</a:double><a:double>0</a:double><a:double>0</a:double></Value></Attribute><Attribute z:Id="i153"><AttributeType>rpy</AttributeType><IsRequired>true</IsRequired><Value i:type="a:ArrayOfdouble" xmlns:a="http://schemas.microsoft.com/2003/10/Serialization/Arrays"><a:double>0</a:double><a:double>0</a:double><a:double>0</a:double></Value></Attribute></Attributes><ChildElements/><ElementName>origin</ElementName><required>false</required><RPYAttribute z:Ref="i153"/><XYZAttribute z:Ref="i152"/><isCustomized>false</isCustomized></URDFElement><URDFElement z:Id="i154" i:type="Geometry"><Attributes/><ChildElements><URDFElement z:Id="i155" i:type="Mesh"><Attributes><Attribute z:Id="i156"><AttributeType>filename</AttributeType><IsRequired>true</IsRequired><Value i:nil="true"/></Attribute></Attributes><ChildElements/><ElementName>mesh</ElementName><required>false</required><FilenameAttribute z:Ref="i156"/></URDFElement></ChildElements><ElementName>geometry</ElementName><required>true</required><Mesh z:Ref="i155"/></URDFElement><URDFElement z:Id="i157" i:type="Material"><Attributes><Attribute z:Id="i158"><AttributeType>name</AttributeType><IsRequired>true</IsRequired><Value i:type="a:string" xmlns:a="http://www.w3.org/2001/XMLSchema"/></Attribute></Attributes><ChildElements><URDFElement z:Id="i159" i:type="Color"><Attributes><Attribute z:Id="i160"><AttributeType>rgba</AttributeType><IsRequired>true</IsRequired><Value i:type="a:ArrayOfdouble" xmlns:a="http://schemas.microsoft.com/2003/10/Serialization/Arrays"><a:double>1</a:double><a:double>1</a:double><a:double>1</a:double><a:double>1</a:double></Value></Attribute></Attributes><ChildElements/><ElementName>color</ElementName><required>false</required><RGBAAttribute z:Ref="i160"/></URDFElement><URDFElement z:Id="i161" i:type="Texture"><Attributes><Attribute z:Id="i162"><AttributeType>filename</AttributeType><IsRequired>true</IsRequired><Value i:nil="true"/></Attribute></Attributes><ChildElements/><ElementName>texture</ElementName><required>false</required><FilenameAttribute z:Ref="i162"/><wFilename/></URDFElement></ChildElements><ElementName>material</ElementName><required>false</required><Color z:Ref="i159"/><NameAttribute z:Ref="i158"/><Texture z:Ref="i161"/></URDFElement></ChildElements><ElementName>visual</ElementName><required>false</required><Geometry z:Ref="i154"/><Material z:Ref="i157"/><Origin z:Ref="i151"/></URDFElement><URDFElement z:Id="i163" i:type="Collision"><Attributes/><ChildElements><URDFElement z:Id="i164" i:type="Origin"><Attributes><Attribute z:Id="i165"><AttributeType>xyz</AttributeType><IsRequired>true</IsRequired><Value i:type="a:ArrayOfdouble" xmlns:a="http://schemas.microsoft.com/2003/10/Serialization/Arrays"><a:double>0</a:double><a:double>0</a:double><a:double>0</a:double></Value></Attribute><Attribute z:Id="i166"><AttributeType>rpy</AttributeType><IsRequired>true</IsRequired><Value i:type="a:ArrayOfdouble" xmlns:a="http://schemas.microsoft.com/2003/10/Serialization/Arrays"><a:double>0</a:double><a:double>0</a:double><a:double>0</a:double></Value></Attribute></Attributes><ChildElements/><ElementName>origin</ElementName><required>false</required><RPYAttribute z:Ref="i166"/><XYZAttribute z:Ref="i165"/><isCustomized>false</isCustomized></URDFElement><URDFElement z:Id="i167" i:type="Geometry"><Attributes/><ChildElements><URDFElement z:Id="i168" i:type="Mesh"><Attributes><Attribute z:Id="i169"><AttributeType>filename</AttributeType><IsRequired>true</IsRequired><Value i:nil="true"/></Attribute></Attributes><ChildElements/><ElementName>mesh</ElementName><required>false</required><FilenameAttribute z:Ref="i169"/></URDFElement></ChildElements><ElementName>geometry</ElementName><required>true</required><Mesh z:Ref="i168"/></URDFElement></ChildElements><ElementName>collision</ElementName><required>false</required><Geometry z:Ref="i167"/><Origin z:Ref="i164"/></URDFElement><URDFElement z:Id="i170" i:type="Joint"><Attributes><Attribute z:Id="i171"><AttributeType>name</AttributeType><IsRequired>true</IsRequired><Value i:type="a:string" xmlns:a="http://www.w3.org/2001/XMLSchema">back_left_wheel_joint</Value></Attribute><Attribute z:Id="i172"><AttributeType>type</AttributeType><IsRequired>true</IsRequired><Value i:type="a:string" xmlns:a="http://www.w3.org/2001/XMLSchema">continuous</Value></Attribute></Attributes><ChildElements><URDFElement z:Id="i173" i:type="Origin"><Attributes><Attribute z:Id="i174"><AttributeType>xyz</AttributeType><IsRequired>true</IsRequired><Value i:type="a:ArrayOfdouble" xmlns:a="http://schemas.microsoft.com/2003/10/Serialization/Arrays"><a:double>0</a:double><a:double>0</a:double><a:double>0</a:double></Value></Attribute><Attribute z:Id="i175"><AttributeType>rpy</AttributeType><IsRequired>true</IsRequired><Value i:type="a:ArrayOfdouble" xmlns:a="http://schemas.microsoft.com/2003/10/Serialization/Arrays"><a:double>0</a:double><a:double>0</a:double><a:double>0</a:double></Value></Attribute></Attributes><ChildElements/><ElementName>origin</ElementName><required>false</required><RPYAttribute z:Ref="i175"/><XYZAttribute z:Ref="i174"/><isCustomized>false</isCustomized></URDFElement><URDFElement z:Id="i176" i:type="ParentLink"><Attributes><Attribute z:Id="i177"><AttributeType>link</AttributeType><IsRequired>true</IsRequired><Value i:type="a:string" xmlns:a="http://www.w3.org/2001/XMLSchema"/></Attribute></Attributes><ChildElements/><ElementName>parent</ElementName><required>true</required><NameAttribute z:Ref="i177"/></URDFElement><URDFElement z:Id="i178" i:type="ChildLink"><Attributes><Attribute z:Id="i179"><AttributeType>link</AttributeType><IsRequired>true</IsRequired><Value i:type="a:string" xmlns:a="http://www.w3.org/2001/XMLSchema"/></Attribute></Attributes><ChildElements/><ElementName>child</ElementName><required>true</required><NameAttribute z:Ref="i179"/></URDFElement><URDFElement z:Id="i180" i:type="Axis"><Attributes><Attribute z:Id="i181"><AttributeType>xyz</AttributeType><IsRequired>true</IsRequired><Value i:type="a:ArrayOfdouble" xmlns:a="http://schemas.microsoft.com/2003/10/Serialization/Arrays"><a:double>0</a:double><a:double>0</a:double><a:double>0</a:double></Value></Attribute></Attributes><ChildElements/><ElementName>axis</ElementName><required>false</required><XYZAttribute z:Ref="i181"/></URDFElement><URDFElement z:Id="i182" i:type="Limit"><Attributes><Attribute z:Id="i183"><AttributeType>lower</AttributeType><IsRequired>false</IsRequired><Value i:nil="true"/></Attribute><Attribute z:Id="i184"><AttributeType>upper</AttributeType><IsRequired>false</IsRequired><Value i:nil="true"/></Attribute><Attribute z:Id="i185"><AttributeType>effort</AttributeType><IsRequired>true</IsRequired><Value i:nil="true"/></Attribute><Attribute z:Id="i186"><AttributeType>velocity</AttributeType><IsRequired>true</IsRequired><Value i:nil="true"/></Attribute></Attributes><ChildElements/><ElementName>limit</ElementName><required>false</required><EffortAttribute z:Ref="i185"/><LowerAttribute z:Ref="i183"/><UpperAttribute z:Ref="i184"/><VelocityAttribute z:Ref="i186"/></URDFElement><URDFElement z:Id="i187" i:type="Calibration"><Attributes><Attribute z:Id="i188"><AttributeType>rising</AttributeType><IsRequired>false</IsRequired><Value i:nil="true"/></Attribute><Attribute z:Id="i189"><AttributeType>falling</AttributeType><IsRequired>false</IsRequired><Value i:nil="true"/></Attribute></Attributes><ChildElements/><ElementName>calibration</ElementName><required>false</required><FallingAttribute z:Ref="i189"/><RisingAttribute z:Ref="i188"/></URDFElement><URDFElement z:Id="i190" i:type="Dynamics"><Attributes><Attribute z:Id="i191"><AttributeType>damping</AttributeType><IsRequired>false</IsRequired><Value i:nil="true"/></Attribute><Attribute z:Id="i192"><AttributeType>friction</AttributeType><IsRequired>false</IsRequired><Value i:nil="true"/></Attribute></Attributes><ChildElements/><ElementName>dynamics</ElementName><required>false</required><DampingAttribute z:Ref="i191"/><FrictionAttribute z:Ref="i192"/></URDFElement><URDFElement z:Id="i193" i:type="SafetyController"><Attributes><Attribute z:Id="i194"><AttributeType>soft_upper_limit</AttributeType><IsRequired>false</IsRequired><Value i:nil="true"/></Attribute><Attribute z:Id="i195"><AttributeType>soft_lower_limit</AttributeType><IsRequired>false</IsRequired><Value i:nil="true"/></Attribute><Attribute z:Id="i196"><AttributeType>k_position</AttributeType><IsRequired>false</IsRequired><Value i:nil="true"/></Attribute><Attribute z:Id="i197"><AttributeType>k_velocity</AttributeType><IsRequired>true</IsRequired><Value i:nil="true"/></Attribute></Attributes><ChildElements/><ElementName>safety_controller</ElementName><required>false</required><KPositionAttribute z:Ref="i196"/><KVelocityAttribute z:Ref="i197"/><SoftLowerAttribute z:Ref="i195"/><SoftUpperAttribute z:Ref="i194"/></URDFElement><URDFElement z:Id="i198" i:type="Mimic"><Attributes><Attribute z:Id="i199"><AttributeType>joint</AttributeType><IsRequired>true</IsRequired><Value i:nil="true"/></Attribute><Attribute z:Id="i200"><AttributeType>multiplier</AttributeType><IsRequired>false</IsRequired><Value i:nil="true"/></Attribute><Attribute z:Id="i201"><AttributeType>offset</AttributeType><IsRequired>false</IsRequired><Value i:nil="true"/></Attribute></Attributes><ChildElements/><ElementName>mimic</ElementName><required>false</required><JointNameAttribute z:Ref="i199"/><MultiplierAttribute z:Ref="i200"/><OffsetAttribute z:Ref="i201"/></URDFElement></ChildElements><ElementName>joint</ElementName><required>false</required><Axis z:Ref="i180"/><AxisName>back_left_wheel_axis</AxisName><Calibration z:Ref="i187"/><Child z:Ref="i178"/><CoordinateSystemName>base_link</CoordinateSystemName><Dynamics z:Ref="i190"/><Limit z:Ref="i182"/><Mimic z:Ref="i198"/><NameAttribute z:Ref="i171"/><Origin z:Ref="i173"/><Parent z:Ref="i176"/><Safety z:Ref="i193"/><TypeAttribute z:Ref="i172"/></URDFElement></ChildElements><ElementName>link</ElementName><required>true</required><Children/><Collision z:Ref="i163"/><Inertial z:Ref="i137"/><Joint z:Ref="i170"/><NameAttribute z:Ref="i136"/><Parent z:Ref="i1"/><STLQualityFine>false</STLQualityFine><SWComponentPIDs xmlns:a="http://schemas.microsoft.com/2003/10/Serialization/Arrays"><a:base64Binary>mDoAAAUAAAD//v9mTwBtAG4AaQBfAFcAaABlAGUAbABfADEAMgBtAG0AXwBIAGUAeABfAE0AbwBkADEALQAyAEAAVQBpAFIAUwAuADEAIAAtACAATwBiAGoAZQBjAHQAIABUAHIAYQBuAHMAcABvAHQAIABSAG8AYgBvAHQAIABBAHIAbQAvAE8AbQBuAGkAIAB3AGgAZQBlAGwAIAB2ADkALQAxAEAATwBtAG4AaQBfAFcAaABlAGUAbABfADEAMgBtAG0AXwBIAGUAeABfAE0AbwBkADEABAAAABAAAAABAAAAAgAAAFMAAAAVAAAA</a:base64Binary></SWComponentPIDs><SWMainComponentPID i:nil="true"/><Visual z:Ref="i150"/><isFixedFrame>false</isFixedFrame><isIncomplete>false</isIncomplete></Link><Link z:Id="i202"><Attributes><Attribute z:Id="i203"><AttributeType>name</AttributeType><IsRequired>true</IsRequired><Value i:type="a:string" xmlns:a="http://www.w3.org/2001/XMLSchema">link3</Value></Attribute></Attributes><ChildElements><URDFElement z:Id="i204" i:type="Inertial"><Attributes/><ChildElements><URDFElement z:Id="i205" i:type="Origin"><Attributes><Attribute z:Id="i206"><AttributeType>xyz</AttributeType><IsRequired>true</IsRequired><Value i:type="a:ArrayOfdouble" xmlns:a="http://schemas.microsoft.com/2003/10/Serialization/Arrays"><a:double>0</a:double><a:double>0</a:double><a:double>0</a:double></Value></Attribute><Attribute z:Id="i207"><AttributeType>rpy</AttributeType><IsRequired>true</IsRequired><Value i:type="a:ArrayOfdouble" xmlns:a="http://schemas.microsoft.com/2003/10/Serialization/Arrays"><a:double>0</a:double><a:double>0</a:double><a:double>0</a:double></Value></Attribute></Attributes><ChildElements/><ElementName>origin</ElementName><required>false</required><RPYAttribute z:Ref="i207"/><XYZAttribute z:Ref="i206"/><isCustomized>false</isCustomized></URDFElement><URDFElement z:Id="i208" i:type="Mass"><Attributes><Attribute z:Id="i209"><AttributeType>value</AttributeType><IsRequired>true</IsRequired><Value i:type="a:double" xmlns:a="http://www.w3.org/2001/XMLSchema">0</Value></Attribute></Attributes><ChildElements/><ElementName>mass</ElementName><required>false</required><ValueAttribute z:Ref="i209"/></URDFElement><URDFElement z:Id="i210" i:type="Inertia"><Attributes><Attribute z:Id="i211"><AttributeType>ixx</AttributeType><IsRequired>true</IsRequired><Value i:type="a:double" xmlns:a="http://www.w3.org/2001/XMLSchema">0</Value></Attribute><Attribute z:Id="i212"><AttributeType>ixy</AttributeType><IsRequired>true</IsRequired><Value i:type="a:double" xmlns:a="http://www.w3.org/2001/XMLSchema">0</Value></Attribute><Attribute z:Id="i213"><AttributeType>ixz</AttributeType><IsRequired>true</IsRequired><Value i:type="a:double" xmlns:a="http://www.w3.org/2001/XMLSchema">0</Value></Attribute><Attribute z:Id="i214"><AttributeType>iyy</AttributeType><IsRequired>true</IsRequired><Value i:type="a:double" xmlns:a="http://www.w3.org/2001/XMLSchema">0</Value></Attribute><Attribute z:Id="i215"><AttributeType>iyz</AttributeType><IsRequired>true</IsRequired><Value i:type="a:double" xmlns:a="http://www.w3.org/2001/XMLSchema">0</Value></Attribute><Attribute z:Id="i216"><AttributeType>izz</AttributeType><IsRequired>true</IsRequired><Value i:type="a:double" xmlns:a="http://www.w3.org/2001/XMLSchema">0</Value></Attribute></Attributes><ChildElements/><ElementName>inertia</ElementName><required>false</required><IxxAttribute z:Ref="i211"/><IxyAttribute z:Ref="i212"/><IxzAttribute z:Ref="i213"/><IyyAttribute z:Ref="i214"/><IyzAttribute z:Ref="i215"/><IzzAttribute z:Ref="i216"/></URDFElement></ChildElements><ElementName>inertial</ElementName><required>false</required><Inertia z:Ref="i210"/><Mass z:Ref="i208"/><Origin z:Ref="i205"/></URDFElement><URDFElement z:Id="i217" i:type="Visual"><Attributes/><ChildElements><URDFElement z:Id="i218" i:type="Origin"><Attributes><Attribute z:Id="i219"><AttributeType>xyz</AttributeType><IsRequired>true</IsRequired><Value i:type="a:ArrayOfdouble" xmlns:a="http://schemas.microsoft.com/2003/10/Serialization/Arrays"><a:double>0</a:double><a:double>0</a:double><a:double>0</a:double></Value></Attribute><Attribute z:Id="i220"><AttributeType>rpy</AttributeType><IsRequired>true</IsRequired><Value i:type="a:ArrayOfdouble" xmlns:a="http://schemas.microsoft.com/2003/10/Serialization/Arrays"><a:double>0</a:double><a:double>0</a:double><a:double>0</a:double></Value></Attribute></Attributes><ChildElements/><ElementName>origin</ElementName><required>false</required><RPYAttribute z:Ref="i220"/><XYZAttribute z:Ref="i219"/><isCustomized>false</isCustomized></URDFElement><URDFElement z:Id="i221" i:type="Geometry"><Attributes/><ChildElements><URDFElement z:Id="i222" i:type="Mesh"><Attributes><Attribute z:Id="i223"><AttributeType>filename</AttributeType><IsRequired>true</IsRequired><Value i:nil="true"/></Attribute></Attributes><ChildElements/><ElementName>mesh</ElementName><required>false</required><FilenameAttribute z:Ref="i223"/></URDFElement></ChildElements><ElementName>geometry</ElementName><required>true</required><Mesh z:Ref="i222"/></URDFElement><URDFElement z:Id="i224" i:type="Material"><Attributes><Attribute z:Id="i225"><AttributeType>name</AttributeType><IsRequired>true</IsRequired><Value i:type="a:string" xmlns:a="http://www.w3.org/2001/XMLSchema"/></Attribute></Attributes><ChildElements><URDFElement z:Id="i226" i:type="Color"><Attributes><Attribute z:Id="i227"><AttributeType>rgba</AttributeType><IsRequired>true</IsRequired><Value i:type="a:ArrayOfdouble" xmlns:a="http://schemas.microsoft.com/2003/10/Serialization/Arrays"><a:double>1</a:double><a:double>1</a:double><a:double>1</a:double><a:double>1</a:double></Value></Attribute></Attributes><ChildElements/><ElementName>color</ElementName><required>false</required><RGBAAttribute z:Ref="i227"/></URDFElement><URDFElement z:Id="i228" i:type="Texture"><Attributes><Attribute z:Id="i229"><AttributeType>filename</AttributeType><IsRequired>true</IsRequired><Value i:nil="true"/></Attribute></Attributes><ChildElements/><ElementName>texture</ElementName><required>false</required><FilenameAttribute z:Ref="i229"/><wFilename/></URDFElement></ChildElements><ElementName>material</ElementName><required>false</required><Color z:Ref="i226"/><NameAttribute z:Ref="i225"/><Texture z:Ref="i228"/></URDFElement></ChildElements><ElementName>visual</ElementName><required>false</required><Geometry z:Ref="i221"/><Material z:Ref="i224"/><Origin z:Ref="i218"/></URDFElement><URDFElement z:Id="i230" i:type="Collision"><Attributes/><ChildElements><URDFElement z:Id="i231" i:type="Origin"><Attributes><Attribute z:Id="i232"><AttributeType>xyz</AttributeType><IsRequired>true</IsRequired><Value i:type="a:ArrayOfdouble" xmlns:a="http://schemas.microsoft.com/2003/10/Serialization/Arrays"><a:double>0</a:double><a:double>0</a:double><a:double>0</a:double></Value></Attribute><Attribute z:Id="i233"><AttributeType>rpy</AttributeType><IsRequired>true</IsRequired><Value i:type="a:ArrayOfdouble" xmlns:a="http://schemas.microsoft.com/2003/10/Serialization/Arrays"><a:double>0</a:double><a:double>0</a:double><a:double>0</a:double></Value></Attribute></Attributes><ChildElements/><ElementName>origin</ElementName><required>false</required><RPYAttribute z:Ref="i233"/><XYZAttribute z:Ref="i232"/><isCustomized>false</isCustomized></URDFElement><URDFElement z:Id="i234" i:type="Geometry"><Attributes/><ChildElements><URDFElement z:Id="i235" i:type="Mesh"><Attributes><Attribute z:Id="i236"><AttributeType>filename</AttributeType><IsRequired>true</IsRequired><Value i:nil="true"/></Attribute></Attributes><ChildElements/><ElementName>mesh</ElementName><required>false</required><FilenameAttribute z:Ref="i236"/></URDFElement></ChildElements><ElementName>geometry</ElementName><required>true</required><Mesh z:Ref="i235"/></URDFElement></ChildElements><ElementName>collision</ElementName><required>false</required><Geometry z:Ref="i234"/><Origin z:Ref="i231"/></URDFElement><URDFElement z:Id="i237" i:type="Joint"><Attributes><Attribute z:Id="i238"><AttributeType>name</AttributeType><IsRequired>true</IsRequired><Value i:type="a:string" xmlns:a="http://www.w3.org/2001/XMLSchema">front_right_wheel_joint</Value></Attribute><Attribute z:Id="i239"><AttributeType>type</AttributeType><IsRequired>true</IsRequired><Value i:type="a:string" xmlns:a="http://www.w3.org/2001/XMLSchema">continuous</Value></Attribute></Attributes><ChildElements><URDFElement z:Id="i240" i:type="Origin"><Attributes><Attribute z:Id="i241"><AttributeType>xyz</AttributeType><IsRequired>true</IsRequired><Value i:type="a:ArrayOfdouble" xmlns:a="http://schemas.microsoft.com/2003/10/Serialization/Arrays"><a:double>0</a:double><a:double>0</a:double><a:double>0</a:double></Value></Attribute><Attribute z:Id="i242"><AttributeType>rpy</AttributeType><IsRequired>true</IsRequired><Value i:type="a:ArrayOfdouble" xmlns:a="http://schemas.microsoft.com/2003/10/Serialization/Arrays"><a:double>0</a:double><a:double>0</a:double><a:double>0</a:double></Value></Attribute></Attributes><ChildElements/><ElementName>origin</ElementName><required>false</required><RPYAttribute z:Ref="i242"/><XYZAttribute z:Ref="i241"/><isCustomized>false</isCustomized></URDFElement><URDFElement z:Id="i243" i:type="ParentLink"><Attributes><Attribute z:Id="i244"><AttributeType>link</AttributeType><IsRequired>true</IsRequired><Value i:type="a:string" xmlns:a="http://www.w3.org/2001/XMLSchema"/></Attribute></Attributes><ChildElements/><ElementName>parent</ElementName><required>true</required><NameAttribute z:Ref="i244"/></URDFElement><URDFElement z:Id="i245" i:type="ChildLink"><Attributes><Attribute z:Id="i246"><AttributeType>link</AttributeType><IsRequired>true</IsRequired><Value i:type="a:string" xmlns:a="http://www.w3.org/2001/XMLSchema"/></Attribute></Attributes><ChildElements/><ElementName>child</ElementName><required>true</required><NameAttribute z:Ref="i246"/></URDFElement><URDFElement z:Id="i247" i:type="Axis"><Attributes><Attribute z:Id="i248"><AttributeType>xyz</AttributeType><IsRequired>true</IsRequired><Value i:type="a:ArrayOfdouble" xmlns:a="http://schemas.microsoft.com/2003/10/Serialization/Arrays"><a:double>0</a:double><a:double>0</a:double><a:double>0</a:double></Value></Attribute></Attributes><ChildElements/><ElementName>axis</ElementName><required>false</required><XYZAttribute z:Ref="i248"/></URDFElement><URDFElement z:Id="i249" i:type="Limit"><Attributes><Attribute z:Id="i250"><AttributeType>lower</AttributeType><IsRequired>false</IsRequired><Value i:nil="true"/></Attribute><Attribute z:Id="i251"><AttributeType>upper</AttributeType><IsRequired>false</IsRequired><Value i:nil="true"/></Attribute><Attribute z:Id="i252"><AttributeType>effort</AttributeType><IsRequired>true</IsRequired><Value i:nil="true"/></Attribute><Attribute z:Id="i253"><AttributeType>velocity</AttributeType><IsRequired>true</IsRequired><Value i:nil="true"/></Attribute></Attributes><ChildElements/><ElementName>limit</ElementName><required>false</required><EffortAttribute z:Ref="i252"/><LowerAttribute z:Ref="i250"/><UpperAttribute z:Ref="i251"/><VelocityAttribute z:Ref="i253"/></URDFElement><URDFElement z:Id="i254" i:type="Calibration"><Attributes><Attribute z:Id="i255"><AttributeType>rising</AttributeType><IsRequired>false</IsRequired><Value i:nil="true"/></Attribute><Attribute z:Id="i256"><AttributeType>falling</AttributeType><IsRequired>false</IsRequired><Value i:nil="true"/></Attribute></Attributes><ChildElements/><ElementName>calibration</ElementName><required>false</required><FallingAttribute z:Ref="i256"/><RisingAttribute z:Ref="i255"/></URDFElement><URDFElement z:Id="i257" i:type="Dynamics"><Attributes><Attribute z:Id="i258"><AttributeType>damping</AttributeType><IsRequired>false</IsRequired><Value i:nil="true"/></Attribute><Attribute z:Id="i259"><AttributeType>friction</AttributeType><IsRequired>false</IsRequired><Value i:nil="true"/></Attribute></Attributes><ChildElements/><ElementName>dynamics</ElementName><required>false</required><DampingAttribute z:Ref="i258"/><FrictionAttribute z:Ref="i259"/></URDFElement><URDFElement z:Id="i260" i:type="SafetyController"><Attributes><Attribute z:Id="i261"><AttributeType>soft_upper_limit</AttributeType><IsRequired>false</IsRequired><Value i:nil="true"/></Attribute><Attribute z:Id="i262"><AttributeType>soft_lower_limit</AttributeType><IsRequired>false</IsRequired><Value i:nil="true"/></Attribute><Attribute z:Id="i263"><AttributeType>k_position</AttributeType><IsRequired>false</IsRequired><Value i:nil="true"/></Attribute><Attribute z:Id="i264"><AttributeType>k_velocity</AttributeType><IsRequired>true</IsRequired><Value i:nil="true"/></Attribute></Attributes><ChildElements/><ElementName>safety_controller</ElementName><required>false</required><KPositionAttribute z:Ref="i263"/><KVelocityAttribute z:Ref="i264"/><SoftLowerAttribute z:Ref="i262"/><SoftUpperAttribute z:Ref="i261"/></URDFElement><URDFElement z:Id="i265" i:type="Mimic"><Attributes><Attribute z:Id="i266"><AttributeType>joint</AttributeType><IsRequired>true</IsRequired><Value i:nil="true"/></Attribute><Attribute z:Id="i267"><AttributeType>multiplier</AttributeType><IsRequired>false</IsRequired><Value i:nil="true"/></Attribute><Attribute z:Id="i268"><AttributeType>offset</AttributeType><IsRequired>false</IsRequired><Value i:nil="true"/></Attribute></Attributes><ChildElements/><ElementName>mimic</ElementName><required>false</required><JointNameAttribute z:Ref="i266"/><MultiplierAttribute z:Ref="i267"/><OffsetAttribute z:Ref="i268"/></URDFElement></ChildElements><ElementName>joint</ElementName><required>false</required><Axis z:Ref="i247"/><AxisName>front_right_wheel_axis</AxisName><Calibration z:Ref="i254"/><Child z:Ref="i245"/><CoordinateSystemName>base_link</CoordinateSystemName><Dynamics z:Ref="i257"/><Limit z:Ref="i249"/><Mimic z:Ref="i265"/><NameAttribute z:Ref="i238"/><Origin z:Ref="i240"/><Parent z:Ref="i243"/><Safety z:Ref="i260"/><TypeAttribute z:Ref="i239"/></URDFElement></ChildElements><ElementName>link</ElementName><required>true</required><Children/><Collision z:Ref="i230"/><Inertial z:Ref="i204"/><Joint z:Ref="i237"/><NameAttribute z:Ref="i203"/><Parent z:Ref="i1"/><STLQualityFine>false</STLQualityFine><SWComponentPIDs xmlns:a="http://schemas.microsoft.com/2003/10/Serialization/Arrays"><a:base64Binary>mDoAAAUAAAD//v9mTwBtAG4AaQBfAFcAaABlAGUAbABfADEAMgBtAG0AXwBIAGUAeABfAE0AbwBkADEALQA0AEAAVQBpAFIAUwAuADEAIAAtACAATwBiAGoAZQBjAHQAIABUAHIAYQBuAHMAcABvAHQAIABSAG8AYgBvAHQAIABBAHIAbQAvAE8AbQBuAGkAIAB3AGgAZQBlAGwAIAB2ADkALQAxAEAATwBtAG4AaQBfAFcAaABlAGUAbABfADEAMgBtAG0AXwBIAGUAeABfAE0AbwBkADEABAAAABAAAAABAAAAAgAAAG8AAAAVAAAA</a:base64Binary></SWComponentPIDs><SWMainComponentPID i:nil="true"/><Visual z:Ref="i217"/><isFixedFrame>false</isFixedFrame><isIncomplete>false</isIncomplete></Link><Link z:Id="i269"><Attributes><Attribute z:Id="i270"><AttributeType>name</AttributeType><IsRequired>true</IsRequired><Value i:type="a:string" xmlns:a="http://www.w3.org/2001/XMLSchema">link4</Value></Attribute></Attributes><ChildElements><URDFElement z:Id="i271" i:type="Inertial"><Attributes/><ChildElements><URDFElement z:Id="i272" i:type="Origin"><Attributes><Attribute z:Id="i273"><AttributeType>xyz</AttributeType><IsRequired>true</IsRequired><Value i:type="a:ArrayOfdouble" xmlns:a="http://schemas.microsoft.com/2003/10/Serialization/Arrays"><a:double>0</a:double><a:double>0</a:double><a:double>0</a:double></Value></Attribute><Attribute z:Id="i274"><AttributeType>rpy</AttributeType><IsRequired>true</IsRequired><Value i:type="a:ArrayOfdouble" xmlns:a="http://schemas.microsoft.com/2003/10/Serialization/Arrays"><a:double>0</a:double><a:double>0</a:double><a:double>0</a:double></Value></Attribute></Attributes><ChildElements/><ElementName>origin</ElementName><required>false</required><RPYAttribute z:Ref="i274"/><XYZAttribute z:Ref="i273"/><isCustomized>false</isCustomized></URDFElement><URDFElement z:Id="i275" i:type="Mass"><Attributes><Attribute z:Id="i276"><AttributeType>value</AttributeType><IsRequired>true</IsRequired><Value i:type="a:double" xmlns:a="http://www.w3.org/2001/XMLSchema">0</Value></Attribute></Attributes><ChildElements/><ElementName>mass</ElementName><required>false</required><ValueAttribute z:Ref="i276"/></URDFElement><URDFElement z:Id="i277" i:type="Inertia"><Attributes><Attribute z:Id="i278"><AttributeType>ixx</AttributeType><IsRequired>true</IsRequired><Value i:type="a:double" xmlns:a="http://www.w3.org/2001/XMLSchema">0</Value></Attribute><Attribute z:Id="i279"><AttributeType>ixy</AttributeType><IsRequired>true</IsRequired><Value i:type="a:double" xmlns:a="http://www.w3.org/2001/XMLSchema">0</Value></Attribute><Attribute z:Id="i280"><AttributeType>ixz</AttributeType><IsRequired>true</IsRequired><Value i:type="a:double" xmlns:a="http://www.w3.org/2001/XMLSchema">0</Value></Attribute><Attribute z:Id="i281"><AttributeType>iyy</AttributeType><IsRequired>true</IsRequired><Value i:type="a:double" xmlns:a="http://www.w3.org/2001/XMLSchema">0</Value></Attribute><Attribute z:Id="i282"><AttributeType>iyz</AttributeType><IsRequired>true</IsRequired><Value i:type="a:double" xmlns:a="http://www.w3.org/2001/XMLSchema">0</Value></Attribute><Attribute z:Id="i283"><AttributeType>izz</AttributeType><IsRequired>true</IsRequired><Value i:type="a:double" xmlns:a="http://www.w3.org/2001/XMLSchema">0</Value></Attribute></Attributes><ChildElements/><ElementName>inertia</ElementName><required>false</required><IxxAttribute z:Ref="i278"/><IxyAttribute z:Ref="i279"/><IxzAttribute z:Ref="i280"/><IyyAttribute z:Ref="i281"/><IyzAttribute z:Ref="i282"/><IzzAttribute z:Ref="i283"/></URDFElement></ChildElements><ElementName>inertial</ElementName><required>false</required><Inertia z:Ref="i277"/><Mass z:Ref="i275"/><Origin z:Ref="i272"/></URDFElement><URDFElement z:Id="i284" i:type="Visual"><Attributes/><ChildElements><URDFElement z:Id="i285" i:type="Origin"><Attributes><Attribute z:Id="i286"><AttributeType>xyz</AttributeType><IsRequired>true</IsRequired><Value i:type="a:ArrayOfdouble" xmlns:a="http://schemas.microsoft.com/2003/10/Serialization/Arrays"><a:double>0</a:double><a:double>0</a:double><a:double>0</a:double></Value></Attribute><Attribute z:Id="i287"><AttributeType>rpy</AttributeType><IsRequired>true</IsRequired><Value i:type="a:ArrayOfdouble" xmlns:a="http://schemas.microsoft.com/2003/10/Serialization/Arrays"><a:double>0</a:double><a:double>0</a:double><a:double>0</a:double></Value></Attribute></Attributes><ChildElements/><ElementName>origin</ElementName><required>false</required><RPYAttribute z:Ref="i287"/><XYZAttribute z:Ref="i286"/><isCustomized>false</isCustomized></URDFElement><URDFElement z:Id="i288" i:type="Geometry"><Attributes/><ChildElements><URDFElement z:Id="i289" i:type="Mesh"><Attributes><Attribute z:Id="i290"><AttributeType>filename</AttributeType><IsRequired>true</IsRequired><Value i:nil="true"/></Attribute></Attributes><ChildElements/><ElementName>mesh</ElementName><required>false</required><FilenameAttribute z:Ref="i290"/></URDFElement></ChildElements><ElementName>geometry</ElementName><required>true</required><Mesh z:Ref="i289"/></URDFElement><URDFElement z:Id="i291" i:type="Material"><Attributes><Attribute z:Id="i292"><AttributeType>name</AttributeType><IsRequired>true</IsRequired><Value i:type="a:string" xmlns:a="http://www.w3.org/2001/XMLSchema"/></Attribute></Attributes><ChildElements><URDFElement z:Id="i293" i:type="Color"><Attributes><Attribute z:Id="i294"><AttributeType>rgba</AttributeType><IsRequired>true</IsRequired><Value i:type="a:ArrayOfdouble" xmlns:a="http://schemas.microsoft.com/2003/10/Serialization/Arrays"><a:double>1</a:double><a:double>1</a:double><a:double>1</a:double><a:double>1</a:double></Value></Attribute></Attributes><ChildElements/><ElementName>color</ElementName><required>false</required><RGBAAttribute z:Ref="i294"/></URDFElement><URDFElement z:Id="i295" i:type="Texture"><Attributes><Attribute z:Id="i296"><AttributeType>filename</AttributeType><IsRequired>true</IsRequired><Value i:nil="true"/></Attribute></Attributes><ChildElements/><ElementName>texture</ElementName><required>false</required><FilenameAttribute z:Ref="i296"/><wFilename/></URDFElement></ChildElements><ElementName>material</ElementName><required>false</required><Color z:Ref="i293"/><NameAttribute z:Ref="i292"/><Texture z:Ref="i295"/></URDFElement></ChildElements><ElementName>visual</ElementName><required>false</required><Geometry z:Ref="i288"/><Material z:Ref="i291"/><Origin z:Ref="i285"/></URDFElement><URDFElement z:Id="i297" i:type="Collision"><Attributes/><ChildElements><URDFElement z:Id="i298" i:type="Origin"><Attributes><Attribute z:Id="i299"><AttributeType>xyz</AttributeType><IsRequired>true</IsRequired><Value i:type="a:ArrayOfdouble" xmlns:a="http://schemas.microsoft.com/2003/10/Serialization/Arrays"><a:double>0</a:double><a:double>0</a:double><a:double>0</a:double></Value></Attribute><Attribute z:Id="i300"><AttributeType>rpy</AttributeType><IsRequired>true</IsRequired><Value i:type="a:ArrayOfdouble" xmlns:a="http://schemas.microsoft.com/2003/10/Serialization/Arrays"><a:double>0</a:double><a:double>0</a:double><a:double>0</a:double></Value></Attribute></Attributes><ChildElements/><ElementName>origin</ElementName><required>false</required><RPYAttribute z:Ref="i300"/><XYZAttribute z:Ref="i299"/><isCustomized>false</isCustomized></URDFElement><URDFElement z:Id="i301" i:type="Geometry"><Attributes/><ChildElements><URDFElement z:Id="i302" i:type="Mesh"><Attributes><Attribute z:Id="i303"><AttributeType>filename</AttributeType><IsRequired>true</IsRequired><Value i:nil="true"/></Attribute></Attributes><ChildElements/><ElementName>mesh</ElementName><required>false</required><FilenameAttribute z:Ref="i303"/></URDFElement></ChildElements><ElementName>geometry</ElementName><required>true</required><Mesh z:Ref="i302"/></URDFElement></ChildElements><ElementName>collision</ElementName><required>false</required><Geometry z:Ref="i301"/><Origin z:Ref="i298"/></URDFElement><URDFElement z:Id="i304" i:type="Joint"><Attributes><Attribute z:Id="i305"><AttributeType>name</AttributeType><IsRequired>true</IsRequired><Value i:type="a:string" xmlns:a="http://www.w3.org/2001/XMLSchema">back_right_wheel_joint</Value></Attribute><Attribute z:Id="i306"><AttributeType>type</AttributeType><IsRequired>true</IsRequired><Value i:type="a:string" xmlns:a="http://www.w3.org/2001/XMLSchema">continuous</Value></Attribute></Attributes><ChildElements><URDFElement z:Id="i307" i:type="Origin"><Attributes><Attribute z:Id="i308"><AttributeType>xyz</AttributeType><IsRequired>true</IsRequired><Value i:type="a:ArrayOfdouble" xmlns:a="http://schemas.microsoft.com/2003/10/Serialization/Arrays"><a:double>0</a:double><a:double>0</a:double><a:double>0</a:double></Value></Attribute><Attribute z:Id="i309"><AttributeType>rpy</AttributeType><IsRequired>true</IsRequired><Value i:type="a:ArrayOfdouble" xmlns:a="http://schemas.microsoft.com/2003/10/Serialization/Arrays"><a:double>0</a:double><a:double>0</a:double><a:double>0</a:double></Value></Attribute></Attributes><ChildElements/><ElementName>origin</ElementName><required>false</required><RPYAttribute z:Ref="i309"/><XYZAttribute z:Ref="i308"/><isCustomized>false</isCustomized></URDFElement><URDFElement z:Id="i310" i:type="ParentLink"><Attributes><Attribute z:Id="i311"><AttributeType>link</AttributeType><IsRequired>true</IsRequired><Value i:type="a:string" xmlns:a="http://www.w3.org/2001/XMLSchema"/></Attribute></Attributes><ChildElements/><ElementName>parent</ElementName><required>true</required><NameAttribute z:Ref="i311"/></URDFElement><URDFElement z:Id="i312" i:type="ChildLink"><Attributes><Attribute z:Id="i313"><AttributeType>link</AttributeType><IsRequired>true</IsRequired><Value i:type="a:string" xmlns:a="http://www.w3.org/2001/XMLSchema"/></Attribute></Attributes><ChildElements/><ElementName>child</ElementName><required>true</required><NameAttribute z:Ref="i313"/></URDFElement><URDFElement z:Id="i314" i:type="Axis"><Attributes><Attribute z:Id="i315"><AttributeType>xyz</AttributeType><IsRequired>true</IsRequired><Value i:type="a:ArrayOfdouble" xmlns:a="http://schemas.microsoft.com/2003/10/Serialization/Arrays"><a:double>0</a:double><a:double>0</a:double><a:double>0</a:double></Value></Attribute></Attributes><ChildElements/><ElementName>axis</ElementName><required>false</required><XYZAttribute z:Ref="i315"/></URDFElement><URDFElement z:Id="i316" i:type="Limit"><Attributes><Attribute z:Id="i317"><AttributeType>lower</AttributeType><IsRequired>false</IsRequired><Value i:nil="true"/></Attribute><Attribute z:Id="i318"><AttributeType>upper</AttributeType><IsRequired>false</IsRequired><Value i:nil="true"/></Attribute><Attribute z:Id="i319"><AttributeType>effort</AttributeType><IsRequired>true</IsRequired><Value i:nil="true"/></Attribute><Attribute z:Id="i320"><AttributeType>velocity</AttributeType><IsRequired>true</IsRequired><Value i:nil="true"/></Attribute></Attributes><ChildElements/><ElementName>limit</ElementName><required>false</required><EffortAttribute z:Ref="i319"/><LowerAttribute z:Ref="i317"/><UpperAttribute z:Ref="i318"/><VelocityAttribute z:Ref="i320"/></URDFElement><URDFElement z:Id="i321" i:type="Calibration"><Attributes><Attribute z:Id="i322"><AttributeType>rising</AttributeType><IsRequired>false</IsRequired><Value i:nil="true"/></Attribute><Attribute z:Id="i323"><AttributeType>falling</AttributeType><IsRequired>false</IsRequired><Value i:nil="true"/></Attribute></Attributes><ChildElements/><ElementName>calibration</ElementName><required>false</required><FallingAttribute z:Ref="i323"/><RisingAttribute z:Ref="i322"/></URDFElement><URDFElement z:Id="i324" i:type="Dynamics"><Attributes><Attribute z:Id="i325"><AttributeType>damping</AttributeType><IsRequired>false</IsRequired><Value i:nil="true"/></Attribute><Attribute z:Id="i326"><AttributeType>friction</AttributeType><IsRequired>false</IsRequired><Value i:nil="true"/></Attribute></Attributes><ChildElements/><ElementName>dynamics</ElementName><required>false</required><DampingAttribute z:Ref="i325"/><FrictionAttribute z:Ref="i326"/></URDFElement><URDFElement z:Id="i327" i:type="SafetyController"><Attributes><Attribute z:Id="i328"><AttributeType>soft_upper_limit</AttributeType><IsRequired>false</IsRequired><Value i:nil="true"/></Attribute><Attribute z:Id="i329"><AttributeType>soft_lower_limit</AttributeType><IsRequired>false</IsRequired><Value i:nil="true"/></Attribute><Attribute z:Id="i330"><AttributeType>k_position</AttributeType><IsRequired>false</IsRequired><Value i:nil="true"/></Attribute><Attribute z:Id="i331"><AttributeType>k_velocity</AttributeType><IsRequired>true</IsRequired><Value i:nil="true"/></Attribute></Attributes><ChildElements/><ElementName>safety_controller</ElementName><required>false</required><KPositionAttribute z:Ref="i330"/><KVelocityAttribute z:Ref="i331"/><SoftLowerAttribute z:Ref="i329"/><SoftUpperAttribute z:Ref="i328"/></URDFElement><URDFElement z:Id="i332" i:type="Mimic"><Attributes><Attribute z:Id="i333"><AttributeType>joint</AttributeType><IsRequired>true</IsRequired><Value i:nil="true"/></Attribute><Attribute z:Id="i334"><AttributeType>multiplier</AttributeType><IsRequired>false</IsRequired><Value i:nil="true"/></Attribute><Attribute z:Id="i335"><AttributeType>offset</AttributeType><IsRequired>false</IsRequired><Value i:nil="true"/></Attribute></Attributes><ChildElements/><ElementName>mimic</ElementName><required>false</required><JointNameAttribute z:Ref="i333"/><MultiplierAttribute z:Ref="i334"/><OffsetAttribute z:Ref="i335"/></URDFElement></ChildElements><ElementName>joint</ElementName><required>false</required><Axis z:Ref="i314"/><AxisName>back_right_wheel_axis</AxisName><Calibration z:Ref="i321"/><Child z:Ref="i312"/><CoordinateSystemName>base_link</CoordinateSystemName><Dynamics z:Ref="i324"/><Limit z:Ref="i316"/><Mimic z:Ref="i332"/><NameAttribute z:Ref="i305"/><Origin z:Ref="i307"/><Parent z:Ref="i310"/><Safety z:Ref="i327"/><TypeAttribute z:Ref="i306"/></URDFElement></ChildElements><ElementName>link</ElementName><required>true</required><Children/><Collision z:Ref="i297"/><Inertial z:Ref="i271"/><Joint z:Ref="i304"/><NameAttribute z:Ref="i270"/><Parent z:Ref="i1"/><STLQualityFine>false</STLQualityFine><SWComponentPIDs xmlns:a="http://schemas.microsoft.com/2003/10/Serialization/Arrays"><a:base64Binary>mDoAAAUAAAD//v9mTwBtAG4AaQBfAFcAaABlAGUAbABfADEAMgBtAG0AXwBIAGUAeABfAE0AbwBkADEALQAzAEAAVQBpAFIAUwAuADEAIAAtACAATwBiAGoAZQBjAHQAIABUAHIAYQBuAHMAcABvAHQAIABSAG8AYgBvAHQAIABBAHIAbQAvAE8AbQBuAGkAIAB3AGgAZQBlAGwAIAB2ADkALQAxAEAATwBtAG4AaQBfAFcAaABlAGUAbABfADEAMgBtAG0AXwBIAGUAeABfAE0AbwBkADEABAAAABAAAAABAAAAAgAAAGIAAAAVAAAA</a:base64Binary></SWComponentPIDs><SWMainComponentPID i:nil="true"/><Visual z:Ref="i284"/><isFixedFrame>false</isFixedFrame><isIncomplete>false</isIncomplete></Link></Children><Collision z:Ref="i29"/><Inertial z:Ref="i3"/><Joint z:Ref="i36"/><NameAttribute z:Ref="i2"/><Parent i:nil="true"/><STLQualityFine>false</STLQualityFine><SWComponentPIDs xmlns:a="http://schemas.microsoft.com/2003/10/Serialization/Arrays"/><SWMainComponentPID i:nil="true"/><Visual z:Ref="i16"/><isFixedFrame>false</isFixedFrame><isIncomplete>false</isIncomplete></Link>
2026-04-21 13:21:18,883 INFO  LinkNode.cs: 35 - Building node base_link
2026-04-21 13:21:18,884 INFO  LinkNode.cs: 35 - Building node linnk1
2026-04-21 13:21:18,884 INFO  LinkNode.cs: 35 - Building node link2
2026-04-21 13:21:18,884 INFO  LinkNode.cs: 35 - Building node link3
2026-04-21 13:21:18,885 INFO  LinkNode.cs: 35 - Building node link4
2026-04-21 13:21:18,885 INFO  CommonSwOperations.cs: 221 - Loading SolidWorks components for base_link from F:\Github\Mobile-Manipulator-Simulation-Academic-Project-Journey\senior-project\cad\UiRS.1 - Object Transpot Robot Arm.SLDASM
2026-04-21 13:21:18,886 INFO  CommonSwOperations.cs: 230 - Loaded 0 components for link base_link
2026-04-21 13:21:18,887 INFO  CommonSwOperations.cs: 221 - Loading SolidWorks components for linnk1 from F:\Github\Mobile-Manipulator-Simulation-Academic-Project-Journey\senior-project\cad\UiRS.1 - Object Transpot Robot Arm.SLDASM
2026-04-21 13:21:18,887 INFO  CommonSwOperations.cs: 245 - Loading component with PID ?:     ???fO m n i _ W h e e l _ 1 2 m m _ H e x _ M o d 1 - 1 @ U i R S . 1   -   O b j e c t   T r a n s p o t   R o b o t   A r m / O m n i   w h e e l   v 9 - 1 @ O m n i _ W h e e l _ 1 2 m m _ H e x _ M o d 1             <      
2026-04-21 13:21:18,888 INFO  CommonSwOperations.cs: 254 - Successfully loaded component F:\Github\Mobile-Manipulator-Simulation-Academic-Project-Journey\senior-project\cad\Omni wheel v9.sldprt
2026-04-21 13:21:18,889 INFO  CommonSwOperations.cs: 230 - Loaded 1 components for link linnk1
2026-04-21 13:21:18,889 INFO  CommonSwOperations.cs: 221 - Loading SolidWorks components for link2 from F:\Github\Mobile-Manipulator-Simulation-Academic-Project-Journey\senior-project\cad\UiRS.1 - Object Transpot Robot Arm.SLDASM
2026-04-21 13:21:18,889 INFO  CommonSwOperations.cs: 245 - Loading component with PID ?:     ???fO m n i _ W h e e l _ 1 2 m m _ H e x _ M o d 1 - 2 @ U i R S . 1   -   O b j e c t   T r a n s p o t   R o b o t   A r m / O m n i   w h e e l   v 9 - 1 @ O m n i _ W h e e l _ 1 2 m m _ H e x _ M o d 1             S      
2026-04-21 13:21:18,890 INFO  CommonSwOperations.cs: 254 - Successfully loaded component F:\Github\Mobile-Manipulator-Simulation-Academic-Project-Journey\senior-project\cad\Omni wheel v9.sldprt
2026-04-21 13:21:18,890 INFO  CommonSwOperations.cs: 230 - Loaded 1 components for link link2
2026-04-21 13:21:18,890 INFO  CommonSwOperations.cs: 221 - Loading SolidWorks components for link3 from F:\Github\Mobile-Manipulator-Simulation-Academic-Project-Journey\senior-project\cad\UiRS.1 - Object Transpot Robot Arm.SLDASM
2026-04-21 13:21:18,890 INFO  CommonSwOperations.cs: 245 - Loading component with PID ?:     ???fO m n i _ W h e e l _ 1 2 m m _ H e x _ M o d 1 - 4 @ U i R S . 1   -   O b j e c t   T r a n s p o t   R o b o t   A r m / O m n i   w h e e l   v 9 - 1 @ O m n i _ W h e e l _ 1 2 m m _ H e x _ M o d 1             o      
2026-04-21 13:21:18,891 INFO  CommonSwOperations.cs: 254 - Successfully loaded component F:\Github\Mobile-Manipulator-Simulation-Academic-Project-Journey\senior-project\cad\Omni wheel v9.sldprt
2026-04-21 13:21:18,891 INFO  CommonSwOperations.cs: 230 - Loaded 1 components for link link3
2026-04-21 13:21:18,891 INFO  CommonSwOperations.cs: 221 - Loading SolidWorks components for link4 from F:\Github\Mobile-Manipulator-Simulation-Academic-Project-Journey\senior-project\cad\UiRS.1 - Object Transpot Robot Arm.SLDASM
2026-04-21 13:21:18,891 INFO  CommonSwOperations.cs: 245 - Loading component with PID ?:     ???fO m n i _ W h e e l _ 1 2 m m _ H e x _ M o d 1 - 3 @ U i R S . 1   -   O b j e c t   T r a n s p o t   R o b o t   A r m / O m n i   w h e e l   v 9 - 1 @ O m n i _ W h e e l _ 1 2 m m _ H e x _ M o d 1             b      
2026-04-21 13:21:18,892 INFO  CommonSwOperations.cs: 254 - Successfully loaded component F:\Github\Mobile-Manipulator-Simulation-Academic-Project-Journey\senior-project\cad\Omni wheel v9.sldprt
2026-04-21 13:21:18,892 INFO  CommonSwOperations.cs: 230 - Loaded 1 components for link link4
2026-04-21 13:21:18,895 INFO  SwAddin.cs: 344 - Showing property manager
2026-04-21 13:27:19,476 INFO  ExportPropertyManager.cs: 422 - Configuration saved
2026-04-21 13:27:19,479 INFO  ConfigurationSerialization.cs: 276 - URDF Configuration found
<Link z:Id="i1" xmlns="http://schemas.datacontract.org/2004/07/SW2URDF" xmlns:i="http://www.w3.org/2001/XMLSchema-instance" xmlns:z="http://schemas.microsoft.com/2003/10/Serialization/"><Attributes><Attribute z:Id="i2"><AttributeType>name</AttributeType><IsRequired>true</IsRequired><Value i:type="a:string" xmlns:a="http://www.w3.org/2001/XMLSchema">base_link</Value></Attribute></Attributes><ChildElements><URDFElement z:Id="i3" i:type="Inertial"><Attributes/><ChildElements><URDFElement z:Id="i4" i:type="Origin"><Attributes><Attribute z:Id="i5"><AttributeType>xyz</AttributeType><IsRequired>true</IsRequired><Value i:type="a:ArrayOfdouble" xmlns:a="http://schemas.microsoft.com/2003/10/Serialization/Arrays"><a:double>0</a:double><a:double>0</a:double><a:double>0</a:double></Value></Attribute><Attribute z:Id="i6"><AttributeType>rpy</AttributeType><IsRequired>true</IsRequired><Value i:type="a:ArrayOfdouble" xmlns:a="http://schemas.microsoft.com/2003/10/Serialization/Arrays"><a:double>0</a:double><a:double>0</a:double><a:double>0</a:double></Value></Attribute></Attributes><ChildElements/><ElementName>origin</ElementName><required>false</required><RPYAttribute z:Ref="i6"/><XYZAttribute z:Ref="i5"/><isCustomized>false</isCustomized></URDFElement><URDFElement z:Id="i7" i:type="Mass"><Attributes><Attribute z:Id="i8"><AttributeType>value</AttributeType><IsRequired>true</IsRequired><Value i:type="a:double" xmlns:a="http://www.w3.org/2001/XMLSchema">0</Value></Attribute></Attributes><ChildElements/><ElementName>mass</ElementName><required>false</required><ValueAttribute z:Ref="i8"/></URDFElement><URDFElement z:Id="i9" i:type="Inertia"><Attributes><Attribute z:Id="i10"><AttributeType>ixx</AttributeType><IsRequired>true</IsRequired><Value i:type="a:double" xmlns:a="http://www.w3.org/2001/XMLSchema">0</Value></Attribute><Attribute z:Id="i11"><AttributeType>ixy</AttributeType><IsRequired>true</IsRequired><Value i:type="a:double" xmlns:a="http://www.w3.org/2001/XMLSchema">0</Value></Attribute><Attribute z:Id="i12"><AttributeType>ixz</AttributeType><IsRequired>true</IsRequired><Value i:type="a:double" xmlns:a="http://www.w3.org/2001/XMLSchema">0</Value></Attribute><Attribute z:Id="i13"><AttributeType>iyy</AttributeType><IsRequired>true</IsRequired><Value i:type="a:double" xmlns:a="http://www.w3.org/2001/XMLSchema">0</Value></Attribute><Attribute z:Id="i14"><AttributeType>iyz</AttributeType><IsRequired>true</IsRequired><Value i:type="a:double" xmlns:a="http://www.w3.org/2001/XMLSchema">0</Value></Attribute><Attribute z:Id="i15"><AttributeType>izz</AttributeType><IsRequired>true</IsRequired><Value i:type="a:double" xmlns:a="http://www.w3.org/2001/XMLSchema">0</Value></Attribute></Attributes><ChildElements/><ElementName>inertia</ElementName><required>false</required><IxxAttribute z:Ref="i10"/><IxyAttribute z:Ref="i11"/><IxzAttribute z:Ref="i12"/><IyyAttribute z:Ref="i13"/><IyzAttribute z:Ref="i14"/><IzzAttribute z:Ref="i15"/></URDFElement></ChildElements><ElementName>inertial</ElementName><required>false</required><Inertia z:Ref="i9"/><Mass z:Ref="i7"/><Origin z:Ref="i4"/></URDFElement><URDFElement z:Id="i16" i:type="Visual"><Attributes/><ChildElements><URDFElement z:Id="i17" i:type="Origin"><Attributes><Attribute z:Id="i18"><AttributeType>xyz</AttributeType><IsRequired>true</IsRequired><Value i:type="a:ArrayOfdouble" xmlns:a="http://schemas.microsoft.com/2003/10/Serialization/Arrays"><a:double>0</a:double><a:double>0</a:double><a:double>0</a:double></Value></Attribute><Attribute z:Id="i19"><AttributeType>rpy</AttributeType><IsRequired>true</IsRequired><Value i:type="a:ArrayOfdouble" xmlns:a="http://schemas.microsoft.com/2003/10/Serialization/Arrays"><a:double>0</a:double><a:double>0</a:double><a:double>0</a:double></Value></Attribute></Attributes><ChildElements/><ElementName>origin</ElementName><required>false</required><RPYAttribute z:Ref="i19"/><XYZAttribute z:Ref="i18"/><isCustomized>false</isCustomized></URDFElement><URDFElement z:Id="i20" i:type="Geometry"><Attributes/><ChildElements><URDFElement z:Id="i21" i:type="Mesh"><Attributes><Attribute z:Id="i22"><AttributeType>filename</AttributeType><IsRequired>true</IsRequired><Value i:nil="true"/></Attribute></Attributes><ChildElements/><ElementName>mesh</ElementName><required>false</required><FilenameAttribute z:Ref="i22"/></URDFElement></ChildElements><ElementName>geometry</ElementName><required>true</required><Mesh z:Ref="i21"/></URDFElement><URDFElement z:Id="i23" i:type="Material"><Attributes><Attribute z:Id="i24"><AttributeType>name</AttributeType><IsRequired>true</IsRequired><Value i:type="a:string" xmlns:a="http://www.w3.org/2001/XMLSchema"/></Attribute></Attributes><ChildElements><URDFElement z:Id="i25" i:type="Color"><Attributes><Attribute z:Id="i26"><AttributeType>rgba</AttributeType><IsRequired>true</IsRequired><Value i:type="a:ArrayOfdouble" xmlns:a="http://schemas.microsoft.com/2003/10/Serialization/Arrays"><a:double>1</a:double><a:double>1</a:double><a:double>1</a:double><a:double>1</a:double></Value></Attribute></Attributes><ChildElements/><ElementName>color</ElementName><required>false</required><RGBAAttribute z:Ref="i26"/></URDFElement><URDFElement z:Id="i27" i:type="Texture"><Attributes><Attribute z:Id="i28"><AttributeType>filename</AttributeType><IsRequired>true</IsRequired><Value i:nil="true"/></Attribute></Attributes><ChildElements/><ElementName>texture</ElementName><required>false</required><FilenameAttribute z:Ref="i28"/><wFilename/></URDFElement></ChildElements><ElementName>material</ElementName><required>false</required><Color z:Ref="i25"/><NameAttribute z:Ref="i24"/><Texture z:Ref="i27"/></URDFElement></ChildElements><ElementName>visual</ElementName><required>false</required><Geometry z:Ref="i20"/><Material z:Ref="i23"/><Origin z:Ref="i17"/></URDFElement><URDFElement z:Id="i29" i:type="Collision"><Attributes/><ChildElements><URDFElement z:Id="i30" i:type="Origin"><Attributes><Attribute z:Id="i31"><AttributeType>xyz</AttributeType><IsRequired>true</IsRequired><Value i:type="a:ArrayOfdouble" xmlns:a="http://schemas.microsoft.com/2003/10/Serialization/Arrays"><a:double>0</a:double><a:double>0</a:double><a:double>0</a:double></Value></Attribute><Attribute z:Id="i32"><AttributeType>rpy</AttributeType><IsRequired>true</IsRequired><Value i:type="a:ArrayOfdouble" xmlns:a="http://schemas.microsoft.com/2003/10/Serialization/Arrays"><a:double>0</a:double><a:double>0</a:double><a:double>0</a:double></Value></Attribute></Attributes><ChildElements/><ElementName>origin</ElementName><required>false</required><RPYAttribute z:Ref="i32"/><XYZAttribute z:Ref="i31"/><isCustomized>false</isCustomized></URDFElement><URDFElement z:Id="i33" i:type="Geometry"><Attributes/><ChildElements><URDFElement z:Id="i34" i:type="Mesh"><Attributes><Attribute z:Id="i35"><AttributeType>filename</AttributeType><IsRequired>true</IsRequired><Value i:nil="true"/></Attribute></Attributes><ChildElements/><ElementName>mesh</ElementName><required>false</required><FilenameAttribute z:Ref="i35"/></URDFElement></ChildElements><ElementName>geometry</ElementName><required>true</required><Mesh z:Ref="i34"/></URDFElement></ChildElements><ElementName>collision</ElementName><required>false</required><Geometry z:Ref="i33"/><Origin z:Ref="i30"/></URDFElement><URDFElement z:Id="i36" i:type="Joint"><Attributes><Attribute z:Id="i37"><AttributeType>name</AttributeType><IsRequired>true</IsRequired><Value i:type="a:string" xmlns:a="http://www.w3.org/2001/XMLSchema"/></Attribute><Attribute z:Id="i38"><AttributeType>type</AttributeType><IsRequired>true</IsRequired><Value i:type="a:string" xmlns:a="http://www.w3.org/2001/XMLSchema"/></Attribute></Attributes><ChildElements><URDFElement z:Id="i39" i:type="Origin"><Attributes><Attribute z:Id="i40"><AttributeType>xyz</AttributeType><IsRequired>true</IsRequired><Value i:type="a:ArrayOfdouble" xmlns:a="http://schemas.microsoft.com/2003/10/Serialization/Arrays"><a:double>0</a:double><a:double>0</a:double><a:double>0</a:double></Value></Attribute><Attribute z:Id="i41"><AttributeType>rpy</AttributeType><IsRequired>true</IsRequired><Value i:type="a:ArrayOfdouble" xmlns:a="http://schemas.microsoft.com/2003/10/Serialization/Arrays"><a:double>0</a:double><a:double>0</a:double><a:double>0</a:double></Value></Attribute></Attributes><ChildElements/><ElementName>origin</ElementName><required>false</required><RPYAttribute z:Ref="i41"/><XYZAttribute z:Ref="i40"/><isCustomized>false</isCustomized></URDFElement><URDFElement z:Id="i42" i:type="ParentLink"><Attributes><Attribute z:Id="i43"><AttributeType>link</AttributeType><IsRequired>true</IsRequired><Value i:type="a:string" xmlns:a="http://www.w3.org/2001/XMLSchema"/></Attribute></Attributes><ChildElements/><ElementName>parent</ElementName><required>true</required><NameAttribute z:Ref="i43"/></URDFElement><URDFElement z:Id="i44" i:type="ChildLink"><Attributes><Attribute z:Id="i45"><AttributeType>link</AttributeType><IsRequired>true</IsRequired><Value i:type="a:string" xmlns:a="http://www.w3.org/2001/XMLSchema"/></Attribute></Attributes><ChildElements/><ElementName>child</ElementName><required>true</required><NameAttribute z:Ref="i45"/></URDFElement><URDFElement z:Id="i46" i:type="Axis"><Attributes><Attribute z:Id="i47"><AttributeType>xyz</AttributeType><IsRequired>true</IsRequired><Value i:type="a:ArrayOfdouble" xmlns:a="http://schemas.microsoft.com/2003/10/Serialization/Arrays"><a:double>0</a:double><a:double>0</a:double><a:double>0</a:double></Value></Attribute></Attributes><ChildElements/><ElementName>axis</ElementName><required>false</required><XYZAttribute z:Ref="i47"/></URDFElement><URDFElement z:Id="i48" i:type="Limit"><Attributes><Attribute z:Id="i49"><AttributeType>lower</AttributeType><IsRequired>false</IsRequired><Value i:nil="true"/></Attribute><Attribute z:Id="i50"><AttributeType>upper</AttributeType><IsRequired>false</IsRequired><Value i:nil="true"/></Attribute><Attribute z:Id="i51"><AttributeType>effort</AttributeType><IsRequired>true</IsRequired><Value i:nil="true"/></Attribute><Attribute z:Id="i52"><AttributeType>velocity</AttributeType><IsRequired>true</IsRequired><Value i:nil="true"/></Attribute></Attributes><ChildElements/><ElementName>limit</ElementName><required>false</required><EffortAttribute z:Ref="i51"/><LowerAttribute z:Ref="i49"/><UpperAttribute z:Ref="i50"/><VelocityAttribute z:Ref="i52"/></URDFElement><URDFElement z:Id="i53" i:type="Calibration"><Attributes><Attribute z:Id="i54"><AttributeType>rising</AttributeType><IsRequired>false</IsRequired><Value i:nil="true"/></Attribute><Attribute z:Id="i55"><AttributeType>falling</AttributeType><IsRequired>false</IsRequired><Value i:nil="true"/></Attribute></Attributes><ChildElements/><ElementName>calibration</ElementName><required>false</required><FallingAttribute z:Ref="i55"/><RisingAttribute z:Ref="i54"/></URDFElement><URDFElement z:Id="i56" i:type="Dynamics"><Attributes><Attribute z:Id="i57"><AttributeType>damping</AttributeType><IsRequired>false</IsRequired><Value i:nil="true"/></Attribute><Attribute z:Id="i58"><AttributeType>friction</AttributeType><IsRequired>false</IsRequired><Value i:nil="true"/></Attribute></Attributes><ChildElements/><ElementName>dynamics</ElementName><required>false</required><DampingAttribute z:Ref="i57"/><FrictionAttribute z:Ref="i58"/></URDFElement><URDFElement z:Id="i59" i:type="SafetyController"><Attributes><Attribute z:Id="i60"><AttributeType>soft_upper_limit</AttributeType><IsRequired>false</IsRequired><Value i:nil="true"/></Attribute><Attribute z:Id="i61"><AttributeType>soft_lower_limit</AttributeType><IsRequired>false</IsRequired><Value i:nil="true"/></Attribute><Attribute z:Id="i62"><AttributeType>k_position</AttributeType><IsRequired>false</IsRequired><Value i:nil="true"/></Attribute><Attribute z:Id="i63"><AttributeType>k_velocity</AttributeType><IsRequired>true</IsRequired><Value i:nil="true"/></Attribute></Attributes><ChildElements/><ElementName>safety_controller</ElementName><required>false</required><KPositionAttribute z:Ref="i62"/><KVelocityAttribute z:Ref="i63"/><SoftLowerAttribute z:Ref="i61"/><SoftUpperAttribute z:Ref="i60"/></URDFElement><URDFElement z:Id="i64" i:type="Mimic"><Attributes><Attribute z:Id="i65"><AttributeType>joint</AttributeType><IsRequired>true</IsRequired><Value i:nil="true"/></Attribute><Attribute z:Id="i66"><AttributeType>multiplier</AttributeType><IsRequired>false</IsRequired><Value i:nil="true"/></Attribute><Attribute z:Id="i67"><AttributeType>offset</AttributeType><IsRequired>false</IsRequired><Value i:nil="true"/></Attribute></Attributes><ChildElements/><ElementName>mimic</ElementName><required>false</required><JointNameAttribute z:Ref="i65"/><MultiplierAttribute z:Ref="i66"/><OffsetAttribute z:Ref="i67"/></URDFElement></ChildElements><ElementName>joint</ElementName><required>false</required><Axis z:Ref="i46"/><AxisName/><Calibration z:Ref="i53"/><Child z:Ref="i44"/><CoordinateSystemName>base_link</CoordinateSystemName><Dynamics z:Ref="i56"/><Limit z:Ref="i48"/><Mimic z:Ref="i64"/><NameAttribute z:Ref="i37"/><Origin z:Ref="i39"/><Parent z:Ref="i42"/><Safety z:Ref="i59"/><TypeAttribute z:Ref="i38"/></URDFElement></ChildElements><ElementName>link</ElementName><required>true</required><Children><Link z:Id="i68"><Attributes><Attribute z:Id="i69"><AttributeType>name</AttributeType><IsRequired>true</IsRequired><Value i:type="a:string" xmlns:a="http://www.w3.org/2001/XMLSchema">linnk1</Value></Attribute></Attributes><ChildElements><URDFElement z:Id="i70" i:type="Inertial"><Attributes/><ChildElements><URDFElement z:Id="i71" i:type="Origin"><Attributes><Attribute z:Id="i72"><AttributeType>xyz</AttributeType><IsRequired>true</IsRequired><Value i:type="a:ArrayOfdouble" xmlns:a="http://schemas.microsoft.com/2003/10/Serialization/Arrays"><a:double>0</a:double><a:double>0</a:double><a:double>0</a:double></Value></Attribute><Attribute z:Id="i73"><AttributeType>rpy</AttributeType><IsRequired>true</IsRequired><Value i:type="a:ArrayOfdouble" xmlns:a="http://schemas.microsoft.com/2003/10/Serialization/Arrays"><a:double>0</a:double><a:double>0</a:double><a:double>0</a:double></Value></Attribute></Attributes><ChildElements/><ElementName>origin</ElementName><required>false</required><RPYAttribute z:Ref="i73"/><XYZAttribute z:Ref="i72"/><isCustomized>false</isCustomized></URDFElement><URDFElement z:Id="i74" i:type="Mass"><Attributes><Attribute z:Id="i75"><AttributeType>value</AttributeType><IsRequired>true</IsRequired><Value i:type="a:double" xmlns:a="http://www.w3.org/2001/XMLSchema">0</Value></Attribute></Attributes><ChildElements/><ElementName>mass</ElementName><required>false</required><ValueAttribute z:Ref="i75"/></URDFElement><URDFElement z:Id="i76" i:type="Inertia"><Attributes><Attribute z:Id="i77"><AttributeType>ixx</AttributeType><IsRequired>true</IsRequired><Value i:type="a:double" xmlns:a="http://www.w3.org/2001/XMLSchema">0</Value></Attribute><Attribute z:Id="i78"><AttributeType>ixy</AttributeType><IsRequired>true</IsRequired><Value i:type="a:double" xmlns:a="http://www.w3.org/2001/XMLSchema">0</Value></Attribute><Attribute z:Id="i79"><AttributeType>ixz</AttributeType><IsRequired>true</IsRequired><Value i:type="a:double" xmlns:a="http://www.w3.org/2001/XMLSchema">0</Value></Attribute><Attribute z:Id="i80"><AttributeType>iyy</AttributeType><IsRequired>true</IsRequired><Value i:type="a:double" xmlns:a="http://www.w3.org/2001/XMLSchema">0</Value></Attribute><Attribute z:Id="i81"><AttributeType>iyz</AttributeType><IsRequired>true</IsRequired><Value i:type="a:double" xmlns:a="http://www.w3.org/2001/XMLSchema">0</Value></Attribute><Attribute z:Id="i82"><AttributeType>izz</AttributeType><IsRequired>true</IsRequired><Value i:type="a:double" xmlns:a="http://www.w3.org/2001/XMLSchema">0</Value></Attribute></Attributes><ChildElements/><ElementName>inertia</ElementName><required>false</required><IxxAttribute z:Ref="i77"/><IxyAttribute z:Ref="i78"/><IxzAttribute z:Ref="i79"/><IyyAttribute z:Ref="i80"/><IyzAttribute z:Ref="i81"/><IzzAttribute z:Ref="i82"/></URDFElement></ChildElements><ElementName>inertial</ElementName><required>false</required><Inertia z:Ref="i76"/><Mass z:Ref="i74"/><Origin z:Ref="i71"/></URDFElement><URDFElement z:Id="i83" i:type="Visual"><Attributes/><ChildElements><URDFElement z:Id="i84" i:type="Origin"><Attributes><Attribute z:Id="i85"><AttributeType>xyz</AttributeType><IsRequired>true</IsRequired><Value i:type="a:ArrayOfdouble" xmlns:a="http://schemas.microsoft.com/2003/10/Serialization/Arrays"><a:double>0</a:double><a:double>0</a:double><a:double>0</a:double></Value></Attribute><Attribute z:Id="i86"><AttributeType>rpy</AttributeType><IsRequired>true</IsRequired><Value i:type="a:ArrayOfdouble" xmlns:a="http://schemas.microsoft.com/2003/10/Serialization/Arrays"><a:double>0</a:double><a:double>0</a:double><a:double>0</a:double></Value></Attribute></Attributes><ChildElements/><ElementName>origin</ElementName><required>false</required><RPYAttribute z:Ref="i86"/><XYZAttribute z:Ref="i85"/><isCustomized>false</isCustomized></URDFElement><URDFElement z:Id="i87" i:type="Geometry"><Attributes/><ChildElements><URDFElement z:Id="i88" i:type="Mesh"><Attributes><Attribute z:Id="i89"><AttributeType>filename</AttributeType><IsRequired>true</IsRequired><Value i:nil="true"/></Attribute></Attributes><ChildElements/><ElementName>mesh</ElementName><required>false</required><FilenameAttribute z:Ref="i89"/></URDFElement></ChildElements><ElementName>geometry</ElementName><required>true</required><Mesh z:Ref="i88"/></URDFElement><URDFElement z:Id="i90" i:type="Material"><Attributes><Attribute z:Id="i91"><AttributeType>name</AttributeType><IsRequired>true</IsRequired><Value i:type="a:string" xmlns:a="http://www.w3.org/2001/XMLSchema"/></Attribute></Attributes><ChildElements><URDFElement z:Id="i92" i:type="Color"><Attributes><Attribute z:Id="i93"><AttributeType>rgba</AttributeType><IsRequired>true</IsRequired><Value i:type="a:ArrayOfdouble" xmlns:a="http://schemas.microsoft.com/2003/10/Serialization/Arrays"><a:double>1</a:double><a:double>1</a:double><a:double>1</a:double><a:double>1</a:double></Value></Attribute></Attributes><ChildElements/><ElementName>color</ElementName><required>false</required><RGBAAttribute z:Ref="i93"/></URDFElement><URDFElement z:Id="i94" i:type="Texture"><Attributes><Attribute z:Id="i95"><AttributeType>filename</AttributeType><IsRequired>true</IsRequired><Value i:nil="true"/></Attribute></Attributes><ChildElements/><ElementName>texture</ElementName><required>false</required><FilenameAttribute z:Ref="i95"/><wFilename/></URDFElement></ChildElements><ElementName>material</ElementName><required>false</required><Color z:Ref="i92"/><NameAttribute z:Ref="i91"/><Texture z:Ref="i94"/></URDFElement></ChildElements><ElementName>visual</ElementName><required>false</required><Geometry z:Ref="i87"/><Material z:Ref="i90"/><Origin z:Ref="i84"/></URDFElement><URDFElement z:Id="i96" i:type="Collision"><Attributes/><ChildElements><URDFElement z:Id="i97" i:type="Origin"><Attributes><Attribute z:Id="i98"><AttributeType>xyz</AttributeType><IsRequired>true</IsRequired><Value i:type="a:ArrayOfdouble" xmlns:a="http://schemas.microsoft.com/2003/10/Serialization/Arrays"><a:double>0</a:double><a:double>0</a:double><a:double>0</a:double></Value></Attribute><Attribute z:Id="i99"><AttributeType>rpy</AttributeType><IsRequired>true</IsRequired><Value i:type="a:ArrayOfdouble" xmlns:a="http://schemas.microsoft.com/2003/10/Serialization/Arrays"><a:double>0</a:double><a:double>0</a:double><a:double>0</a:double></Value></Attribute></Attributes><ChildElements/><ElementName>origin</ElementName><required>false</required><RPYAttribute z:Ref="i99"/><XYZAttribute z:Ref="i98"/><isCustomized>false</isCustomized></URDFElement><URDFElement z:Id="i100" i:type="Geometry"><Attributes/><ChildElements><URDFElement z:Id="i101" i:type="Mesh"><Attributes><Attribute z:Id="i102"><AttributeType>filename</AttributeType><IsRequired>true</IsRequired><Value i:nil="true"/></Attribute></Attributes><ChildElements/><ElementName>mesh</ElementName><required>false</required><FilenameAttribute z:Ref="i102"/></URDFElement></ChildElements><ElementName>geometry</ElementName><required>true</required><Mesh z:Ref="i101"/></URDFElement></ChildElements><ElementName>collision</ElementName><required>false</required><Geometry z:Ref="i100"/><Origin z:Ref="i97"/></URDFElement><URDFElement z:Id="i103" i:type="Joint"><Attributes><Attribute z:Id="i104"><AttributeType>name</AttributeType><IsRequired>true</IsRequired><Value i:type="a:string" xmlns:a="http://www.w3.org/2001/XMLSchema">front_left_wheel_joint</Value></Attribute><Attribute z:Id="i105"><AttributeType>type</AttributeType><IsRequired>true</IsRequired><Value i:type="a:string" xmlns:a="http://www.w3.org/2001/XMLSchema">continuous</Value></Attribute></Attributes><ChildElements><URDFElement z:Id="i106" i:type="Origin"><Attributes><Attribute z:Id="i107"><AttributeType>xyz</AttributeType><IsRequired>true</IsRequired><Value i:type="a:ArrayOfdouble" xmlns:a="http://schemas.microsoft.com/2003/10/Serialization/Arrays"><a:double>0</a:double><a:double>0</a:double><a:double>0</a:double></Value></Attribute><Attribute z:Id="i108"><AttributeType>rpy</AttributeType><IsRequired>true</IsRequired><Value i:type="a:ArrayOfdouble" xmlns:a="http://schemas.microsoft.com/2003/10/Serialization/Arrays"><a:double>0</a:double><a:double>0</a:double><a:double>0</a:double></Value></Attribute></Attributes><ChildElements/><ElementName>origin</ElementName><required>false</required><RPYAttribute z:Ref="i108"/><XYZAttribute z:Ref="i107"/><isCustomized>false</isCustomized></URDFElement><URDFElement z:Id="i109" i:type="ParentLink"><Attributes><Attribute z:Id="i110"><AttributeType>link</AttributeType><IsRequired>true</IsRequired><Value i:type="a:string" xmlns:a="http://www.w3.org/2001/XMLSchema"/></Attribute></Attributes><ChildElements/><ElementName>parent</ElementName><required>true</required><NameAttribute z:Ref="i110"/></URDFElement><URDFElement z:Id="i111" i:type="ChildLink"><Attributes><Attribute z:Id="i112"><AttributeType>link</AttributeType><IsRequired>true</IsRequired><Value i:type="a:string" xmlns:a="http://www.w3.org/2001/XMLSchema"/></Attribute></Attributes><ChildElements/><ElementName>child</ElementName><required>true</required><NameAttribute z:Ref="i112"/></URDFElement><URDFElement z:Id="i113" i:type="Axis"><Attributes><Attribute z:Id="i114"><AttributeType>xyz</AttributeType><IsRequired>true</IsRequired><Value i:type="a:ArrayOfdouble" xmlns:a="http://schemas.microsoft.com/2003/10/Serialization/Arrays"><a:double>0</a:double><a:double>0</a:double><a:double>0</a:double></Value></Attribute></Attributes><ChildElements/><ElementName>axis</ElementName><required>false</required><XYZAttribute z:Ref="i114"/></URDFElement><URDFElement z:Id="i115" i:type="Limit"><Attributes><Attribute z:Id="i116"><AttributeType>lower</AttributeType><IsRequired>false</IsRequired><Value i:nil="true"/></Attribute><Attribute z:Id="i117"><AttributeType>upper</AttributeType><IsRequired>false</IsRequired><Value i:nil="true"/></Attribute><Attribute z:Id="i118"><AttributeType>effort</AttributeType><IsRequired>true</IsRequired><Value i:nil="true"/></Attribute><Attribute z:Id="i119"><AttributeType>velocity</AttributeType><IsRequired>true</IsRequired><Value i:nil="true"/></Attribute></Attributes><ChildElements/><ElementName>limit</ElementName><required>false</required><EffortAttribute z:Ref="i118"/><LowerAttribute z:Ref="i116"/><UpperAttribute z:Ref="i117"/><VelocityAttribute z:Ref="i119"/></URDFElement><URDFElement z:Id="i120" i:type="Calibration"><Attributes><Attribute z:Id="i121"><AttributeType>rising</AttributeType><IsRequired>false</IsRequired><Value i:nil="true"/></Attribute><Attribute z:Id="i122"><AttributeType>falling</AttributeType><IsRequired>false</IsRequired><Value i:nil="true"/></Attribute></Attributes><ChildElements/><ElementName>calibration</ElementName><required>false</required><FallingAttribute z:Ref="i122"/><RisingAttribute z:Ref="i121"/></URDFElement><URDFElement z:Id="i123" i:type="Dynamics"><Attributes><Attribute z:Id="i124"><AttributeType>damping</AttributeType><IsRequired>false</IsRequired><Value i:nil="true"/></Attribute><Attribute z:Id="i125"><AttributeType>friction</AttributeType><IsRequired>false</IsRequired><Value i:nil="true"/></Attribute></Attributes><ChildElements/><ElementName>dynamics</ElementName><required>false</required><DampingAttribute z:Ref="i124"/><FrictionAttribute z:Ref="i125"/></URDFElement><URDFElement z:Id="i126" i:type="SafetyController"><Attributes><Attribute z:Id="i127"><AttributeType>soft_upper_limit</AttributeType><IsRequired>false</IsRequired><Value i:nil="true"/></Attribute><Attribute z:Id="i128"><AttributeType>soft_lower_limit</AttributeType><IsRequired>false</IsRequired><Value i:nil="true"/></Attribute><Attribute z:Id="i129"><AttributeType>k_position</AttributeType><IsRequired>false</IsRequired><Value i:nil="true"/></Attribute><Attribute z:Id="i130"><AttributeType>k_velocity</AttributeType><IsRequired>true</IsRequired><Value i:nil="true"/></Attribute></Attributes><ChildElements/><ElementName>safety_controller</ElementName><required>false</required><KPositionAttribute z:Ref="i129"/><KVelocityAttribute z:Ref="i130"/><SoftLowerAttribute z:Ref="i128"/><SoftUpperAttribute z:Ref="i127"/></URDFElement><URDFElement z:Id="i131" i:type="Mimic"><Attributes><Attribute z:Id="i132"><AttributeType>joint</AttributeType><IsRequired>true</IsRequired><Value i:nil="true"/></Attribute><Attribute z:Id="i133"><AttributeType>multiplier</AttributeType><IsRequired>false</IsRequired><Value i:nil="true"/></Attribute><Attribute z:Id="i134"><AttributeType>offset</AttributeType><IsRequired>false</IsRequired><Value i:nil="true"/></Attribute></Attributes><ChildElements/><ElementName>mimic</ElementName><required>false</required><JointNameAttribute z:Ref="i132"/><MultiplierAttribute z:Ref="i133"/><OffsetAttribute z:Ref="i134"/></URDFElement></ChildElements><ElementName>joint</ElementName><required>false</required><Axis z:Ref="i113"/><AxisName>front_left_wheel_axis</AxisName><Calibration z:Ref="i120"/><Child z:Ref="i111"/><CoordinateSystemName>base_link</CoordinateSystemName><Dynamics z:Ref="i123"/><Limit z:Ref="i115"/><Mimic z:Ref="i131"/><NameAttribute z:Ref="i104"/><Origin z:Ref="i106"/><Parent z:Ref="i109"/><Safety z:Ref="i126"/><TypeAttribute z:Ref="i105"/></URDFElement></ChildElements><ElementName>link</ElementName><required>true</required><Children/><Collision z:Ref="i96"/><Inertial z:Ref="i70"/><Joint z:Ref="i103"/><NameAttribute z:Ref="i69"/><Parent z:Ref="i1"/><STLQualityFine>false</STLQualityFine><SWComponentPIDs xmlns:a="http://schemas.microsoft.com/2003/10/Serialization/Arrays"><a:base64Binary>mDoAAAUAAAD//v9mTwBtAG4AaQBfAFcAaABlAGUAbABfADEAMgBtAG0AXwBIAGUAeABfAE0AbwBkADEALQAxAEAAVQBpAFIAUwAuADEAIAAtACAATwBiAGoAZQBjAHQAIABUAHIAYQBuAHMAcABvAHQAIABSAG8AYgBvAHQAIABBAHIAbQAvAE8AbQBuAGkAIAB3AGgAZQBlAGwAIAB2ADkALQAxAEAATwBtAG4AaQBfAFcAaABlAGUAbABfADEAMgBtAG0AXwBIAGUAeABfAE0AbwBkADEABAAAABAAAAABAAAAAgAAADwAAAAVAAAA</a:base64Binary></SWComponentPIDs><SWMainComponentPID i:nil="true"/><Visual z:Ref="i83"/><isFixedFrame>false</isFixedFrame><isIncomplete>false</isIncomplete></Link><Link z:Id="i135"><Attributes><Attribute z:Id="i136"><AttributeType>name</AttributeType><IsRequired>true</IsRequired><Value i:type="a:string" xmlns:a="http://www.w3.org/2001/XMLSchema">link2</Value></Attribute></Attributes><ChildElements><URDFElement z:Id="i137" i:type="Inertial"><Attributes/><ChildElements><URDFElement z:Id="i138" i:type="Origin"><Attributes><Attribute z:Id="i139"><AttributeType>xyz</AttributeType><IsRequired>true</IsRequired><Value i:type="a:ArrayOfdouble" xmlns:a="http://schemas.microsoft.com/2003/10/Serialization/Arrays"><a:double>0</a:double><a:double>0</a:double><a:double>0</a:double></Value></Attribute><Attribute z:Id="i140"><AttributeType>rpy</AttributeType><IsRequired>true</IsRequired><Value i:type="a:ArrayOfdouble" xmlns:a="http://schemas.microsoft.com/2003/10/Serialization/Arrays"><a:double>0</a:double><a:double>0</a:double><a:double>0</a:double></Value></Attribute></Attributes><ChildElements/><ElementName>origin</ElementName><required>false</required><RPYAttribute z:Ref="i140"/><XYZAttribute z:Ref="i139"/><isCustomized>false</isCustomized></URDFElement><URDFElement z:Id="i141" i:type="Mass"><Attributes><Attribute z:Id="i142"><AttributeType>value</AttributeType><IsRequired>true</IsRequired><Value i:type="a:double" xmlns:a="http://www.w3.org/2001/XMLSchema">0</Value></Attribute></Attributes><ChildElements/><ElementName>mass</ElementName><required>false</required><ValueAttribute z:Ref="i142"/></URDFElement><URDFElement z:Id="i143" i:type="Inertia"><Attributes><Attribute z:Id="i144"><AttributeType>ixx</AttributeType><IsRequired>true</IsRequired><Value i:type="a:double" xmlns:a="http://www.w3.org/2001/XMLSchema">0</Value></Attribute><Attribute z:Id="i145"><AttributeType>ixy</AttributeType><IsRequired>true</IsRequired><Value i:type="a:double" xmlns:a="http://www.w3.org/2001/XMLSchema">0</Value></Attribute><Attribute z:Id="i146"><AttributeType>ixz</AttributeType><IsRequired>true</IsRequired><Value i:type="a:double" xmlns:a="http://www.w3.org/2001/XMLSchema">0</Value></Attribute><Attribute z:Id="i147"><AttributeType>iyy</AttributeType><IsRequired>true</IsRequired><Value i:type="a:double" xmlns:a="http://www.w3.org/2001/XMLSchema">0</Value></Attribute><Attribute z:Id="i148"><AttributeType>iyz</AttributeType><IsRequired>true</IsRequired><Value i:type="a:double" xmlns:a="http://www.w3.org/2001/XMLSchema">0</Value></Attribute><Attribute z:Id="i149"><AttributeType>izz</AttributeType><IsRequired>true</IsRequired><Value i:type="a:double" xmlns:a="http://www.w3.org/2001/XMLSchema">0</Value></Attribute></Attributes><ChildElements/><ElementName>inertia</ElementName><required>false</required><IxxAttribute z:Ref="i144"/><IxyAttribute z:Ref="i145"/><IxzAttribute z:Ref="i146"/><IyyAttribute z:Ref="i147"/><IyzAttribute z:Ref="i148"/><IzzAttribute z:Ref="i149"/></URDFElement></ChildElements><ElementName>inertial</ElementName><required>false</required><Inertia z:Ref="i143"/><Mass z:Ref="i141"/><Origin z:Ref="i138"/></URDFElement><URDFElement z:Id="i150" i:type="Visual"><Attributes/><ChildElements><URDFElement z:Id="i151" i:type="Origin"><Attributes><Attribute z:Id="i152"><AttributeType>xyz</AttributeType><IsRequired>true</IsRequired><Value i:type="a:ArrayOfdouble" xmlns:a="http://schemas.microsoft.com/2003/10/Serialization/Arrays"><a:double>0</a:double><a:double>0</a:double><a:double>0</a:double></Value></Attribute><Attribute z:Id="i153"><AttributeType>rpy</AttributeType><IsRequired>true</IsRequired><Value i:type="a:ArrayOfdouble" xmlns:a="http://schemas.microsoft.com/2003/10/Serialization/Arrays"><a:double>0</a:double><a:double>0</a:double><a:double>0</a:double></Value></Attribute></Attributes><ChildElements/><ElementName>origin</ElementName><required>false</required><RPYAttribute z:Ref="i153"/><XYZAttribute z:Ref="i152"/><isCustomized>false</isCustomized></URDFElement><URDFElement z:Id="i154" i:type="Geometry"><Attributes/><ChildElements><URDFElement z:Id="i155" i:type="Mesh"><Attributes><Attribute z:Id="i156"><AttributeType>filename</AttributeType><IsRequired>true</IsRequired><Value i:nil="true"/></Attribute></Attributes><ChildElements/><ElementName>mesh</ElementName><required>false</required><FilenameAttribute z:Ref="i156"/></URDFElement></ChildElements><ElementName>geometry</ElementName><required>true</required><Mesh z:Ref="i155"/></URDFElement><URDFElement z:Id="i157" i:type="Material"><Attributes><Attribute z:Id="i158"><AttributeType>name</AttributeType><IsRequired>true</IsRequired><Value i:type="a:string" xmlns:a="http://www.w3.org/2001/XMLSchema"/></Attribute></Attributes><ChildElements><URDFElement z:Id="i159" i:type="Color"><Attributes><Attribute z:Id="i160"><AttributeType>rgba</AttributeType><IsRequired>true</IsRequired><Value i:type="a:ArrayOfdouble" xmlns:a="http://schemas.microsoft.com/2003/10/Serialization/Arrays"><a:double>1</a:double><a:double>1</a:double><a:double>1</a:double><a:double>1</a:double></Value></Attribute></Attributes><ChildElements/><ElementName>color</ElementName><required>false</required><RGBAAttribute z:Ref="i160"/></URDFElement><URDFElement z:Id="i161" i:type="Texture"><Attributes><Attribute z:Id="i162"><AttributeType>filename</AttributeType><IsRequired>true</IsRequired><Value i:nil="true"/></Attribute></Attributes><ChildElements/><ElementName>texture</ElementName><required>false</required><FilenameAttribute z:Ref="i162"/><wFilename/></URDFElement></ChildElements><ElementName>material</ElementName><required>false</required><Color z:Ref="i159"/><NameAttribute z:Ref="i158"/><Texture z:Ref="i161"/></URDFElement></ChildElements><ElementName>visual</ElementName><required>false</required><Geometry z:Ref="i154"/><Material z:Ref="i157"/><Origin z:Ref="i151"/></URDFElement><URDFElement z:Id="i163" i:type="Collision"><Attributes/><ChildElements><URDFElement z:Id="i164" i:type="Origin"><Attributes><Attribute z:Id="i165"><AttributeType>xyz</AttributeType><IsRequired>true</IsRequired><Value i:type="a:ArrayOfdouble" xmlns:a="http://schemas.microsoft.com/2003/10/Serialization/Arrays"><a:double>0</a:double><a:double>0</a:double><a:double>0</a:double></Value></Attribute><Attribute z:Id="i166"><AttributeType>rpy</AttributeType><IsRequired>true</IsRequired><Value i:type="a:ArrayOfdouble" xmlns:a="http://schemas.microsoft.com/2003/10/Serialization/Arrays"><a:double>0</a:double><a:double>0</a:double><a:double>0</a:double></Value></Attribute></Attributes><ChildElements/><ElementName>origin</ElementName><required>false</required><RPYAttribute z:Ref="i166"/><XYZAttribute z:Ref="i165"/><isCustomized>false</isCustomized></URDFElement><URDFElement z:Id="i167" i:type="Geometry"><Attributes/><ChildElements><URDFElement z:Id="i168" i:type="Mesh"><Attributes><Attribute z:Id="i169"><AttributeType>filename</AttributeType><IsRequired>true</IsRequired><Value i:nil="true"/></Attribute></Attributes><ChildElements/><ElementName>mesh</ElementName><required>false</required><FilenameAttribute z:Ref="i169"/></URDFElement></ChildElements><ElementName>geometry</ElementName><required>true</required><Mesh z:Ref="i168"/></URDFElement></ChildElements><ElementName>collision</ElementName><required>false</required><Geometry z:Ref="i167"/><Origin z:Ref="i164"/></URDFElement><URDFElement z:Id="i170" i:type="Joint"><Attributes><Attribute z:Id="i171"><AttributeType>name</AttributeType><IsRequired>true</IsRequired><Value i:type="a:string" xmlns:a="http://www.w3.org/2001/XMLSchema">back_left_wheel_joint</Value></Attribute><Attribute z:Id="i172"><AttributeType>type</AttributeType><IsRequired>true</IsRequired><Value i:type="a:string" xmlns:a="http://www.w3.org/2001/XMLSchema">continuous</Value></Attribute></Attributes><ChildElements><URDFElement z:Id="i173" i:type="Origin"><Attributes><Attribute z:Id="i174"><AttributeType>xyz</AttributeType><IsRequired>true</IsRequired><Value i:type="a:ArrayOfdouble" xmlns:a="http://schemas.microsoft.com/2003/10/Serialization/Arrays"><a:double>0</a:double><a:double>0</a:double><a:double>0</a:double></Value></Attribute><Attribute z:Id="i175"><AttributeType>rpy</AttributeType><IsRequired>true</IsRequired><Value i:type="a:ArrayOfdouble" xmlns:a="http://schemas.microsoft.com/2003/10/Serialization/Arrays"><a:double>0</a:double><a:double>0</a:double><a:double>0</a:double></Value></Attribute></Attributes><ChildElements/><ElementName>origin</ElementName><required>false</required><RPYAttribute z:Ref="i175"/><XYZAttribute z:Ref="i174"/><isCustomized>false</isCustomized></URDFElement><URDFElement z:Id="i176" i:type="ParentLink"><Attributes><Attribute z:Id="i177"><AttributeType>link</AttributeType><IsRequired>true</IsRequired><Value i:type="a:string" xmlns:a="http://www.w3.org/2001/XMLSchema"/></Attribute></Attributes><ChildElements/><ElementName>parent</ElementName><required>true</required><NameAttribute z:Ref="i177"/></URDFElement><URDFElement z:Id="i178" i:type="ChildLink"><Attributes><Attribute z:Id="i179"><AttributeType>link</AttributeType><IsRequired>true</IsRequired><Value i:type="a:string" xmlns:a="http://www.w3.org/2001/XMLSchema"/></Attribute></Attributes><ChildElements/><ElementName>child</ElementName><required>true</required><NameAttribute z:Ref="i179"/></URDFElement><URDFElement z:Id="i180" i:type="Axis"><Attributes><Attribute z:Id="i181"><AttributeType>xyz</AttributeType><IsRequired>true</IsRequired><Value i:type="a:ArrayOfdouble" xmlns:a="http://schemas.microsoft.com/2003/10/Serialization/Arrays"><a:double>0</a:double><a:double>0</a:double><a:double>0</a:double></Value></Attribute></Attributes><ChildElements/><ElementName>axis</ElementName><required>false</required><XYZAttribute z:Ref="i181"/></URDFElement><URDFElement z:Id="i182" i:type="Limit"><Attributes><Attribute z:Id="i183"><AttributeType>lower</AttributeType><IsRequired>false</IsRequired><Value i:nil="true"/></Attribute><Attribute z:Id="i184"><AttributeType>upper</AttributeType><IsRequired>false</IsRequired><Value i:nil="true"/></Attribute><Attribute z:Id="i185"><AttributeType>effort</AttributeType><IsRequired>true</IsRequired><Value i:nil="true"/></Attribute><Attribute z:Id="i186"><AttributeType>velocity</AttributeType><IsRequired>true</IsRequired><Value i:nil="true"/></Attribute></Attributes><ChildElements/><ElementName>limit</ElementName><required>false</required><EffortAttribute z:Ref="i185"/><LowerAttribute z:Ref="i183"/><UpperAttribute z:Ref="i184"/><VelocityAttribute z:Ref="i186"/></URDFElement><URDFElement z:Id="i187" i:type="Calibration"><Attributes><Attribute z:Id="i188"><AttributeType>rising</AttributeType><IsRequired>false</IsRequired><Value i:nil="true"/></Attribute><Attribute z:Id="i189"><AttributeType>falling</AttributeType><IsRequired>false</IsRequired><Value i:nil="true"/></Attribute></Attributes><ChildElements/><ElementName>calibration</ElementName><required>false</required><FallingAttribute z:Ref="i189"/><RisingAttribute z:Ref="i188"/></URDFElement><URDFElement z:Id="i190" i:type="Dynamics"><Attributes><Attribute z:Id="i191"><AttributeType>damping</AttributeType><IsRequired>false</IsRequired><Value i:nil="true"/></Attribute><Attribute z:Id="i192"><AttributeType>friction</AttributeType><IsRequired>false</IsRequired><Value i:nil="true"/></Attribute></Attributes><ChildElements/><ElementName>dynamics</ElementName><required>false</required><DampingAttribute z:Ref="i191"/><FrictionAttribute z:Ref="i192"/></URDFElement><URDFElement z:Id="i193" i:type="SafetyController"><Attributes><Attribute z:Id="i194"><AttributeType>soft_upper_limit</AttributeType><IsRequired>false</IsRequired><Value i:nil="true"/></Attribute><Attribute z:Id="i195"><AttributeType>soft_lower_limit</AttributeType><IsRequired>false</IsRequired><Value i:nil="true"/></Attribute><Attribute z:Id="i196"><AttributeType>k_position</AttributeType><IsRequired>false</IsRequired><Value i:nil="true"/></Attribute><Attribute z:Id="i197"><AttributeType>k_velocity</AttributeType><IsRequired>true</IsRequired><Value i:nil="true"/></Attribute></Attributes><ChildElements/><ElementName>safety_controller</ElementName><required>false</required><KPositionAttribute z:Ref="i196"/><KVelocityAttribute z:Ref="i197"/><SoftLowerAttribute z:Ref="i195"/><SoftUpperAttribute z:Ref="i194"/></URDFElement><URDFElement z:Id="i198" i:type="Mimic"><Attributes><Attribute z:Id="i199"><AttributeType>joint</AttributeType><IsRequired>true</IsRequired><Value i:nil="true"/></Attribute><Attribute z:Id="i200"><AttributeType>multiplier</AttributeType><IsRequired>false</IsRequired><Value i:nil="true"/></Attribute><Attribute z:Id="i201"><AttributeType>offset</AttributeType><IsRequired>false</IsRequired><Value i:nil="true"/></Attribute></Attributes><ChildElements/><ElementName>mimic</ElementName><required>false</required><JointNameAttribute z:Ref="i199"/><MultiplierAttribute z:Ref="i200"/><OffsetAttribute z:Ref="i201"/></URDFElement></ChildElements><ElementName>joint</ElementName><required>false</required><Axis z:Ref="i180"/><AxisName>back_left_wheel_axis</AxisName><Calibration z:Ref="i187"/><Child z:Ref="i178"/><CoordinateSystemName>base_link</CoordinateSystemName><Dynamics z:Ref="i190"/><Limit z:Ref="i182"/><Mimic z:Ref="i198"/><NameAttribute z:Ref="i171"/><Origin z:Ref="i173"/><Parent z:Ref="i176"/><Safety z:Ref="i193"/><TypeAttribute z:Ref="i172"/></URDFElement></ChildElements><ElementName>link</ElementName><required>true</required><Children/><Collision z:Ref="i163"/><Inertial z:Ref="i137"/><Joint z:Ref="i170"/><NameAttribute z:Ref="i136"/><Parent z:Ref="i1"/><STLQualityFine>false</STLQualityFine><SWComponentPIDs xmlns:a="http://schemas.microsoft.com/2003/10/Serialization/Arrays"><a:base64Binary>mDoAAAUAAAD//v9mTwBtAG4AaQBfAFcAaABlAGUAbABfADEAMgBtAG0AXwBIAGUAeABfAE0AbwBkADEALQAyAEAAVQBpAFIAUwAuADEAIAAtACAATwBiAGoAZQBjAHQAIABUAHIAYQBuAHMAcABvAHQAIABSAG8AYgBvAHQAIABBAHIAbQAvAE8AbQBuAGkAIAB3AGgAZQBlAGwAIAB2ADkALQAxAEAATwBtAG4AaQBfAFcAaABlAGUAbABfADEAMgBtAG0AXwBIAGUAeABfAE0AbwBkADEABAAAABAAAAABAAAAAgAAAFMAAAAVAAAA</a:base64Binary></SWComponentPIDs><SWMainComponentPID i:nil="true"/><Visual z:Ref="i150"/><isFixedFrame>false</isFixedFrame><isIncomplete>false</isIncomplete></Link><Link z:Id="i202"><Attributes><Attribute z:Id="i203"><AttributeType>name</AttributeType><IsRequired>true</IsRequired><Value i:type="a:string" xmlns:a="http://www.w3.org/2001/XMLSchema">link3</Value></Attribute></Attributes><ChildElements><URDFElement z:Id="i204" i:type="Inertial"><Attributes/><ChildElements><URDFElement z:Id="i205" i:type="Origin"><Attributes><Attribute z:Id="i206"><AttributeType>xyz</AttributeType><IsRequired>true</IsRequired><Value i:type="a:ArrayOfdouble" xmlns:a="http://schemas.microsoft.com/2003/10/Serialization/Arrays"><a:double>0</a:double><a:double>0</a:double><a:double>0</a:double></Value></Attribute><Attribute z:Id="i207"><AttributeType>rpy</AttributeType><IsRequired>true</IsRequired><Value i:type="a:ArrayOfdouble" xmlns:a="http://schemas.microsoft.com/2003/10/Serialization/Arrays"><a:double>0</a:double><a:double>0</a:double><a:double>0</a:double></Value></Attribute></Attributes><ChildElements/><ElementName>origin</ElementName><required>false</required><RPYAttribute z:Ref="i207"/><XYZAttribute z:Ref="i206"/><isCustomized>false</isCustomized></URDFElement><URDFElement z:Id="i208" i:type="Mass"><Attributes><Attribute z:Id="i209"><AttributeType>value</AttributeType><IsRequired>true</IsRequired><Value i:type="a:double" xmlns:a="http://www.w3.org/2001/XMLSchema">0</Value></Attribute></Attributes><ChildElements/><ElementName>mass</ElementName><required>false</required><ValueAttribute z:Ref="i209"/></URDFElement><URDFElement z:Id="i210" i:type="Inertia"><Attributes><Attribute z:Id="i211"><AttributeType>ixx</AttributeType><IsRequired>true</IsRequired><Value i:type="a:double" xmlns:a="http://www.w3.org/2001/XMLSchema">0</Value></Attribute><Attribute z:Id="i212"><AttributeType>ixy</AttributeType><IsRequired>true</IsRequired><Value i:type="a:double" xmlns:a="http://www.w3.org/2001/XMLSchema">0</Value></Attribute><Attribute z:Id="i213"><AttributeType>ixz</AttributeType><IsRequired>true</IsRequired><Value i:type="a:double" xmlns:a="http://www.w3.org/2001/XMLSchema">0</Value></Attribute><Attribute z:Id="i214"><AttributeType>iyy</AttributeType><IsRequired>true</IsRequired><Value i:type="a:double" xmlns:a="http://www.w3.org/2001/XMLSchema">0</Value></Attribute><Attribute z:Id="i215"><AttributeType>iyz</AttributeType><IsRequired>true</IsRequired><Value i:type="a:double" xmlns:a="http://www.w3.org/2001/XMLSchema">0</Value></Attribute><Attribute z:Id="i216"><AttributeType>izz</AttributeType><IsRequired>true</IsRequired><Value i:type="a:double" xmlns:a="http://www.w3.org/2001/XMLSchema">0</Value></Attribute></Attributes><ChildElements/><ElementName>inertia</ElementName><required>false</required><IxxAttribute z:Ref="i211"/><IxyAttribute z:Ref="i212"/><IxzAttribute z:Ref="i213"/><IyyAttribute z:Ref="i214"/><IyzAttribute z:Ref="i215"/><IzzAttribute z:Ref="i216"/></URDFElement></ChildElements><ElementName>inertial</ElementName><required>false</required><Inertia z:Ref="i210"/><Mass z:Ref="i208"/><Origin z:Ref="i205"/></URDFElement><URDFElement z:Id="i217" i:type="Visual"><Attributes/><ChildElements><URDFElement z:Id="i218" i:type="Origin"><Attributes><Attribute z:Id="i219"><AttributeType>xyz</AttributeType><IsRequired>true</IsRequired><Value i:type="a:ArrayOfdouble" xmlns:a="http://schemas.microsoft.com/2003/10/Serialization/Arrays"><a:double>0</a:double><a:double>0</a:double><a:double>0</a:double></Value></Attribute><Attribute z:Id="i220"><AttributeType>rpy</AttributeType><IsRequired>true</IsRequired><Value i:type="a:ArrayOfdouble" xmlns:a="http://schemas.microsoft.com/2003/10/Serialization/Arrays"><a:double>0</a:double><a:double>0</a:double><a:double>0</a:double></Value></Attribute></Attributes><ChildElements/><ElementName>origin</ElementName><required>false</required><RPYAttribute z:Ref="i220"/><XYZAttribute z:Ref="i219"/><isCustomized>false</isCustomized></URDFElement><URDFElement z:Id="i221" i:type="Geometry"><Attributes/><ChildElements><URDFElement z:Id="i222" i:type="Mesh"><Attributes><Attribute z:Id="i223"><AttributeType>filename</AttributeType><IsRequired>true</IsRequired><Value i:nil="true"/></Attribute></Attributes><ChildElements/><ElementName>mesh</ElementName><required>false</required><FilenameAttribute z:Ref="i223"/></URDFElement></ChildElements><ElementName>geometry</ElementName><required>true</required><Mesh z:Ref="i222"/></URDFElement><URDFElement z:Id="i224" i:type="Material"><Attributes><Attribute z:Id="i225"><AttributeType>name</AttributeType><IsRequired>true</IsRequired><Value i:type="a:string" xmlns:a="http://www.w3.org/2001/XMLSchema"/></Attribute></Attributes><ChildElements><URDFElement z:Id="i226" i:type="Color"><Attributes><Attribute z:Id="i227"><AttributeType>rgba</AttributeType><IsRequired>true</IsRequired><Value i:type="a:ArrayOfdouble" xmlns:a="http://schemas.microsoft.com/2003/10/Serialization/Arrays"><a:double>1</a:double><a:double>1</a:double><a:double>1</a:double><a:double>1</a:double></Value></Attribute></Attributes><ChildElements/><ElementName>color</ElementName><required>false</required><RGBAAttribute z:Ref="i227"/></URDFElement><URDFElement z:Id="i228" i:type="Texture"><Attributes><Attribute z:Id="i229"><AttributeType>filename</AttributeType><IsRequired>true</IsRequired><Value i:nil="true"/></Attribute></Attributes><ChildElements/><ElementName>texture</ElementName><required>false</required><FilenameAttribute z:Ref="i229"/><wFilename/></URDFElement></ChildElements><ElementName>material</ElementName><required>false</required><Color z:Ref="i226"/><NameAttribute z:Ref="i225"/><Texture z:Ref="i228"/></URDFElement></ChildElements><ElementName>visual</ElementName><required>false</required><Geometry z:Ref="i221"/><Material z:Ref="i224"/><Origin z:Ref="i218"/></URDFElement><URDFElement z:Id="i230" i:type="Collision"><Attributes/><ChildElements><URDFElement z:Id="i231" i:type="Origin"><Attributes><Attribute z:Id="i232"><AttributeType>xyz</AttributeType><IsRequired>true</IsRequired><Value i:type="a:ArrayOfdouble" xmlns:a="http://schemas.microsoft.com/2003/10/Serialization/Arrays"><a:double>0</a:double><a:double>0</a:double><a:double>0</a:double></Value></Attribute><Attribute z:Id="i233"><AttributeType>rpy</AttributeType><IsRequired>true</IsRequired><Value i:type="a:ArrayOfdouble" xmlns:a="http://schemas.microsoft.com/2003/10/Serialization/Arrays"><a:double>0</a:double><a:double>0</a:double><a:double>0</a:double></Value></Attribute></Attributes><ChildElements/><ElementName>origin</ElementName><required>false</required><RPYAttribute z:Ref="i233"/><XYZAttribute z:Ref="i232"/><isCustomized>false</isCustomized></URDFElement><URDFElement z:Id="i234" i:type="Geometry"><Attributes/><ChildElements><URDFElement z:Id="i235" i:type="Mesh"><Attributes><Attribute z:Id="i236"><AttributeType>filename</AttributeType><IsRequired>true</IsRequired><Value i:nil="true"/></Attribute></Attributes><ChildElements/><ElementName>mesh</ElementName><required>false</required><FilenameAttribute z:Ref="i236"/></URDFElement></ChildElements><ElementName>geometry</ElementName><required>true</required><Mesh z:Ref="i235"/></URDFElement></ChildElements><ElementName>collision</ElementName><required>false</required><Geometry z:Ref="i234"/><Origin z:Ref="i231"/></URDFElement><URDFElement z:Id="i237" i:type="Joint"><Attributes><Attribute z:Id="i238"><AttributeType>name</AttributeType><IsRequired>true</IsRequired><Value i:type="a:string" xmlns:a="http://www.w3.org/2001/XMLSchema">front_right_wheel_joint</Value></Attribute><Attribute z:Id="i239"><AttributeType>type</AttributeType><IsRequired>true</IsRequired><Value i:type="a:string" xmlns:a="http://www.w3.org/2001/XMLSchema">continuous</Value></Attribute></Attributes><ChildElements><URDFElement z:Id="i240" i:type="Origin"><Attributes><Attribute z:Id="i241"><AttributeType>xyz</AttributeType><IsRequired>true</IsRequired><Value i:type="a:ArrayOfdouble" xmlns:a="http://schemas.microsoft.com/2003/10/Serialization/Arrays"><a:double>0</a:double><a:double>0</a:double><a:double>0</a:double></Value></Attribute><Attribute z:Id="i242"><AttributeType>rpy</AttributeType><IsRequired>true</IsRequired><Value i:type="a:ArrayOfdouble" xmlns:a="http://schemas.microsoft.com/2003/10/Serialization/Arrays"><a:double>0</a:double><a:double>0</a:double><a:double>0</a:double></Value></Attribute></Attributes><ChildElements/><ElementName>origin</ElementName><required>false</required><RPYAttribute z:Ref="i242"/><XYZAttribute z:Ref="i241"/><isCustomized>false</isCustomized></URDFElement><URDFElement z:Id="i243" i:type="ParentLink"><Attributes><Attribute z:Id="i244"><AttributeType>link</AttributeType><IsRequired>true</IsRequired><Value i:type="a:string" xmlns:a="http://www.w3.org/2001/XMLSchema"/></Attribute></Attributes><ChildElements/><ElementName>parent</ElementName><required>true</required><NameAttribute z:Ref="i244"/></URDFElement><URDFElement z:Id="i245" i:type="ChildLink"><Attributes><Attribute z:Id="i246"><AttributeType>link</AttributeType><IsRequired>true</IsRequired><Value i:type="a:string" xmlns:a="http://www.w3.org/2001/XMLSchema"/></Attribute></Attributes><ChildElements/><ElementName>child</ElementName><required>true</required><NameAttribute z:Ref="i246"/></URDFElement><URDFElement z:Id="i247" i:type="Axis"><Attributes><Attribute z:Id="i248"><AttributeType>xyz</AttributeType><IsRequired>true</IsRequired><Value i:type="a:ArrayOfdouble" xmlns:a="http://schemas.microsoft.com/2003/10/Serialization/Arrays"><a:double>0</a:double><a:double>0</a:double><a:double>0</a:double></Value></Attribute></Attributes><ChildElements/><ElementName>axis</ElementName><required>false</required><XYZAttribute z:Ref="i248"/></URDFElement><URDFElement z:Id="i249" i:type="Limit"><Attributes><Attribute z:Id="i250"><AttributeType>lower</AttributeType><IsRequired>false</IsRequired><Value i:nil="true"/></Attribute><Attribute z:Id="i251"><AttributeType>upper</AttributeType><IsRequired>false</IsRequired><Value i:nil="true"/></Attribute><Attribute z:Id="i252"><AttributeType>effort</AttributeType><IsRequired>true</IsRequired><Value i:nil="true"/></Attribute><Attribute z:Id="i253"><AttributeType>velocity</AttributeType><IsRequired>true</IsRequired><Value i:nil="true"/></Attribute></Attributes><ChildElements/><ElementName>limit</ElementName><required>false</required><EffortAttribute z:Ref="i252"/><LowerAttribute z:Ref="i250"/><UpperAttribute z:Ref="i251"/><VelocityAttribute z:Ref="i253"/></URDFElement><URDFElement z:Id="i254" i:type="Calibration"><Attributes><Attribute z:Id="i255"><AttributeType>rising</AttributeType><IsRequired>false</IsRequired><Value i:nil="true"/></Attribute><Attribute z:Id="i256"><AttributeType>falling</AttributeType><IsRequired>false</IsRequired><Value i:nil="true"/></Attribute></Attributes><ChildElements/><ElementName>calibration</ElementName><required>false</required><FallingAttribute z:Ref="i256"/><RisingAttribute z:Ref="i255"/></URDFElement><URDFElement z:Id="i257" i:type="Dynamics"><Attributes><Attribute z:Id="i258"><AttributeType>damping</AttributeType><IsRequired>false</IsRequired><Value i:nil="true"/></Attribute><Attribute z:Id="i259"><AttributeType>friction</AttributeType><IsRequired>false</IsRequired><Value i:nil="true"/></Attribute></Attributes><ChildElements/><ElementName>dynamics</ElementName><required>false</required><DampingAttribute z:Ref="i258"/><FrictionAttribute z:Ref="i259"/></URDFElement><URDFElement z:Id="i260" i:type="SafetyController"><Attributes><Attribute z:Id="i261"><AttributeType>soft_upper_limit</AttributeType><IsRequired>false</IsRequired><Value i:nil="true"/></Attribute><Attribute z:Id="i262"><AttributeType>soft_lower_limit</AttributeType><IsRequired>false</IsRequired><Value i:nil="true"/></Attribute><Attribute z:Id="i263"><AttributeType>k_position</AttributeType><IsRequired>false</IsRequired><Value i:nil="true"/></Attribute><Attribute z:Id="i264"><AttributeType>k_velocity</AttributeType><IsRequired>true</IsRequired><Value i:nil="true"/></Attribute></Attributes><ChildElements/><ElementName>safety_controller</ElementName><required>false</required><KPositionAttribute z:Ref="i263"/><KVelocityAttribute z:Ref="i264"/><SoftLowerAttribute z:Ref="i262"/><SoftUpperAttribute z:Ref="i261"/></URDFElement><URDFElement z:Id="i265" i:type="Mimic"><Attributes><Attribute z:Id="i266"><AttributeType>joint</AttributeType><IsRequired>true</IsRequired><Value i:nil="true"/></Attribute><Attribute z:Id="i267"><AttributeType>multiplier</AttributeType><IsRequired>false</IsRequired><Value i:nil="true"/></Attribute><Attribute z:Id="i268"><AttributeType>offset</AttributeType><IsRequired>false</IsRequired><Value i:nil="true"/></Attribute></Attributes><ChildElements/><ElementName>mimic</ElementName><required>false</required><JointNameAttribute z:Ref="i266"/><MultiplierAttribute z:Ref="i267"/><OffsetAttribute z:Ref="i268"/></URDFElement></ChildElements><ElementName>joint</ElementName><required>false</required><Axis z:Ref="i247"/><AxisName>front_right_wheel_axis</AxisName><Calibration z:Ref="i254"/><Child z:Ref="i245"/><CoordinateSystemName>base_link</CoordinateSystemName><Dynamics z:Ref="i257"/><Limit z:Ref="i249"/><Mimic z:Ref="i265"/><NameAttribute z:Ref="i238"/><Origin z:Ref="i240"/><Parent z:Ref="i243"/><Safety z:Ref="i260"/><TypeAttribute z:Ref="i239"/></URDFElement></ChildElements><ElementName>link</ElementName><required>true</required><Children/><Collision z:Ref="i230"/><Inertial z:Ref="i204"/><Joint z:Ref="i237"/><NameAttribute z:Ref="i203"/><Parent z:Ref="i1"/><STLQualityFine>false</STLQualityFine><SWComponentPIDs xmlns:a="http://schemas.microsoft.com/2003/10/Serialization/Arrays"><a:base64Binary>mDoAAAUAAAD//v9mTwBtAG4AaQBfAFcAaABlAGUAbABfADEAMgBtAG0AXwBIAGUAeABfAE0AbwBkADEALQA0AEAAVQBpAFIAUwAuADEAIAAtACAATwBiAGoAZQBjAHQAIABUAHIAYQBuAHMAcABvAHQAIABSAG8AYgBvAHQAIABBAHIAbQAvAE8AbQBuAGkAIAB3AGgAZQBlAGwAIAB2ADkALQAxAEAATwBtAG4AaQBfAFcAaABlAGUAbABfADEAMgBtAG0AXwBIAGUAeABfAE0AbwBkADEABAAAABAAAAABAAAAAgAAAG8AAAAVAAAA</a:base64Binary></SWComponentPIDs><SWMainComponentPID i:nil="true"/><Visual z:Ref="i217"/><isFixedFrame>false</isFixedFrame><isIncomplete>false</isIncomplete></Link><Link z:Id="i269"><Attributes><Attribute z:Id="i270"><AttributeType>name</AttributeType><IsRequired>true</IsRequired><Value i:type="a:string" xmlns:a="http://www.w3.org/2001/XMLSchema">link4</Value></Attribute></Attributes><ChildElements><URDFElement z:Id="i271" i:type="Inertial"><Attributes/><ChildElements><URDFElement z:Id="i272" i:type="Origin"><Attributes><Attribute z:Id="i273"><AttributeType>xyz</AttributeType><IsRequired>true</IsRequired><Value i:type="a:ArrayOfdouble" xmlns:a="http://schemas.microsoft.com/2003/10/Serialization/Arrays"><a:double>0</a:double><a:double>0</a:double><a:double>0</a:double></Value></Attribute><Attribute z:Id="i274"><AttributeType>rpy</AttributeType><IsRequired>true</IsRequired><Value i:type="a:ArrayOfdouble" xmlns:a="http://schemas.microsoft.com/2003/10/Serialization/Arrays"><a:double>0</a:double><a:double>0</a:double><a:double>0</a:double></Value></Attribute></Attributes><ChildElements/><ElementName>origin</ElementName><required>false</required><RPYAttribute z:Ref="i274"/><XYZAttribute z:Ref="i273"/><isCustomized>false</isCustomized></URDFElement><URDFElement z:Id="i275" i:type="Mass"><Attributes><Attribute z:Id="i276"><AttributeType>value</AttributeType><IsRequired>true</IsRequired><Value i:type="a:double" xmlns:a="http://www.w3.org/2001/XMLSchema">0</Value></Attribute></Attributes><ChildElements/><ElementName>mass</ElementName><required>false</required><ValueAttribute z:Ref="i276"/></URDFElement><URDFElement z:Id="i277" i:type="Inertia"><Attributes><Attribute z:Id="i278"><AttributeType>ixx</AttributeType><IsRequired>true</IsRequired><Value i:type="a:double" xmlns:a="http://www.w3.org/2001/XMLSchema">0</Value></Attribute><Attribute z:Id="i279"><AttributeType>ixy</AttributeType><IsRequired>true</IsRequired><Value i:type="a:double" xmlns:a="http://www.w3.org/2001/XMLSchema">0</Value></Attribute><Attribute z:Id="i280"><AttributeType>ixz</AttributeType><IsRequired>true</IsRequired><Value i:type="a:double" xmlns:a="http://www.w3.org/2001/XMLSchema">0</Value></Attribute><Attribute z:Id="i281"><AttributeType>iyy</AttributeType><IsRequired>true</IsRequired><Value i:type="a:double" xmlns:a="http://www.w3.org/2001/XMLSchema">0</Value></Attribute><Attribute z:Id="i282"><AttributeType>iyz</AttributeType><IsRequired>true</IsRequired><Value i:type="a:double" xmlns:a="http://www.w3.org/2001/XMLSchema">0</Value></Attribute><Attribute z:Id="i283"><AttributeType>izz</AttributeType><IsRequired>true</IsRequired><Value i:type="a:double" xmlns:a="http://www.w3.org/2001/XMLSchema">0</Value></Attribute></Attributes><ChildElements/><ElementName>inertia</ElementName><required>false</required><IxxAttribute z:Ref="i278"/><IxyAttribute z:Ref="i279"/><IxzAttribute z:Ref="i280"/><IyyAttribute z:Ref="i281"/><IyzAttribute z:Ref="i282"/><IzzAttribute z:Ref="i283"/></URDFElement></ChildElements><ElementName>inertial</ElementName><required>false</required><Inertia z:Ref="i277"/><Mass z:Ref="i275"/><Origin z:Ref="i272"/></URDFElement><URDFElement z:Id="i284" i:type="Visual"><Attributes/><ChildElements><URDFElement z:Id="i285" i:type="Origin"><Attributes><Attribute z:Id="i286"><AttributeType>xyz</AttributeType><IsRequired>true</IsRequired><Value i:type="a:ArrayOfdouble" xmlns:a="http://schemas.microsoft.com/2003/10/Serialization/Arrays"><a:double>0</a:double><a:double>0</a:double><a:double>0</a:double></Value></Attribute><Attribute z:Id="i287"><AttributeType>rpy</AttributeType><IsRequired>true</IsRequired><Value i:type="a:ArrayOfdouble" xmlns:a="http://schemas.microsoft.com/2003/10/Serialization/Arrays"><a:double>0</a:double><a:double>0</a:double><a:double>0</a:double></Value></Attribute></Attributes><ChildElements/><ElementName>origin</ElementName><required>false</required><RPYAttribute z:Ref="i287"/><XYZAttribute z:Ref="i286"/><isCustomized>false</isCustomized></URDFElement><URDFElement z:Id="i288" i:type="Geometry"><Attributes/><ChildElements><URDFElement z:Id="i289" i:type="Mesh"><Attributes><Attribute z:Id="i290"><AttributeType>filename</AttributeType><IsRequired>true</IsRequired><Value i:nil="true"/></Attribute></Attributes><ChildElements/><ElementName>mesh</ElementName><required>false</required><FilenameAttribute z:Ref="i290"/></URDFElement></ChildElements><ElementName>geometry</ElementName><required>true</required><Mesh z:Ref="i289"/></URDFElement><URDFElement z:Id="i291" i:type="Material"><Attributes><Attribute z:Id="i292"><AttributeType>name</AttributeType><IsRequired>true</IsRequired><Value i:type="a:string" xmlns:a="http://www.w3.org/2001/XMLSchema"/></Attribute></Attributes><ChildElements><URDFElement z:Id="i293" i:type="Color"><Attributes><Attribute z:Id="i294"><AttributeType>rgba</AttributeType><IsRequired>true</IsRequired><Value i:type="a:ArrayOfdouble" xmlns:a="http://schemas.microsoft.com/2003/10/Serialization/Arrays"><a:double>1</a:double><a:double>1</a:double><a:double>1</a:double><a:double>1</a:double></Value></Attribute></Attributes><ChildElements/><ElementName>color</ElementName><required>false</required><RGBAAttribute z:Ref="i294"/></URDFElement><URDFElement z:Id="i295" i:type="Texture"><Attributes><Attribute z:Id="i296"><AttributeType>filename</AttributeType><IsRequired>true</IsRequired><Value i:nil="true"/></Attribute></Attributes><ChildElements/><ElementName>texture</ElementName><required>false</required><FilenameAttribute z:Ref="i296"/><wFilename/></URDFElement></ChildElements><ElementName>material</ElementName><required>false</required><Color z:Ref="i293"/><NameAttribute z:Ref="i292"/><Texture z:Ref="i295"/></URDFElement></ChildElements><ElementName>visual</ElementName><required>false</required><Geometry z:Ref="i288"/><Material z:Ref="i291"/><Origin z:Ref="i285"/></URDFElement><URDFElement z:Id="i297" i:type="Collision"><Attributes/><ChildElements><URDFElement z:Id="i298" i:type="Origin"><Attributes><Attribute z:Id="i299"><AttributeType>xyz</AttributeType><IsRequired>true</IsRequired><Value i:type="a:ArrayOfdouble" xmlns:a="http://schemas.microsoft.com/2003/10/Serialization/Arrays"><a:double>0</a:double><a:double>0</a:double><a:double>0</a:double></Value></Attribute><Attribute z:Id="i300"><AttributeType>rpy</AttributeType><IsRequired>true</IsRequired><Value i:type="a:ArrayOfdouble" xmlns:a="http://schemas.microsoft.com/2003/10/Serialization/Arrays"><a:double>0</a:double><a:double>0</a:double><a:double>0</a:double></Value></Attribute></Attributes><ChildElements/><ElementName>origin</ElementName><required>false</required><RPYAttribute z:Ref="i300"/><XYZAttribute z:Ref="i299"/><isCustomized>false</isCustomized></URDFElement><URDFElement z:Id="i301" i:type="Geometry"><Attributes/><ChildElements><URDFElement z:Id="i302" i:type="Mesh"><Attributes><Attribute z:Id="i303"><AttributeType>filename</AttributeType><IsRequired>true</IsRequired><Value i:nil="true"/></Attribute></Attributes><ChildElements/><ElementName>mesh</ElementName><required>false</required><FilenameAttribute z:Ref="i303"/></URDFElement></ChildElements><ElementName>geometry</ElementName><required>true</required><Mesh z:Ref="i302"/></URDFElement></ChildElements><ElementName>collision</ElementName><required>false</required><Geometry z:Ref="i301"/><Origin z:Ref="i298"/></URDFElement><URDFElement z:Id="i304" i:type="Joint"><Attributes><Attribute z:Id="i305"><AttributeType>name</AttributeType><IsRequired>true</IsRequired><Value i:type="a:string" xmlns:a="http://www.w3.org/2001/XMLSchema">back_right_wheel_joint</Value></Attribute><Attribute z:Id="i306"><AttributeType>type</AttributeType><IsRequired>true</IsRequired><Value i:type="a:string" xmlns:a="http://www.w3.org/2001/XMLSchema">continuous</Value></Attribute></Attributes><ChildElements><URDFElement z:Id="i307" i:type="Origin"><Attributes><Attribute z:Id="i308"><AttributeType>xyz</AttributeType><IsRequired>true</IsRequired><Value i:type="a:ArrayOfdouble" xmlns:a="http://schemas.microsoft.com/2003/10/Serialization/Arrays"><a:double>0</a:double><a:double>0</a:double><a:double>0</a:double></Value></Attribute><Attribute z:Id="i309"><AttributeType>rpy</AttributeType><IsRequired>true</IsRequired><Value i:type="a:ArrayOfdouble" xmlns:a="http://schemas.microsoft.com/2003/10/Serialization/Arrays"><a:double>0</a:double><a:double>0</a:double><a:double>0</a:double></Value></Attribute></Attributes><ChildElements/><ElementName>origin</ElementName><required>false</required><RPYAttribute z:Ref="i309"/><XYZAttribute z:Ref="i308"/><isCustomized>false</isCustomized></URDFElement><URDFElement z:Id="i310" i:type="ParentLink"><Attributes><Attribute z:Id="i311"><AttributeType>link</AttributeType><IsRequired>true</IsRequired><Value i:type="a:string" xmlns:a="http://www.w3.org/2001/XMLSchema"/></Attribute></Attributes><ChildElements/><ElementName>parent</ElementName><required>true</required><NameAttribute z:Ref="i311"/></URDFElement><URDFElement z:Id="i312" i:type="ChildLink"><Attributes><Attribute z:Id="i313"><AttributeType>link</AttributeType><IsRequired>true</IsRequired><Value i:type="a:string" xmlns:a="http://www.w3.org/2001/XMLSchema"/></Attribute></Attributes><ChildElements/><ElementName>child</ElementName><required>true</required><NameAttribute z:Ref="i313"/></URDFElement><URDFElement z:Id="i314" i:type="Axis"><Attributes><Attribute z:Id="i315"><AttributeType>xyz</AttributeType><IsRequired>true</IsRequired><Value i:type="a:ArrayOfdouble" xmlns:a="http://schemas.microsoft.com/2003/10/Serialization/Arrays"><a:double>0</a:double><a:double>0</a:double><a:double>0</a:double></Value></Attribute></Attributes><ChildElements/><ElementName>axis</ElementName><required>false</required><XYZAttribute z:Ref="i315"/></URDFElement><URDFElement z:Id="i316" i:type="Limit"><Attributes><Attribute z:Id="i317"><AttributeType>lower</AttributeType><IsRequired>false</IsRequired><Value i:nil="true"/></Attribute><Attribute z:Id="i318"><AttributeType>upper</AttributeType><IsRequired>false</IsRequired><Value i:nil="true"/></Attribute><Attribute z:Id="i319"><AttributeType>effort</AttributeType><IsRequired>true</IsRequired><Value i:nil="true"/></Attribute><Attribute z:Id="i320"><AttributeType>velocity</AttributeType><IsRequired>true</IsRequired><Value i:nil="true"/></Attribute></Attributes><ChildElements/><ElementName>limit</ElementName><required>false</required><EffortAttribute z:Ref="i319"/><LowerAttribute z:Ref="i317"/><UpperAttribute z:Ref="i318"/><VelocityAttribute z:Ref="i320"/></URDFElement><URDFElement z:Id="i321" i:type="Calibration"><Attributes><Attribute z:Id="i322"><AttributeType>rising</AttributeType><IsRequired>false</IsRequired><Value i:nil="true"/></Attribute><Attribute z:Id="i323"><AttributeType>falling</AttributeType><IsRequired>false</IsRequired><Value i:nil="true"/></Attribute></Attributes><ChildElements/><ElementName>calibration</ElementName><required>false</required><FallingAttribute z:Ref="i323"/><RisingAttribute z:Ref="i322"/></URDFElement><URDFElement z:Id="i324" i:type="Dynamics"><Attributes><Attribute z:Id="i325"><AttributeType>damping</AttributeType><IsRequired>false</IsRequired><Value i:nil="true"/></Attribute><Attribute z:Id="i326"><AttributeType>friction</AttributeType><IsRequired>false</IsRequired><Value i:nil="true"/></Attribute></Attributes><ChildElements/><ElementName>dynamics</ElementName><required>false</required><DampingAttribute z:Ref="i325"/><FrictionAttribute z:Ref="i326"/></URDFElement><URDFElement z:Id="i327" i:type="SafetyController"><Attributes><Attribute z:Id="i328"><AttributeType>soft_upper_limit</AttributeType><IsRequired>false</IsRequired><Value i:nil="true"/></Attribute><Attribute z:Id="i329"><AttributeType>soft_lower_limit</AttributeType><IsRequired>false</IsRequired><Value i:nil="true"/></Attribute><Attribute z:Id="i330"><AttributeType>k_position</AttributeType><IsRequired>false</IsRequired><Value i:nil="true"/></Attribute><Attribute z:Id="i331"><AttributeType>k_velocity</AttributeType><IsRequired>true</IsRequired><Value i:nil="true"/></Attribute></Attributes><ChildElements/><ElementName>safety_controller</ElementName><required>false</required><KPositionAttribute z:Ref="i330"/><KVelocityAttribute z:Ref="i331"/><SoftLowerAttribute z:Ref="i329"/><SoftUpperAttribute z:Ref="i328"/></URDFElement><URDFElement z:Id="i332" i:type="Mimic"><Attributes><Attribute z:Id="i333"><AttributeType>joint</AttributeType><IsRequired>true</IsRequired><Value i:nil="true"/></Attribute><Attribute z:Id="i334"><AttributeType>multiplier</AttributeType><IsRequired>false</IsRequired><Value i:nil="true"/></Attribute><Attribute z:Id="i335"><AttributeType>offset</AttributeType><IsRequired>false</IsRequired><Value i:nil="true"/></Attribute></Attributes><ChildElements/><ElementName>mimic</ElementName><required>false</required><JointNameAttribute z:Ref="i333"/><MultiplierAttribute z:Ref="i334"/><OffsetAttribute z:Ref="i335"/></URDFElement></ChildElements><ElementName>joint</ElementName><required>false</required><Axis z:Ref="i314"/><AxisName>back_right_wheel_axis</AxisName><Calibration z:Ref="i321"/><Child z:Ref="i312"/><CoordinateSystemName>base_link</CoordinateSystemName><Dynamics z:Ref="i324"/><Limit z:Ref="i316"/><Mimic z:Ref="i332"/><NameAttribute z:Ref="i305"/><Origin z:Ref="i307"/><Parent z:Ref="i310"/><Safety z:Ref="i327"/><TypeAttribute z:Ref="i306"/></URDFElement></ChildElements><ElementName>link</ElementName><required>true</required><Children/><Collision z:Ref="i297"/><Inertial z:Ref="i271"/><Joint z:Ref="i304"/><NameAttribute z:Ref="i270"/><Parent z:Ref="i1"/><STLQualityFine>false</STLQualityFine><SWComponentPIDs xmlns:a="http://schemas.microsoft.com/2003/10/Serialization/Arrays"><a:base64Binary>mDoAAAUAAAD//v9mTwBtAG4AaQBfAFcAaABlAGUAbABfADEAMgBtAG0AXwBIAGUAeABfAE0AbwBkADEALQAzAEAAVQBpAFIAUwAuADEAIAAtACAATwBiAGoAZQBjAHQAIABUAHIAYQBuAHMAcABvAHQAIABSAG8AYgBvAHQAIABBAHIAbQAvAE8AbQBuAGkAIAB3AGgAZQBlAGwAIAB2ADkALQAxAEAATwBtAG4AaQBfAFcAaABlAGUAbABfADEAMgBtAG0AXwBIAGUAeABfAE0AbwBkADEABAAAABAAAAABAAAAAgAAAGIAAAAVAAAA</a:base64Binary></SWComponentPIDs><SWMainComponentPID i:nil="true"/><Visual z:Ref="i284"/><isFixedFrame>false</isFixedFrame><isIncomplete>false</isIncomplete></Link></Children><Collision z:Ref="i29"/><Inertial z:Ref="i3"/><Joint z:Ref="i36"/><NameAttribute z:Ref="i2"/><Parent i:nil="true"/><STLQualityFine>false</STLQualityFine><SWComponentPIDs xmlns:a="http://schemas.microsoft.com/2003/10/Serialization/Arrays"/><SWMainComponentPID i:nil="true"/><Visual z:Ref="i16"/><isFixedFrame>false</isFixedFrame><isIncomplete>false</isIncomplete></Link>
2026-04-21 13:27:19,820 INFO  ExportHelperExtension.cs: 347 - Creating joint linnk1
2026-04-21 13:27:20,324 WARN  ExportHelperExtension.cs: 351 - Creating joint from parent base_link to child linnk1 failed
2026-04-21 13:27:21,957 INFO  ExportHelperExtension.cs: 347 - Creating joint link2
2026-04-21 13:27:22,181 WARN  ExportHelperExtension.cs: 351 - Creating joint from parent base_link to child link2 failed
2026-04-21 13:27:23,803 INFO  ExportHelperExtension.cs: 347 - Creating joint link3
2026-04-21 13:27:23,963 WARN  ExportHelperExtension.cs: 351 - Creating joint from parent base_link to child link3 failed
2026-04-21 13:27:25,637 INFO  ExportHelperExtension.cs: 347 - Creating joint link4
2026-04-21 13:27:25,799 WARN  ExportHelperExtension.cs: 351 - Creating joint from parent base_link to child link4 failed
2026-04-21 13:27:27,586 INFO  ExportHelperExtension.cs: 1125 - Retrieving features of type [CoordSys] from UiRS.1 - Object Transpot Robot Arm.SLDASM
2026-04-21 13:27:27,593 INFO  ExportHelperExtension.cs: 1136 - Found 52 in UiRS.1 - Object Transpot Robot Arm.SLDASM
2026-04-21 13:27:27,593 INFO  ExportHelperExtension.cs: 1145 - Found 2 features of type [CoordSys] in UiRS.1 - Object Transpot Robot Arm.SLDASM
2026-04-21 13:27:27,593 INFO  ExportHelperExtension.cs: 1148 - Proceeding through assembly components
2026-04-21 13:27:27,594 INFO  ExportHelperExtension.cs: 1160 - 5 components to check
2026-04-21 13:27:27,594 INFO  ExportHelperExtension.cs: 1125 - Retrieving features of type [CoordSys] from robot^UiRS.1 - Object Transpot Robot Arm-1
2026-04-21 13:27:27,595 INFO  ExportHelperExtension.cs: 1136 - Found 146 in robot^UiRS.1 - Object Transpot Robot Arm-1
2026-04-21 13:27:27,596 INFO  ExportHelperExtension.cs: 1145 - Found 0 features of type [CoordSys] in robot^UiRS.1 - Object Transpot Robot Arm-1
2026-04-21 13:27:27,596 INFO  ExportHelperExtension.cs: 1125 - Retrieving features of type [CoordSys] from Omni_Wheel_12mm_Hex_Mod1-1
2026-04-21 13:27:27,596 INFO  ExportHelperExtension.cs: 1136 - Found 25 in Omni_Wheel_12mm_Hex_Mod1-1
2026-04-21 13:27:27,597 INFO  ExportHelperExtension.cs: 1145 - Found 0 features of type [CoordSys] in Omni_Wheel_12mm_Hex_Mod1-1
2026-04-21 13:27:27,597 INFO  ExportHelperExtension.cs: 1125 - Retrieving features of type [CoordSys] from Omni_Wheel_12mm_Hex_Mod1-4
2026-04-21 13:27:27,597 INFO  ExportHelperExtension.cs: 1136 - Found 25 in Omni_Wheel_12mm_Hex_Mod1-4
2026-04-21 13:27:27,597 INFO  ExportHelperExtension.cs: 1145 - Found 0 features of type [CoordSys] in Omni_Wheel_12mm_Hex_Mod1-4
2026-04-21 13:27:27,598 INFO  ExportHelperExtension.cs: 1125 - Retrieving features of type [CoordSys] from Omni_Wheel_12mm_Hex_Mod1-2
2026-04-21 13:27:27,598 INFO  ExportHelperExtension.cs: 1136 - Found 25 in Omni_Wheel_12mm_Hex_Mod1-2
2026-04-21 13:27:27,598 INFO  ExportHelperExtension.cs: 1145 - Found 0 features of type [CoordSys] in Omni_Wheel_12mm_Hex_Mod1-2
2026-04-21 13:27:27,599 INFO  ExportHelperExtension.cs: 1125 - Retrieving features of type [CoordSys] from Omni_Wheel_12mm_Hex_Mod1-3
2026-04-21 13:27:27,599 INFO  ExportHelperExtension.cs: 1136 - Found 25 in Omni_Wheel_12mm_Hex_Mod1-3
2026-04-21 13:27:27,599 INFO  ExportHelperExtension.cs: 1145 - Found 0 features of type [CoordSys] in Omni_Wheel_12mm_Hex_Mod1-3
2026-04-21 13:27:27,600 INFO  ExportHelperExtension.cs: 1125 - Retrieving features of type [RefAxis] from UiRS.1 - Object Transpot Robot Arm.SLDASM
2026-04-21 13:27:27,600 INFO  ExportHelperExtension.cs: 1136 - Found 52 in UiRS.1 - Object Transpot Robot Arm.SLDASM
2026-04-21 13:27:27,600 INFO  ExportHelperExtension.cs: 1145 - Found 8 features of type [RefAxis] in UiRS.1 - Object Transpot Robot Arm.SLDASM
2026-04-21 13:27:27,601 INFO  ExportHelperExtension.cs: 1148 - Proceeding through assembly components
2026-04-21 13:27:27,601 INFO  ExportHelperExtension.cs: 1160 - 5 components to check
2026-04-21 13:27:27,601 INFO  ExportHelperExtension.cs: 1125 - Retrieving features of type [RefAxis] from robot^UiRS.1 - Object Transpot Robot Arm-1
2026-04-21 13:27:27,601 INFO  ExportHelperExtension.cs: 1136 - Found 146 in robot^UiRS.1 - Object Transpot Robot Arm-1
2026-04-21 13:27:27,602 INFO  ExportHelperExtension.cs: 1145 - Found 0 features of type [RefAxis] in robot^UiRS.1 - Object Transpot Robot Arm-1
2026-04-21 13:27:27,602 INFO  ExportHelperExtension.cs: 1125 - Retrieving features of type [RefAxis] from Omni_Wheel_12mm_Hex_Mod1-1
2026-04-21 13:27:27,603 INFO  ExportHelperExtension.cs: 1136 - Found 25 in Omni_Wheel_12mm_Hex_Mod1-1
2026-04-21 13:27:27,603 INFO  ExportHelperExtension.cs: 1145 - Found 0 features of type [RefAxis] in Omni_Wheel_12mm_Hex_Mod1-1
2026-04-21 13:27:27,603 INFO  ExportHelperExtension.cs: 1125 - Retrieving features of type [RefAxis] from Omni_Wheel_12mm_Hex_Mod1-4
2026-04-21 13:27:27,603 INFO  ExportHelperExtension.cs: 1136 - Found 25 in Omni_Wheel_12mm_Hex_Mod1-4
2026-04-21 13:27:27,604 INFO  ExportHelperExtension.cs: 1145 - Found 0 features of type [RefAxis] in Omni_Wheel_12mm_Hex_Mod1-4
2026-04-21 13:27:27,604 INFO  ExportHelperExtension.cs: 1125 - Retrieving features of type [RefAxis] from Omni_Wheel_12mm_Hex_Mod1-2
2026-04-21 13:27:27,604 INFO  ExportHelperExtension.cs: 1136 - Found 25 in Omni_Wheel_12mm_Hex_Mod1-2
2026-04-21 13:27:27,604 INFO  ExportHelperExtension.cs: 1145 - Found 0 features of type [RefAxis] in Omni_Wheel_12mm_Hex_Mod1-2
2026-04-21 13:27:27,605 INFO  ExportHelperExtension.cs: 1125 - Retrieving features of type [RefAxis] from Omni_Wheel_12mm_Hex_Mod1-3
2026-04-21 13:27:27,605 INFO  ExportHelperExtension.cs: 1136 - Found 25 in Omni_Wheel_12mm_Hex_Mod1-3
2026-04-21 13:27:27,605 INFO  ExportHelperExtension.cs: 1145 - Found 0 features of type [RefAxis] in Omni_Wheel_12mm_Hex_Mod1-3
2026-04-21 13:27:27,652 INFO  ExportPropertyManager.cs: 1142 - AfterClose called. This method no longer throws an Exception. It just silently does nothing. Ok, except for this logging message
2026-04-21 13:28:15,179 INFO  AssemblyExportForm.cs: 253 - Completing URDF export
2026-04-21 13:28:15,184 INFO  ConfigurationSerialization.cs: 276 - URDF Configuration found
<Link z:Id="i1" xmlns="http://schemas.datacontract.org/2004/07/SW2URDF" xmlns:i="http://www.w3.org/2001/XMLSchema-instance" xmlns:z="http://schemas.microsoft.com/2003/10/Serialization/"><Attributes><Attribute z:Id="i2"><AttributeType>name</AttributeType><IsRequired>true</IsRequired><Value i:type="a:string" xmlns:a="http://www.w3.org/2001/XMLSchema">base_link</Value></Attribute></Attributes><ChildElements><URDFElement z:Id="i3" i:type="Inertial"><Attributes/><ChildElements><URDFElement z:Id="i4" i:type="Origin"><Attributes><Attribute z:Id="i5"><AttributeType>xyz</AttributeType><IsRequired>true</IsRequired><Value i:type="a:ArrayOfdouble" xmlns:a="http://schemas.microsoft.com/2003/10/Serialization/Arrays"><a:double>0</a:double><a:double>0</a:double><a:double>0</a:double></Value></Attribute><Attribute z:Id="i6"><AttributeType>rpy</AttributeType><IsRequired>true</IsRequired><Value i:type="a:ArrayOfdouble" xmlns:a="http://schemas.microsoft.com/2003/10/Serialization/Arrays"><a:double>0</a:double><a:double>0</a:double><a:double>0</a:double></Value></Attribute></Attributes><ChildElements/><ElementName>origin</ElementName><required>false</required><RPYAttribute z:Ref="i6"/><XYZAttribute z:Ref="i5"/><isCustomized>false</isCustomized></URDFElement><URDFElement z:Id="i7" i:type="Mass"><Attributes><Attribute z:Id="i8"><AttributeType>value</AttributeType><IsRequired>true</IsRequired><Value i:type="a:double" xmlns:a="http://www.w3.org/2001/XMLSchema">0</Value></Attribute></Attributes><ChildElements/><ElementName>mass</ElementName><required>false</required><ValueAttribute z:Ref="i8"/></URDFElement><URDFElement z:Id="i9" i:type="Inertia"><Attributes><Attribute z:Id="i10"><AttributeType>ixx</AttributeType><IsRequired>true</IsRequired><Value i:type="a:double" xmlns:a="http://www.w3.org/2001/XMLSchema">0</Value></Attribute><Attribute z:Id="i11"><AttributeType>ixy</AttributeType><IsRequired>true</IsRequired><Value i:type="a:double" xmlns:a="http://www.w3.org/2001/XMLSchema">0</Value></Attribute><Attribute z:Id="i12"><AttributeType>ixz</AttributeType><IsRequired>true</IsRequired><Value i:type="a:double" xmlns:a="http://www.w3.org/2001/XMLSchema">0</Value></Attribute><Attribute z:Id="i13"><AttributeType>iyy</AttributeType><IsRequired>true</IsRequired><Value i:type="a:double" xmlns:a="http://www.w3.org/2001/XMLSchema">0</Value></Attribute><Attribute z:Id="i14"><AttributeType>iyz</AttributeType><IsRequired>true</IsRequired><Value i:type="a:double" xmlns:a="http://www.w3.org/2001/XMLSchema">0</Value></Attribute><Attribute z:Id="i15"><AttributeType>izz</AttributeType><IsRequired>true</IsRequired><Value i:type="a:double" xmlns:a="http://www.w3.org/2001/XMLSchema">0</Value></Attribute></Attributes><ChildElements/><ElementName>inertia</ElementName><required>false</required><IxxAttribute z:Ref="i10"/><IxyAttribute z:Ref="i11"/><IxzAttribute z:Ref="i12"/><IyyAttribute z:Ref="i13"/><IyzAttribute z:Ref="i14"/><IzzAttribute z:Ref="i15"/></URDFElement></ChildElements><ElementName>inertial</ElementName><required>false</required><Inertia z:Ref="i9"/><Mass z:Ref="i7"/><Origin z:Ref="i4"/></URDFElement><URDFElement z:Id="i16" i:type="Visual"><Attributes/><ChildElements><URDFElement z:Id="i17" i:type="Origin"><Attributes><Attribute z:Id="i18"><AttributeType>xyz</AttributeType><IsRequired>true</IsRequired><Value i:type="a:ArrayOfdouble" xmlns:a="http://schemas.microsoft.com/2003/10/Serialization/Arrays"><a:double>0</a:double><a:double>0</a:double><a:double>0</a:double></Value></Attribute><Attribute z:Id="i19"><AttributeType>rpy</AttributeType><IsRequired>true</IsRequired><Value i:type="a:ArrayOfdouble" xmlns:a="http://schemas.microsoft.com/2003/10/Serialization/Arrays"><a:double>0</a:double><a:double>0</a:double><a:double>0</a:double></Value></Attribute></Attributes><ChildElements/><ElementName>origin</ElementName><required>false</required><RPYAttribute z:Ref="i19"/><XYZAttribute z:Ref="i18"/><isCustomized>false</isCustomized></URDFElement><URDFElement z:Id="i20" i:type="Geometry"><Attributes/><ChildElements><URDFElement z:Id="i21" i:type="Mesh"><Attributes><Attribute z:Id="i22"><AttributeType>filename</AttributeType><IsRequired>true</IsRequired><Value i:nil="true"/></Attribute></Attributes><ChildElements/><ElementName>mesh</ElementName><required>false</required><FilenameAttribute z:Ref="i22"/></URDFElement></ChildElements><ElementName>geometry</ElementName><required>true</required><Mesh z:Ref="i21"/></URDFElement><URDFElement z:Id="i23" i:type="Material"><Attributes><Attribute z:Id="i24"><AttributeType>name</AttributeType><IsRequired>true</IsRequired><Value i:type="a:string" xmlns:a="http://www.w3.org/2001/XMLSchema"/></Attribute></Attributes><ChildElements><URDFElement z:Id="i25" i:type="Color"><Attributes><Attribute z:Id="i26"><AttributeType>rgba</AttributeType><IsRequired>true</IsRequired><Value i:type="a:ArrayOfdouble" xmlns:a="http://schemas.microsoft.com/2003/10/Serialization/Arrays"><a:double>1</a:double><a:double>1</a:double><a:double>1</a:double><a:double>1</a:double></Value></Attribute></Attributes><ChildElements/><ElementName>color</ElementName><required>false</required><RGBAAttribute z:Ref="i26"/></URDFElement><URDFElement z:Id="i27" i:type="Texture"><Attributes><Attribute z:Id="i28"><AttributeType>filename</AttributeType><IsRequired>true</IsRequired><Value i:nil="true"/></Attribute></Attributes><ChildElements/><ElementName>texture</ElementName><required>false</required><FilenameAttribute z:Ref="i28"/><wFilename/></URDFElement></ChildElements><ElementName>material</ElementName><required>false</required><Color z:Ref="i25"/><NameAttribute z:Ref="i24"/><Texture z:Ref="i27"/></URDFElement></ChildElements><ElementName>visual</ElementName><required>false</required><Geometry z:Ref="i20"/><Material z:Ref="i23"/><Origin z:Ref="i17"/></URDFElement><URDFElement z:Id="i29" i:type="Collision"><Attributes/><ChildElements><URDFElement z:Id="i30" i:type="Origin"><Attributes><Attribute z:Id="i31"><AttributeType>xyz</AttributeType><IsRequired>true</IsRequired><Value i:type="a:ArrayOfdouble" xmlns:a="http://schemas.microsoft.com/2003/10/Serialization/Arrays"><a:double>0</a:double><a:double>0</a:double><a:double>0</a:double></Value></Attribute><Attribute z:Id="i32"><AttributeType>rpy</AttributeType><IsRequired>true</IsRequired><Value i:type="a:ArrayOfdouble" xmlns:a="http://schemas.microsoft.com/2003/10/Serialization/Arrays"><a:double>0</a:double><a:double>0</a:double><a:double>0</a:double></Value></Attribute></Attributes><ChildElements/><ElementName>origin</ElementName><required>false</required><RPYAttribute z:Ref="i32"/><XYZAttribute z:Ref="i31"/><isCustomized>false</isCustomized></URDFElement><URDFElement z:Id="i33" i:type="Geometry"><Attributes/><ChildElements><URDFElement z:Id="i34" i:type="Mesh"><Attributes><Attribute z:Id="i35"><AttributeType>filename</AttributeType><IsRequired>true</IsRequired><Value i:nil="true"/></Attribute></Attributes><ChildElements/><ElementName>mesh</ElementName><required>false</required><FilenameAttribute z:Ref="i35"/></URDFElement></ChildElements><ElementName>geometry</ElementName><required>true</required><Mesh z:Ref="i34"/></URDFElement></ChildElements><ElementName>collision</ElementName><required>false</required><Geometry z:Ref="i33"/><Origin z:Ref="i30"/></URDFElement><URDFElement z:Id="i36" i:type="Joint"><Attributes><Attribute z:Id="i37"><AttributeType>name</AttributeType><IsRequired>true</IsRequired><Value i:type="a:string" xmlns:a="http://www.w3.org/2001/XMLSchema"/></Attribute><Attribute z:Id="i38"><AttributeType>type</AttributeType><IsRequired>true</IsRequired><Value i:type="a:string" xmlns:a="http://www.w3.org/2001/XMLSchema"/></Attribute></Attributes><ChildElements><URDFElement z:Id="i39" i:type="Origin"><Attributes><Attribute z:Id="i40"><AttributeType>xyz</AttributeType><IsRequired>true</IsRequired><Value i:type="a:ArrayOfdouble" xmlns:a="http://schemas.microsoft.com/2003/10/Serialization/Arrays"><a:double>0</a:double><a:double>0</a:double><a:double>0</a:double></Value></Attribute><Attribute z:Id="i41"><AttributeType>rpy</AttributeType><IsRequired>true</IsRequired><Value i:type="a:ArrayOfdouble" xmlns:a="http://schemas.microsoft.com/2003/10/Serialization/Arrays"><a:double>0</a:double><a:double>0</a:double><a:double>0</a:double></Value></Attribute></Attributes><ChildElements/><ElementName>origin</ElementName><required>false</required><RPYAttribute z:Ref="i41"/><XYZAttribute z:Ref="i40"/><isCustomized>false</isCustomized></URDFElement><URDFElement z:Id="i42" i:type="ParentLink"><Attributes><Attribute z:Id="i43"><AttributeType>link</AttributeType><IsRequired>true</IsRequired><Value i:type="a:string" xmlns:a="http://www.w3.org/2001/XMLSchema"/></Attribute></Attributes><ChildElements/><ElementName>parent</ElementName><required>true</required><NameAttribute z:Ref="i43"/></URDFElement><URDFElement z:Id="i44" i:type="ChildLink"><Attributes><Attribute z:Id="i45"><AttributeType>link</AttributeType><IsRequired>true</IsRequired><Value i:type="a:string" xmlns:a="http://www.w3.org/2001/XMLSchema"/></Attribute></Attributes><ChildElements/><ElementName>child</ElementName><required>true</required><NameAttribute z:Ref="i45"/></URDFElement><URDFElement z:Id="i46" i:type="Axis"><Attributes><Attribute z:Id="i47"><AttributeType>xyz</AttributeType><IsRequired>true</IsRequired><Value i:type="a:ArrayOfdouble" xmlns:a="http://schemas.microsoft.com/2003/10/Serialization/Arrays"><a:double>0</a:double><a:double>0</a:double><a:double>0</a:double></Value></Attribute></Attributes><ChildElements/><ElementName>axis</ElementName><required>false</required><XYZAttribute z:Ref="i47"/></URDFElement><URDFElement z:Id="i48" i:type="Limit"><Attributes><Attribute z:Id="i49"><AttributeType>lower</AttributeType><IsRequired>false</IsRequired><Value i:nil="true"/></Attribute><Attribute z:Id="i50"><AttributeType>upper</AttributeType><IsRequired>false</IsRequired><Value i:nil="true"/></Attribute><Attribute z:Id="i51"><AttributeType>effort</AttributeType><IsRequired>true</IsRequired><Value i:nil="true"/></Attribute><Attribute z:Id="i52"><AttributeType>velocity</AttributeType><IsRequired>true</IsRequired><Value i:nil="true"/></Attribute></Attributes><ChildElements/><ElementName>limit</ElementName><required>false</required><EffortAttribute z:Ref="i51"/><LowerAttribute z:Ref="i49"/><UpperAttribute z:Ref="i50"/><VelocityAttribute z:Ref="i52"/></URDFElement><URDFElement z:Id="i53" i:type="Calibration"><Attributes><Attribute z:Id="i54"><AttributeType>rising</AttributeType><IsRequired>false</IsRequired><Value i:nil="true"/></Attribute><Attribute z:Id="i55"><AttributeType>falling</AttributeType><IsRequired>false</IsRequired><Value i:nil="true"/></Attribute></Attributes><ChildElements/><ElementName>calibration</ElementName><required>false</required><FallingAttribute z:Ref="i55"/><RisingAttribute z:Ref="i54"/></URDFElement><URDFElement z:Id="i56" i:type="Dynamics"><Attributes><Attribute z:Id="i57"><AttributeType>damping</AttributeType><IsRequired>false</IsRequired><Value i:nil="true"/></Attribute><Attribute z:Id="i58"><AttributeType>friction</AttributeType><IsRequired>false</IsRequired><Value i:nil="true"/></Attribute></Attributes><ChildElements/><ElementName>dynamics</ElementName><required>false</required><DampingAttribute z:Ref="i57"/><FrictionAttribute z:Ref="i58"/></URDFElement><URDFElement z:Id="i59" i:type="SafetyController"><Attributes><Attribute z:Id="i60"><AttributeType>soft_upper_limit</AttributeType><IsRequired>false</IsRequired><Value i:nil="true"/></Attribute><Attribute z:Id="i61"><AttributeType>soft_lower_limit</AttributeType><IsRequired>false</IsRequired><Value i:nil="true"/></Attribute><Attribute z:Id="i62"><AttributeType>k_position</AttributeType><IsRequired>false</IsRequired><Value i:nil="true"/></Attribute><Attribute z:Id="i63"><AttributeType>k_velocity</AttributeType><IsRequired>true</IsRequired><Value i:nil="true"/></Attribute></Attributes><ChildElements/><ElementName>safety_controller</ElementName><required>false</required><KPositionAttribute z:Ref="i62"/><KVelocityAttribute z:Ref="i63"/><SoftLowerAttribute z:Ref="i61"/><SoftUpperAttribute z:Ref="i60"/></URDFElement><URDFElement z:Id="i64" i:type="Mimic"><Attributes><Attribute z:Id="i65"><AttributeType>joint</AttributeType><IsRequired>true</IsRequired><Value i:nil="true"/></Attribute><Attribute z:Id="i66"><AttributeType>multiplier</AttributeType><IsRequired>false</IsRequired><Value i:nil="true"/></Attribute><Attribute z:Id="i67"><AttributeType>offset</AttributeType><IsRequired>false</IsRequired><Value i:nil="true"/></Attribute></Attributes><ChildElements/><ElementName>mimic</ElementName><required>false</required><JointNameAttribute z:Ref="i65"/><MultiplierAttribute z:Ref="i66"/><OffsetAttribute z:Ref="i67"/></URDFElement></ChildElements><ElementName>joint</ElementName><required>false</required><Axis z:Ref="i46"/><AxisName/><Calibration z:Ref="i53"/><Child z:Ref="i44"/><CoordinateSystemName>base_link</CoordinateSystemName><Dynamics z:Ref="i56"/><Limit z:Ref="i48"/><Mimic z:Ref="i64"/><NameAttribute z:Ref="i37"/><Origin z:Ref="i39"/><Parent z:Ref="i42"/><Safety z:Ref="i59"/><TypeAttribute z:Ref="i38"/></URDFElement></ChildElements><ElementName>link</ElementName><required>true</required><Children><Link z:Id="i68"><Attributes><Attribute z:Id="i69"><AttributeType>name</AttributeType><IsRequired>true</IsRequired><Value i:type="a:string" xmlns:a="http://www.w3.org/2001/XMLSchema">linnk1</Value></Attribute></Attributes><ChildElements><URDFElement z:Id="i70" i:type="Inertial"><Attributes/><ChildElements><URDFElement z:Id="i71" i:type="Origin"><Attributes><Attribute z:Id="i72"><AttributeType>xyz</AttributeType><IsRequired>true</IsRequired><Value i:type="a:ArrayOfdouble" xmlns:a="http://schemas.microsoft.com/2003/10/Serialization/Arrays"><a:double>0</a:double><a:double>0</a:double><a:double>0</a:double></Value></Attribute><Attribute z:Id="i73"><AttributeType>rpy</AttributeType><IsRequired>true</IsRequired><Value i:type="a:ArrayOfdouble" xmlns:a="http://schemas.microsoft.com/2003/10/Serialization/Arrays"><a:double>0</a:double><a:double>0</a:double><a:double>0</a:double></Value></Attribute></Attributes><ChildElements/><ElementName>origin</ElementName><required>false</required><RPYAttribute z:Ref="i73"/><XYZAttribute z:Ref="i72"/><isCustomized>false</isCustomized></URDFElement><URDFElement z:Id="i74" i:type="Mass"><Attributes><Attribute z:Id="i75"><AttributeType>value</AttributeType><IsRequired>true</IsRequired><Value i:type="a:double" xmlns:a="http://www.w3.org/2001/XMLSchema">0</Value></Attribute></Attributes><ChildElements/><ElementName>mass</ElementName><required>false</required><ValueAttribute z:Ref="i75"/></URDFElement><URDFElement z:Id="i76" i:type="Inertia"><Attributes><Attribute z:Id="i77"><AttributeType>ixx</AttributeType><IsRequired>true</IsRequired><Value i:type="a:double" xmlns:a="http://www.w3.org/2001/XMLSchema">0</Value></Attribute><Attribute z:Id="i78"><AttributeType>ixy</AttributeType><IsRequired>true</IsRequired><Value i:type="a:double" xmlns:a="http://www.w3.org/2001/XMLSchema">0</Value></Attribute><Attribute z:Id="i79"><AttributeType>ixz</AttributeType><IsRequired>true</IsRequired><Value i:type="a:double" xmlns:a="http://www.w3.org/2001/XMLSchema">0</Value></Attribute><Attribute z:Id="i80"><AttributeType>iyy</AttributeType><IsRequired>true</IsRequired><Value i:type="a:double" xmlns:a="http://www.w3.org/2001/XMLSchema">0</Value></Attribute><Attribute z:Id="i81"><AttributeType>iyz</AttributeType><IsRequired>true</IsRequired><Value i:type="a:double" xmlns:a="http://www.w3.org/2001/XMLSchema">0</Value></Attribute><Attribute z:Id="i82"><AttributeType>izz</AttributeType><IsRequired>true</IsRequired><Value i:type="a:double" xmlns:a="http://www.w3.org/2001/XMLSchema">0</Value></Attribute></Attributes><ChildElements/><ElementName>inertia</ElementName><required>false</required><IxxAttribute z:Ref="i77"/><IxyAttribute z:Ref="i78"/><IxzAttribute z:Ref="i79"/><IyyAttribute z:Ref="i80"/><IyzAttribute z:Ref="i81"/><IzzAttribute z:Ref="i82"/></URDFElement></ChildElements><ElementName>inertial</ElementName><required>false</required><Inertia z:Ref="i76"/><Mass z:Ref="i74"/><Origin z:Ref="i71"/></URDFElement><URDFElement z:Id="i83" i:type="Visual"><Attributes/><ChildElements><URDFElement z:Id="i84" i:type="Origin"><Attributes><Attribute z:Id="i85"><AttributeType>xyz</AttributeType><IsRequired>true</IsRequired><Value i:type="a:ArrayOfdouble" xmlns:a="http://schemas.microsoft.com/2003/10/Serialization/Arrays"><a:double>0</a:double><a:double>0</a:double><a:double>0</a:double></Value></Attribute><Attribute z:Id="i86"><AttributeType>rpy</AttributeType><IsRequired>true</IsRequired><Value i:type="a:ArrayOfdouble" xmlns:a="http://schemas.microsoft.com/2003/10/Serialization/Arrays"><a:double>0</a:double><a:double>0</a:double><a:double>0</a:double></Value></Attribute></Attributes><ChildElements/><ElementName>origin</ElementName><required>false</required><RPYAttribute z:Ref="i86"/><XYZAttribute z:Ref="i85"/><isCustomized>false</isCustomized></URDFElement><URDFElement z:Id="i87" i:type="Geometry"><Attributes/><ChildElements><URDFElement z:Id="i88" i:type="Mesh"><Attributes><Attribute z:Id="i89"><AttributeType>filename</AttributeType><IsRequired>true</IsRequired><Value i:nil="true"/></Attribute></Attributes><ChildElements/><ElementName>mesh</ElementName><required>false</required><FilenameAttribute z:Ref="i89"/></URDFElement></ChildElements><ElementName>geometry</ElementName><required>true</required><Mesh z:Ref="i88"/></URDFElement><URDFElement z:Id="i90" i:type="Material"><Attributes><Attribute z:Id="i91"><AttributeType>name</AttributeType><IsRequired>true</IsRequired><Value i:type="a:string" xmlns:a="http://www.w3.org/2001/XMLSchema"/></Attribute></Attributes><ChildElements><URDFElement z:Id="i92" i:type="Color"><Attributes><Attribute z:Id="i93"><AttributeType>rgba</AttributeType><IsRequired>true</IsRequired><Value i:type="a:ArrayOfdouble" xmlns:a="http://schemas.microsoft.com/2003/10/Serialization/Arrays"><a:double>1</a:double><a:double>1</a:double><a:double>1</a:double><a:double>1</a:double></Value></Attribute></Attributes><ChildElements/><ElementName>color</ElementName><required>false</required><RGBAAttribute z:Ref="i93"/></URDFElement><URDFElement z:Id="i94" i:type="Texture"><Attributes><Attribute z:Id="i95"><AttributeType>filename</AttributeType><IsRequired>true</IsRequired><Value i:nil="true"/></Attribute></Attributes><ChildElements/><ElementName>texture</ElementName><required>false</required><FilenameAttribute z:Ref="i95"/><wFilename/></URDFElement></ChildElements><ElementName>material</ElementName><required>false</required><Color z:Ref="i92"/><NameAttribute z:Ref="i91"/><Texture z:Ref="i94"/></URDFElement></ChildElements><ElementName>visual</ElementName><required>false</required><Geometry z:Ref="i87"/><Material z:Ref="i90"/><Origin z:Ref="i84"/></URDFElement><URDFElement z:Id="i96" i:type="Collision"><Attributes/><ChildElements><URDFElement z:Id="i97" i:type="Origin"><Attributes><Attribute z:Id="i98"><AttributeType>xyz</AttributeType><IsRequired>true</IsRequired><Value i:type="a:ArrayOfdouble" xmlns:a="http://schemas.microsoft.com/2003/10/Serialization/Arrays"><a:double>0</a:double><a:double>0</a:double><a:double>0</a:double></Value></Attribute><Attribute z:Id="i99"><AttributeType>rpy</AttributeType><IsRequired>true</IsRequired><Value i:type="a:ArrayOfdouble" xmlns:a="http://schemas.microsoft.com/2003/10/Serialization/Arrays"><a:double>0</a:double><a:double>0</a:double><a:double>0</a:double></Value></Attribute></Attributes><ChildElements/><ElementName>origin</ElementName><required>false</required><RPYAttribute z:Ref="i99"/><XYZAttribute z:Ref="i98"/><isCustomized>false</isCustomized></URDFElement><URDFElement z:Id="i100" i:type="Geometry"><Attributes/><ChildElements><URDFElement z:Id="i101" i:type="Mesh"><Attributes><Attribute z:Id="i102"><AttributeType>filename</AttributeType><IsRequired>true</IsRequired><Value i:nil="true"/></Attribute></Attributes><ChildElements/><ElementName>mesh</ElementName><required>false</required><FilenameAttribute z:Ref="i102"/></URDFElement></ChildElements><ElementName>geometry</ElementName><required>true</required><Mesh z:Ref="i101"/></URDFElement></ChildElements><ElementName>collision</ElementName><required>false</required><Geometry z:Ref="i100"/><Origin z:Ref="i97"/></URDFElement><URDFElement z:Id="i103" i:type="Joint"><Attributes><Attribute z:Id="i104"><AttributeType>name</AttributeType><IsRequired>true</IsRequired><Value i:type="a:string" xmlns:a="http://www.w3.org/2001/XMLSchema">front_left_wheel_joint</Value></Attribute><Attribute z:Id="i105"><AttributeType>type</AttributeType><IsRequired>true</IsRequired><Value i:type="a:string" xmlns:a="http://www.w3.org/2001/XMLSchema">continuous</Value></Attribute></Attributes><ChildElements><URDFElement z:Id="i106" i:type="Origin"><Attributes><Attribute z:Id="i107"><AttributeType>xyz</AttributeType><IsRequired>true</IsRequired><Value i:type="a:ArrayOfdouble" xmlns:a="http://schemas.microsoft.com/2003/10/Serialization/Arrays"><a:double>0</a:double><a:double>0</a:double><a:double>0</a:double></Value></Attribute><Attribute z:Id="i108"><AttributeType>rpy</AttributeType><IsRequired>true</IsRequired><Value i:type="a:ArrayOfdouble" xmlns:a="http://schemas.microsoft.com/2003/10/Serialization/Arrays"><a:double>0</a:double><a:double>0</a:double><a:double>0</a:double></Value></Attribute></Attributes><ChildElements/><ElementName>origin</ElementName><required>false</required><RPYAttribute z:Ref="i108"/><XYZAttribute z:Ref="i107"/><isCustomized>false</isCustomized></URDFElement><URDFElement z:Id="i109" i:type="ParentLink"><Attributes><Attribute z:Id="i110"><AttributeType>link</AttributeType><IsRequired>true</IsRequired><Value i:type="a:string" xmlns:a="http://www.w3.org/2001/XMLSchema"/></Attribute></Attributes><ChildElements/><ElementName>parent</ElementName><required>true</required><NameAttribute z:Ref="i110"/></URDFElement><URDFElement z:Id="i111" i:type="ChildLink"><Attributes><Attribute z:Id="i112"><AttributeType>link</AttributeType><IsRequired>true</IsRequired><Value i:type="a:string" xmlns:a="http://www.w3.org/2001/XMLSchema"/></Attribute></Attributes><ChildElements/><ElementName>child</ElementName><required>true</required><NameAttribute z:Ref="i112"/></URDFElement><URDFElement z:Id="i113" i:type="Axis"><Attributes><Attribute z:Id="i114"><AttributeType>xyz</AttributeType><IsRequired>true</IsRequired><Value i:type="a:ArrayOfdouble" xmlns:a="http://schemas.microsoft.com/2003/10/Serialization/Arrays"><a:double>0</a:double><a:double>0</a:double><a:double>0</a:double></Value></Attribute></Attributes><ChildElements/><ElementName>axis</ElementName><required>false</required><XYZAttribute z:Ref="i114"/></URDFElement><URDFElement z:Id="i115" i:type="Limit"><Attributes><Attribute z:Id="i116"><AttributeType>lower</AttributeType><IsRequired>false</IsRequired><Value i:nil="true"/></Attribute><Attribute z:Id="i117"><AttributeType>upper</AttributeType><IsRequired>false</IsRequired><Value i:nil="true"/></Attribute><Attribute z:Id="i118"><AttributeType>effort</AttributeType><IsRequired>true</IsRequired><Value i:nil="true"/></Attribute><Attribute z:Id="i119"><AttributeType>velocity</AttributeType><IsRequired>true</IsRequired><Value i:nil="true"/></Attribute></Attributes><ChildElements/><ElementName>limit</ElementName><required>false</required><EffortAttribute z:Ref="i118"/><LowerAttribute z:Ref="i116"/><UpperAttribute z:Ref="i117"/><VelocityAttribute z:Ref="i119"/></URDFElement><URDFElement z:Id="i120" i:type="Calibration"><Attributes><Attribute z:Id="i121"><AttributeType>rising</AttributeType><IsRequired>false</IsRequired><Value i:nil="true"/></Attribute><Attribute z:Id="i122"><AttributeType>falling</AttributeType><IsRequired>false</IsRequired><Value i:nil="true"/></Attribute></Attributes><ChildElements/><ElementName>calibration</ElementName><required>false</required><FallingAttribute z:Ref="i122"/><RisingAttribute z:Ref="i121"/></URDFElement><URDFElement z:Id="i123" i:type="Dynamics"><Attributes><Attribute z:Id="i124"><AttributeType>damping</AttributeType><IsRequired>false</IsRequired><Value i:nil="true"/></Attribute><Attribute z:Id="i125"><AttributeType>friction</AttributeType><IsRequired>false</IsRequired><Value i:nil="true"/></Attribute></Attributes><ChildElements/><ElementName>dynamics</ElementName><required>false</required><DampingAttribute z:Ref="i124"/><FrictionAttribute z:Ref="i125"/></URDFElement><URDFElement z:Id="i126" i:type="SafetyController"><Attributes><Attribute z:Id="i127"><AttributeType>soft_upper_limit</AttributeType><IsRequired>false</IsRequired><Value i:nil="true"/></Attribute><Attribute z:Id="i128"><AttributeType>soft_lower_limit</AttributeType><IsRequired>false</IsRequired><Value i:nil="true"/></Attribute><Attribute z:Id="i129"><AttributeType>k_position</AttributeType><IsRequired>false</IsRequired><Value i:nil="true"/></Attribute><Attribute z:Id="i130"><AttributeType>k_velocity</AttributeType><IsRequired>true</IsRequired><Value i:nil="true"/></Attribute></Attributes><ChildElements/><ElementName>safety_controller</ElementName><required>false</required><KPositionAttribute z:Ref="i129"/><KVelocityAttribute z:Ref="i130"/><SoftLowerAttribute z:Ref="i128"/><SoftUpperAttribute z:Ref="i127"/></URDFElement><URDFElement z:Id="i131" i:type="Mimic"><Attributes><Attribute z:Id="i132"><AttributeType>joint</AttributeType><IsRequired>true</IsRequired><Value i:nil="true"/></Attribute><Attribute z:Id="i133"><AttributeType>multiplier</AttributeType><IsRequired>false</IsRequired><Value i:nil="true"/></Attribute><Attribute z:Id="i134"><AttributeType>offset</AttributeType><IsRequired>false</IsRequired><Value i:nil="true"/></Attribute></Attributes><ChildElements/><ElementName>mimic</ElementName><required>false</required><JointNameAttribute z:Ref="i132"/><MultiplierAttribute z:Ref="i133"/><OffsetAttribute z:Ref="i134"/></URDFElement></ChildElements><ElementName>joint</ElementName><required>false</required><Axis z:Ref="i113"/><AxisName>front_left_wheel_axis</AxisName><Calibration z:Ref="i120"/><Child z:Ref="i111"/><CoordinateSystemName>base_link</CoordinateSystemName><Dynamics z:Ref="i123"/><Limit z:Ref="i115"/><Mimic z:Ref="i131"/><NameAttribute z:Ref="i104"/><Origin z:Ref="i106"/><Parent z:Ref="i109"/><Safety z:Ref="i126"/><TypeAttribute z:Ref="i105"/></URDFElement></ChildElements><ElementName>link</ElementName><required>true</required><Children/><Collision z:Ref="i96"/><Inertial z:Ref="i70"/><Joint z:Ref="i103"/><NameAttribute z:Ref="i69"/><Parent z:Ref="i1"/><STLQualityFine>false</STLQualityFine><SWComponentPIDs xmlns:a="http://schemas.microsoft.com/2003/10/Serialization/Arrays"><a:base64Binary>mDoAAAUAAAD//v9mTwBtAG4AaQBfAFcAaABlAGUAbABfADEAMgBtAG0AXwBIAGUAeABfAE0AbwBkADEALQAxAEAAVQBpAFIAUwAuADEAIAAtACAATwBiAGoAZQBjAHQAIABUAHIAYQBuAHMAcABvAHQAIABSAG8AYgBvAHQAIABBAHIAbQAvAE8AbQBuAGkAIAB3AGgAZQBlAGwAIAB2ADkALQAxAEAATwBtAG4AaQBfAFcAaABlAGUAbABfADEAMgBtAG0AXwBIAGUAeABfAE0AbwBkADEABAAAABAAAAABAAAAAgAAADwAAAAVAAAA</a:base64Binary></SWComponentPIDs><SWMainComponentPID i:nil="true"/><Visual z:Ref="i83"/><isFixedFrame>false</isFixedFrame><isIncomplete>false</isIncomplete></Link><Link z:Id="i135"><Attributes><Attribute z:Id="i136"><AttributeType>name</AttributeType><IsRequired>true</IsRequired><Value i:type="a:string" xmlns:a="http://www.w3.org/2001/XMLSchema">link2</Value></Attribute></Attributes><ChildElements><URDFElement z:Id="i137" i:type="Inertial"><Attributes/><ChildElements><URDFElement z:Id="i138" i:type="Origin"><Attributes><Attribute z:Id="i139"><AttributeType>xyz</AttributeType><IsRequired>true</IsRequired><Value i:type="a:ArrayOfdouble" xmlns:a="http://schemas.microsoft.com/2003/10/Serialization/Arrays"><a:double>0</a:double><a:double>0</a:double><a:double>0</a:double></Value></Attribute><Attribute z:Id="i140"><AttributeType>rpy</AttributeType><IsRequired>true</IsRequired><Value i:type="a:ArrayOfdouble" xmlns:a="http://schemas.microsoft.com/2003/10/Serialization/Arrays"><a:double>0</a:double><a:double>0</a:double><a:double>0</a:double></Value></Attribute></Attributes><ChildElements/><ElementName>origin</ElementName><required>false</required><RPYAttribute z:Ref="i140"/><XYZAttribute z:Ref="i139"/><isCustomized>false</isCustomized></URDFElement><URDFElement z:Id="i141" i:type="Mass"><Attributes><Attribute z:Id="i142"><AttributeType>value</AttributeType><IsRequired>true</IsRequired><Value i:type="a:double" xmlns:a="http://www.w3.org/2001/XMLSchema">0</Value></Attribute></Attributes><ChildElements/><ElementName>mass</ElementName><required>false</required><ValueAttribute z:Ref="i142"/></URDFElement><URDFElement z:Id="i143" i:type="Inertia"><Attributes><Attribute z:Id="i144"><AttributeType>ixx</AttributeType><IsRequired>true</IsRequired><Value i:type="a:double" xmlns:a="http://www.w3.org/2001/XMLSchema">0</Value></Attribute><Attribute z:Id="i145"><AttributeType>ixy</AttributeType><IsRequired>true</IsRequired><Value i:type="a:double" xmlns:a="http://www.w3.org/2001/XMLSchema">0</Value></Attribute><Attribute z:Id="i146"><AttributeType>ixz</AttributeType><IsRequired>true</IsRequired><Value i:type="a:double" xmlns:a="http://www.w3.org/2001/XMLSchema">0</Value></Attribute><Attribute z:Id="i147"><AttributeType>iyy</AttributeType><IsRequired>true</IsRequired><Value i:type="a:double" xmlns:a="http://www.w3.org/2001/XMLSchema">0</Value></Attribute><Attribute z:Id="i148"><AttributeType>iyz</AttributeType><IsRequired>true</IsRequired><Value i:type="a:double" xmlns:a="http://www.w3.org/2001/XMLSchema">0</Value></Attribute><Attribute z:Id="i149"><AttributeType>izz</AttributeType><IsRequired>true</IsRequired><Value i:type="a:double" xmlns:a="http://www.w3.org/2001/XMLSchema">0</Value></Attribute></Attributes><ChildElements/><ElementName>inertia</ElementName><required>false</required><IxxAttribute z:Ref="i144"/><IxyAttribute z:Ref="i145"/><IxzAttribute z:Ref="i146"/><IyyAttribute z:Ref="i147"/><IyzAttribute z:Ref="i148"/><IzzAttribute z:Ref="i149"/></URDFElement></ChildElements><ElementName>inertial</ElementName><required>false</required><Inertia z:Ref="i143"/><Mass z:Ref="i141"/><Origin z:Ref="i138"/></URDFElement><URDFElement z:Id="i150" i:type="Visual"><Attributes/><ChildElements><URDFElement z:Id="i151" i:type="Origin"><Attributes><Attribute z:Id="i152"><AttributeType>xyz</AttributeType><IsRequired>true</IsRequired><Value i:type="a:ArrayOfdouble" xmlns:a="http://schemas.microsoft.com/2003/10/Serialization/Arrays"><a:double>0</a:double><a:double>0</a:double><a:double>0</a:double></Value></Attribute><Attribute z:Id="i153"><AttributeType>rpy</AttributeType><IsRequired>true</IsRequired><Value i:type="a:ArrayOfdouble" xmlns:a="http://schemas.microsoft.com/2003/10/Serialization/Arrays"><a:double>0</a:double><a:double>0</a:double><a:double>0</a:double></Value></Attribute></Attributes><ChildElements/><ElementName>origin</ElementName><required>false</required><RPYAttribute z:Ref="i153"/><XYZAttribute z:Ref="i152"/><isCustomized>false</isCustomized></URDFElement><URDFElement z:Id="i154" i:type="Geometry"><Attributes/><ChildElements><URDFElement z:Id="i155" i:type="Mesh"><Attributes><Attribute z:Id="i156"><AttributeType>filename</AttributeType><IsRequired>true</IsRequired><Value i:nil="true"/></Attribute></Attributes><ChildElements/><ElementName>mesh</ElementName><required>false</required><FilenameAttribute z:Ref="i156"/></URDFElement></ChildElements><ElementName>geometry</ElementName><required>true</required><Mesh z:Ref="i155"/></URDFElement><URDFElement z:Id="i157" i:type="Material"><Attributes><Attribute z:Id="i158"><AttributeType>name</AttributeType><IsRequired>true</IsRequired><Value i:type="a:string" xmlns:a="http://www.w3.org/2001/XMLSchema"/></Attribute></Attributes><ChildElements><URDFElement z:Id="i159" i:type="Color"><Attributes><Attribute z:Id="i160"><AttributeType>rgba</AttributeType><IsRequired>true</IsRequired><Value i:type="a:ArrayOfdouble" xmlns:a="http://schemas.microsoft.com/2003/10/Serialization/Arrays"><a:double>1</a:double><a:double>1</a:double><a:double>1</a:double><a:double>1</a:double></Value></Attribute></Attributes><ChildElements/><ElementName>color</ElementName><required>false</required><RGBAAttribute z:Ref="i160"/></URDFElement><URDFElement z:Id="i161" i:type="Texture"><Attributes><Attribute z:Id="i162"><AttributeType>filename</AttributeType><IsRequired>true</IsRequired><Value i:nil="true"/></Attribute></Attributes><ChildElements/><ElementName>texture</ElementName><required>false</required><FilenameAttribute z:Ref="i162"/><wFilename/></URDFElement></ChildElements><ElementName>material</ElementName><required>false</required><Color z:Ref="i159"/><NameAttribute z:Ref="i158"/><Texture z:Ref="i161"/></URDFElement></ChildElements><ElementName>visual</ElementName><required>false</required><Geometry z:Ref="i154"/><Material z:Ref="i157"/><Origin z:Ref="i151"/></URDFElement><URDFElement z:Id="i163" i:type="Collision"><Attributes/><ChildElements><URDFElement z:Id="i164" i:type="Origin"><Attributes><Attribute z:Id="i165"><AttributeType>xyz</AttributeType><IsRequired>true</IsRequired><Value i:type="a:ArrayOfdouble" xmlns:a="http://schemas.microsoft.com/2003/10/Serialization/Arrays"><a:double>0</a:double><a:double>0</a:double><a:double>0</a:double></Value></Attribute><Attribute z:Id="i166"><AttributeType>rpy</AttributeType><IsRequired>true</IsRequired><Value i:type="a:ArrayOfdouble" xmlns:a="http://schemas.microsoft.com/2003/10/Serialization/Arrays"><a:double>0</a:double><a:double>0</a:double><a:double>0</a:double></Value></Attribute></Attributes><ChildElements/><ElementName>origin</ElementName><required>false</required><RPYAttribute z:Ref="i166"/><XYZAttribute z:Ref="i165"/><isCustomized>false</isCustomized></URDFElement><URDFElement z:Id="i167" i:type="Geometry"><Attributes/><ChildElements><URDFElement z:Id="i168" i:type="Mesh"><Attributes><Attribute z:Id="i169"><AttributeType>filename</AttributeType><IsRequired>true</IsRequired><Value i:nil="true"/></Attribute></Attributes><ChildElements/><ElementName>mesh</ElementName><required>false</required><FilenameAttribute z:Ref="i169"/></URDFElement></ChildElements><ElementName>geometry</ElementName><required>true</required><Mesh z:Ref="i168"/></URDFElement></ChildElements><ElementName>collision</ElementName><required>false</required><Geometry z:Ref="i167"/><Origin z:Ref="i164"/></URDFElement><URDFElement z:Id="i170" i:type="Joint"><Attributes><Attribute z:Id="i171"><AttributeType>name</AttributeType><IsRequired>true</IsRequired><Value i:type="a:string" xmlns:a="http://www.w3.org/2001/XMLSchema">back_left_wheel_joint</Value></Attribute><Attribute z:Id="i172"><AttributeType>type</AttributeType><IsRequired>true</IsRequired><Value i:type="a:string" xmlns:a="http://www.w3.org/2001/XMLSchema">continuous</Value></Attribute></Attributes><ChildElements><URDFElement z:Id="i173" i:type="Origin"><Attributes><Attribute z:Id="i174"><AttributeType>xyz</AttributeType><IsRequired>true</IsRequired><Value i:type="a:ArrayOfdouble" xmlns:a="http://schemas.microsoft.com/2003/10/Serialization/Arrays"><a:double>0</a:double><a:double>0</a:double><a:double>0</a:double></Value></Attribute><Attribute z:Id="i175"><AttributeType>rpy</AttributeType><IsRequired>true</IsRequired><Value i:type="a:ArrayOfdouble" xmlns:a="http://schemas.microsoft.com/2003/10/Serialization/Arrays"><a:double>0</a:double><a:double>0</a:double><a:double>0</a:double></Value></Attribute></Attributes><ChildElements/><ElementName>origin</ElementName><required>false</required><RPYAttribute z:Ref="i175"/><XYZAttribute z:Ref="i174"/><isCustomized>false</isCustomized></URDFElement><URDFElement z:Id="i176" i:type="ParentLink"><Attributes><Attribute z:Id="i177"><AttributeType>link</AttributeType><IsRequired>true</IsRequired><Value i:type="a:string" xmlns:a="http://www.w3.org/2001/XMLSchema"/></Attribute></Attributes><ChildElements/><ElementName>parent</ElementName><required>true</required><NameAttribute z:Ref="i177"/></URDFElement><URDFElement z:Id="i178" i:type="ChildLink"><Attributes><Attribute z:Id="i179"><AttributeType>link</AttributeType><IsRequired>true</IsRequired><Value i:type="a:string" xmlns:a="http://www.w3.org/2001/XMLSchema"/></Attribute></Attributes><ChildElements/><ElementName>child</ElementName><required>true</required><NameAttribute z:Ref="i179"/></URDFElement><URDFElement z:Id="i180" i:type="Axis"><Attributes><Attribute z:Id="i181"><AttributeType>xyz</AttributeType><IsRequired>true</IsRequired><Value i:type="a:ArrayOfdouble" xmlns:a="http://schemas.microsoft.com/2003/10/Serialization/Arrays"><a:double>0</a:double><a:double>0</a:double><a:double>0</a:double></Value></Attribute></Attributes><ChildElements/><ElementName>axis</ElementName><required>false</required><XYZAttribute z:Ref="i181"/></URDFElement><URDFElement z:Id="i182" i:type="Limit"><Attributes><Attribute z:Id="i183"><AttributeType>lower</AttributeType><IsRequired>false</IsRequired><Value i:nil="true"/></Attribute><Attribute z:Id="i184"><AttributeType>upper</AttributeType><IsRequired>false</IsRequired><Value i:nil="true"/></Attribute><Attribute z:Id="i185"><AttributeType>effort</AttributeType><IsRequired>true</IsRequired><Value i:nil="true"/></Attribute><Attribute z:Id="i186"><AttributeType>velocity</AttributeType><IsRequired>true</IsRequired><Value i:nil="true"/></Attribute></Attributes><ChildElements/><ElementName>limit</ElementName><required>false</required><EffortAttribute z:Ref="i185"/><LowerAttribute z:Ref="i183"/><UpperAttribute z:Ref="i184"/><VelocityAttribute z:Ref="i186"/></URDFElement><URDFElement z:Id="i187" i:type="Calibration"><Attributes><Attribute z:Id="i188"><AttributeType>rising</AttributeType><IsRequired>false</IsRequired><Value i:nil="true"/></Attribute><Attribute z:Id="i189"><AttributeType>falling</AttributeType><IsRequired>false</IsRequired><Value i:nil="true"/></Attribute></Attributes><ChildElements/><ElementName>calibration</ElementName><required>false</required><FallingAttribute z:Ref="i189"/><RisingAttribute z:Ref="i188"/></URDFElement><URDFElement z:Id="i190" i:type="Dynamics"><Attributes><Attribute z:Id="i191"><AttributeType>damping</AttributeType><IsRequired>false</IsRequired><Value i:nil="true"/></Attribute><Attribute z:Id="i192"><AttributeType>friction</AttributeType><IsRequired>false</IsRequired><Value i:nil="true"/></Attribute></Attributes><ChildElements/><ElementName>dynamics</ElementName><required>false</required><DampingAttribute z:Ref="i191"/><FrictionAttribute z:Ref="i192"/></URDFElement><URDFElement z:Id="i193" i:type="SafetyController"><Attributes><Attribute z:Id="i194"><AttributeType>soft_upper_limit</AttributeType><IsRequired>false</IsRequired><Value i:nil="true"/></Attribute><Attribute z:Id="i195"><AttributeType>soft_lower_limit</AttributeType><IsRequired>false</IsRequired><Value i:nil="true"/></Attribute><Attribute z:Id="i196"><AttributeType>k_position</AttributeType><IsRequired>false</IsRequired><Value i:nil="true"/></Attribute><Attribute z:Id="i197"><AttributeType>k_velocity</AttributeType><IsRequired>true</IsRequired><Value i:nil="true"/></Attribute></Attributes><ChildElements/><ElementName>safety_controller</ElementName><required>false</required><KPositionAttribute z:Ref="i196"/><KVelocityAttribute z:Ref="i197"/><SoftLowerAttribute z:Ref="i195"/><SoftUpperAttribute z:Ref="i194"/></URDFElement><URDFElement z:Id="i198" i:type="Mimic"><Attributes><Attribute z:Id="i199"><AttributeType>joint</AttributeType><IsRequired>true</IsRequired><Value i:nil="true"/></Attribute><Attribute z:Id="i200"><AttributeType>multiplier</AttributeType><IsRequired>false</IsRequired><Value i:nil="true"/></Attribute><Attribute z:Id="i201"><AttributeType>offset</AttributeType><IsRequired>false</IsRequired><Value i:nil="true"/></Attribute></Attributes><ChildElements/><ElementName>mimic</ElementName><required>false</required><JointNameAttribute z:Ref="i199"/><MultiplierAttribute z:Ref="i200"/><OffsetAttribute z:Ref="i201"/></URDFElement></ChildElements><ElementName>joint</ElementName><required>false</required><Axis z:Ref="i180"/><AxisName>back_left_wheel_axis</AxisName><Calibration z:Ref="i187"/><Child z:Ref="i178"/><CoordinateSystemName>base_link</CoordinateSystemName><Dynamics z:Ref="i190"/><Limit z:Ref="i182"/><Mimic z:Ref="i198"/><NameAttribute z:Ref="i171"/><Origin z:Ref="i173"/><Parent z:Ref="i176"/><Safety z:Ref="i193"/><TypeAttribute z:Ref="i172"/></URDFElement></ChildElements><ElementName>link</ElementName><required>true</required><Children/><Collision z:Ref="i163"/><Inertial z:Ref="i137"/><Joint z:Ref="i170"/><NameAttribute z:Ref="i136"/><Parent z:Ref="i1"/><STLQualityFine>false</STLQualityFine><SWComponentPIDs xmlns:a="http://schemas.microsoft.com/2003/10/Serialization/Arrays"><a:base64Binary>mDoAAAUAAAD//v9mTwBtAG4AaQBfAFcAaABlAGUAbABfADEAMgBtAG0AXwBIAGUAeABfAE0AbwBkADEALQAyAEAAVQBpAFIAUwAuADEAIAAtACAATwBiAGoAZQBjAHQAIABUAHIAYQBuAHMAcABvAHQAIABSAG8AYgBvAHQAIABBAHIAbQAvAE8AbQBuAGkAIAB3AGgAZQBlAGwAIAB2ADkALQAxAEAATwBtAG4AaQBfAFcAaABlAGUAbABfADEAMgBtAG0AXwBIAGUAeABfAE0AbwBkADEABAAAABAAAAABAAAAAgAAAFMAAAAVAAAA</a:base64Binary></SWComponentPIDs><SWMainComponentPID i:nil="true"/><Visual z:Ref="i150"/><isFixedFrame>false</isFixedFrame><isIncomplete>false</isIncomplete></Link><Link z:Id="i202"><Attributes><Attribute z:Id="i203"><AttributeType>name</AttributeType><IsRequired>true</IsRequired><Value i:type="a:string" xmlns:a="http://www.w3.org/2001/XMLSchema">link3</Value></Attribute></Attributes><ChildElements><URDFElement z:Id="i204" i:type="Inertial"><Attributes/><ChildElements><URDFElement z:Id="i205" i:type="Origin"><Attributes><Attribute z:Id="i206"><AttributeType>xyz</AttributeType><IsRequired>true</IsRequired><Value i:type="a:ArrayOfdouble" xmlns:a="http://schemas.microsoft.com/2003/10/Serialization/Arrays"><a:double>0</a:double><a:double>0</a:double><a:double>0</a:double></Value></Attribute><Attribute z:Id="i207"><AttributeType>rpy</AttributeType><IsRequired>true</IsRequired><Value i:type="a:ArrayOfdouble" xmlns:a="http://schemas.microsoft.com/2003/10/Serialization/Arrays"><a:double>0</a:double><a:double>0</a:double><a:double>0</a:double></Value></Attribute></Attributes><ChildElements/><ElementName>origin</ElementName><required>false</required><RPYAttribute z:Ref="i207"/><XYZAttribute z:Ref="i206"/><isCustomized>false</isCustomized></URDFElement><URDFElement z:Id="i208" i:type="Mass"><Attributes><Attribute z:Id="i209"><AttributeType>value</AttributeType><IsRequired>true</IsRequired><Value i:type="a:double" xmlns:a="http://www.w3.org/2001/XMLSchema">0</Value></Attribute></Attributes><ChildElements/><ElementName>mass</ElementName><required>false</required><ValueAttribute z:Ref="i209"/></URDFElement><URDFElement z:Id="i210" i:type="Inertia"><Attributes><Attribute z:Id="i211"><AttributeType>ixx</AttributeType><IsRequired>true</IsRequired><Value i:type="a:double" xmlns:a="http://www.w3.org/2001/XMLSchema">0</Value></Attribute><Attribute z:Id="i212"><AttributeType>ixy</AttributeType><IsRequired>true</IsRequired><Value i:type="a:double" xmlns:a="http://www.w3.org/2001/XMLSchema">0</Value></Attribute><Attribute z:Id="i213"><AttributeType>ixz</AttributeType><IsRequired>true</IsRequired><Value i:type="a:double" xmlns:a="http://www.w3.org/2001/XMLSchema">0</Value></Attribute><Attribute z:Id="i214"><AttributeType>iyy</AttributeType><IsRequired>true</IsRequired><Value i:type="a:double" xmlns:a="http://www.w3.org/2001/XMLSchema">0</Value></Attribute><Attribute z:Id="i215"><AttributeType>iyz</AttributeType><IsRequired>true</IsRequired><Value i:type="a:double" xmlns:a="http://www.w3.org/2001/XMLSchema">0</Value></Attribute><Attribute z:Id="i216"><AttributeType>izz</AttributeType><IsRequired>true</IsRequired><Value i:type="a:double" xmlns:a="http://www.w3.org/2001/XMLSchema">0</Value></Attribute></Attributes><ChildElements/><ElementName>inertia</ElementName><required>false</required><IxxAttribute z:Ref="i211"/><IxyAttribute z:Ref="i212"/><IxzAttribute z:Ref="i213"/><IyyAttribute z:Ref="i214"/><IyzAttribute z:Ref="i215"/><IzzAttribute z:Ref="i216"/></URDFElement></ChildElements><ElementName>inertial</ElementName><required>false</required><Inertia z:Ref="i210"/><Mass z:Ref="i208"/><Origin z:Ref="i205"/></URDFElement><URDFElement z:Id="i217" i:type="Visual"><Attributes/><ChildElements><URDFElement z:Id="i218" i:type="Origin"><Attributes><Attribute z:Id="i219"><AttributeType>xyz</AttributeType><IsRequired>true</IsRequired><Value i:type="a:ArrayOfdouble" xmlns:a="http://schemas.microsoft.com/2003/10/Serialization/Arrays"><a:double>0</a:double><a:double>0</a:double><a:double>0</a:double></Value></Attribute><Attribute z:Id="i220"><AttributeType>rpy</AttributeType><IsRequired>true</IsRequired><Value i:type="a:ArrayOfdouble" xmlns:a="http://schemas.microsoft.com/2003/10/Serialization/Arrays"><a:double>0</a:double><a:double>0</a:double><a:double>0</a:double></Value></Attribute></Attributes><ChildElements/><ElementName>origin</ElementName><required>false</required><RPYAttribute z:Ref="i220"/><XYZAttribute z:Ref="i219"/><isCustomized>false</isCustomized></URDFElement><URDFElement z:Id="i221" i:type="Geometry"><Attributes/><ChildElements><URDFElement z:Id="i222" i:type="Mesh"><Attributes><Attribute z:Id="i223"><AttributeType>filename</AttributeType><IsRequired>true</IsRequired><Value i:nil="true"/></Attribute></Attributes><ChildElements/><ElementName>mesh</ElementName><required>false</required><FilenameAttribute z:Ref="i223"/></URDFElement></ChildElements><ElementName>geometry</ElementName><required>true</required><Mesh z:Ref="i222"/></URDFElement><URDFElement z:Id="i224" i:type="Material"><Attributes><Attribute z:Id="i225"><AttributeType>name</AttributeType><IsRequired>true</IsRequired><Value i:type="a:string" xmlns:a="http://www.w3.org/2001/XMLSchema"/></Attribute></Attributes><ChildElements><URDFElement z:Id="i226" i:type="Color"><Attributes><Attribute z:Id="i227"><AttributeType>rgba</AttributeType><IsRequired>true</IsRequired><Value i:type="a:ArrayOfdouble" xmlns:a="http://schemas.microsoft.com/2003/10/Serialization/Arrays"><a:double>1</a:double><a:double>1</a:double><a:double>1</a:double><a:double>1</a:double></Value></Attribute></Attributes><ChildElements/><ElementName>color</ElementName><required>false</required><RGBAAttribute z:Ref="i227"/></URDFElement><URDFElement z:Id="i228" i:type="Texture"><Attributes><Attribute z:Id="i229"><AttributeType>filename</AttributeType><IsRequired>true</IsRequired><Value i:nil="true"/></Attribute></Attributes><ChildElements/><ElementName>texture</ElementName><required>false</required><FilenameAttribute z:Ref="i229"/><wFilename/></URDFElement></ChildElements><ElementName>material</ElementName><required>false</required><Color z:Ref="i226"/><NameAttribute z:Ref="i225"/><Texture z:Ref="i228"/></URDFElement></ChildElements><ElementName>visual</ElementName><required>false</required><Geometry z:Ref="i221"/><Material z:Ref="i224"/><Origin z:Ref="i218"/></URDFElement><URDFElement z:Id="i230" i:type="Collision"><Attributes/><ChildElements><URDFElement z:Id="i231" i:type="Origin"><Attributes><Attribute z:Id="i232"><AttributeType>xyz</AttributeType><IsRequired>true</IsRequired><Value i:type="a:ArrayOfdouble" xmlns:a="http://schemas.microsoft.com/2003/10/Serialization/Arrays"><a:double>0</a:double><a:double>0</a:double><a:double>0</a:double></Value></Attribute><Attribute z:Id="i233"><AttributeType>rpy</AttributeType><IsRequired>true</IsRequired><Value i:type="a:ArrayOfdouble" xmlns:a="http://schemas.microsoft.com/2003/10/Serialization/Arrays"><a:double>0</a:double><a:double>0</a:double><a:double>0</a:double></Value></Attribute></Attributes><ChildElements/><ElementName>origin</ElementName><required>false</required><RPYAttribute z:Ref="i233"/><XYZAttribute z:Ref="i232"/><isCustomized>false</isCustomized></URDFElement><URDFElement z:Id="i234" i:type="Geometry"><Attributes/><ChildElements><URDFElement z:Id="i235" i:type="Mesh"><Attributes><Attribute z:Id="i236"><AttributeType>filename</AttributeType><IsRequired>true</IsRequired><Value i:nil="true"/></Attribute></Attributes><ChildElements/><ElementName>mesh</ElementName><required>false</required><FilenameAttribute z:Ref="i236"/></URDFElement></ChildElements><ElementName>geometry</ElementName><required>true</required><Mesh z:Ref="i235"/></URDFElement></ChildElements><ElementName>collision</ElementName><required>false</required><Geometry z:Ref="i234"/><Origin z:Ref="i231"/></URDFElement><URDFElement z:Id="i237" i:type="Joint"><Attributes><Attribute z:Id="i238"><AttributeType>name</AttributeType><IsRequired>true</IsRequired><Value i:type="a:string" xmlns:a="http://www.w3.org/2001/XMLSchema">front_right_wheel_joint</Value></Attribute><Attribute z:Id="i239"><AttributeType>type</AttributeType><IsRequired>true</IsRequired><Value i:type="a:string" xmlns:a="http://www.w3.org/2001/XMLSchema">continuous</Value></Attribute></Attributes><ChildElements><URDFElement z:Id="i240" i:type="Origin"><Attributes><Attribute z:Id="i241"><AttributeType>xyz</AttributeType><IsRequired>true</IsRequired><Value i:type="a:ArrayOfdouble" xmlns:a="http://schemas.microsoft.com/2003/10/Serialization/Arrays"><a:double>0</a:double><a:double>0</a:double><a:double>0</a:double></Value></Attribute><Attribute z:Id="i242"><AttributeType>rpy</AttributeType><IsRequired>true</IsRequired><Value i:type="a:ArrayOfdouble" xmlns:a="http://schemas.microsoft.com/2003/10/Serialization/Arrays"><a:double>0</a:double><a:double>0</a:double><a:double>0</a:double></Value></Attribute></Attributes><ChildElements/><ElementName>origin</ElementName><required>false</required><RPYAttribute z:Ref="i242"/><XYZAttribute z:Ref="i241"/><isCustomized>false</isCustomized></URDFElement><URDFElement z:Id="i243" i:type="ParentLink"><Attributes><Attribute z:Id="i244"><AttributeType>link</AttributeType><IsRequired>true</IsRequired><Value i:type="a:string" xmlns:a="http://www.w3.org/2001/XMLSchema"/></Attribute></Attributes><ChildElements/><ElementName>parent</ElementName><required>true</required><NameAttribute z:Ref="i244"/></URDFElement><URDFElement z:Id="i245" i:type="ChildLink"><Attributes><Attribute z:Id="i246"><AttributeType>link</AttributeType><IsRequired>true</IsRequired><Value i:type="a:string" xmlns:a="http://www.w3.org/2001/XMLSchema"/></Attribute></Attributes><ChildElements/><ElementName>child</ElementName><required>true</required><NameAttribute z:Ref="i246"/></URDFElement><URDFElement z:Id="i247" i:type="Axis"><Attributes><Attribute z:Id="i248"><AttributeType>xyz</AttributeType><IsRequired>true</IsRequired><Value i:type="a:ArrayOfdouble" xmlns:a="http://schemas.microsoft.com/2003/10/Serialization/Arrays"><a:double>0</a:double><a:double>0</a:double><a:double>0</a:double></Value></Attribute></Attributes><ChildElements/><ElementName>axis</ElementName><required>false</required><XYZAttribute z:Ref="i248"/></URDFElement><URDFElement z:Id="i249" i:type="Limit"><Attributes><Attribute z:Id="i250"><AttributeType>lower</AttributeType><IsRequired>false</IsRequired><Value i:nil="true"/></Attribute><Attribute z:Id="i251"><AttributeType>upper</AttributeType><IsRequired>false</IsRequired><Value i:nil="true"/></Attribute><Attribute z:Id="i252"><AttributeType>effort</AttributeType><IsRequired>true</IsRequired><Value i:nil="true"/></Attribute><Attribute z:Id="i253"><AttributeType>velocity</AttributeType><IsRequired>true</IsRequired><Value i:nil="true"/></Attribute></Attributes><ChildElements/><ElementName>limit</ElementName><required>false</required><EffortAttribute z:Ref="i252"/><LowerAttribute z:Ref="i250"/><UpperAttribute z:Ref="i251"/><VelocityAttribute z:Ref="i253"/></URDFElement><URDFElement z:Id="i254" i:type="Calibration"><Attributes><Attribute z:Id="i255"><AttributeType>rising</AttributeType><IsRequired>false</IsRequired><Value i:nil="true"/></Attribute><Attribute z:Id="i256"><AttributeType>falling</AttributeType><IsRequired>false</IsRequired><Value i:nil="true"/></Attribute></Attributes><ChildElements/><ElementName>calibration</ElementName><required>false</required><FallingAttribute z:Ref="i256"/><RisingAttribute z:Ref="i255"/></URDFElement><URDFElement z:Id="i257" i:type="Dynamics"><Attributes><Attribute z:Id="i258"><AttributeType>damping</AttributeType><IsRequired>false</IsRequired><Value i:nil="true"/></Attribute><Attribute z:Id="i259"><AttributeType>friction</AttributeType><IsRequired>false</IsRequired><Value i:nil="true"/></Attribute></Attributes><ChildElements/><ElementName>dynamics</ElementName><required>false</required><DampingAttribute z:Ref="i258"/><FrictionAttribute z:Ref="i259"/></URDFElement><URDFElement z:Id="i260" i:type="SafetyController"><Attributes><Attribute z:Id="i261"><AttributeType>soft_upper_limit</AttributeType><IsRequired>false</IsRequired><Value i:nil="true"/></Attribute><Attribute z:Id="i262"><AttributeType>soft_lower_limit</AttributeType><IsRequired>false</IsRequired><Value i:nil="true"/></Attribute><Attribute z:Id="i263"><AttributeType>k_position</AttributeType><IsRequired>false</IsRequired><Value i:nil="true"/></Attribute><Attribute z:Id="i264"><AttributeType>k_velocity</AttributeType><IsRequired>true</IsRequired><Value i:nil="true"/></Attribute></Attributes><ChildElements/><ElementName>safety_controller</ElementName><required>false</required><KPositionAttribute z:Ref="i263"/><KVelocityAttribute z:Ref="i264"/><SoftLowerAttribute z:Ref="i262"/><SoftUpperAttribute z:Ref="i261"/></URDFElement><URDFElement z:Id="i265" i:type="Mimic"><Attributes><Attribute z:Id="i266"><AttributeType>joint</AttributeType><IsRequired>true</IsRequired><Value i:nil="true"/></Attribute><Attribute z:Id="i267"><AttributeType>multiplier</AttributeType><IsRequired>false</IsRequired><Value i:nil="true"/></Attribute><Attribute z:Id="i268"><AttributeType>offset</AttributeType><IsRequired>false</IsRequired><Value i:nil="true"/></Attribute></Attributes><ChildElements/><ElementName>mimic</ElementName><required>false</required><JointNameAttribute z:Ref="i266"/><MultiplierAttribute z:Ref="i267"/><OffsetAttribute z:Ref="i268"/></URDFElement></ChildElements><ElementName>joint</ElementName><required>false</required><Axis z:Ref="i247"/><AxisName>front_right_wheel_axis</AxisName><Calibration z:Ref="i254"/><Child z:Ref="i245"/><CoordinateSystemName>base_link</CoordinateSystemName><Dynamics z:Ref="i257"/><Limit z:Ref="i249"/><Mimic z:Ref="i265"/><NameAttribute z:Ref="i238"/><Origin z:Ref="i240"/><Parent z:Ref="i243"/><Safety z:Ref="i260"/><TypeAttribute z:Ref="i239"/></URDFElement></ChildElements><ElementName>link</ElementName><required>true</required><Children/><Collision z:Ref="i230"/><Inertial z:Ref="i204"/><Joint z:Ref="i237"/><NameAttribute z:Ref="i203"/><Parent z:Ref="i1"/><STLQualityFine>false</STLQualityFine><SWComponentPIDs xmlns:a="http://schemas.microsoft.com/2003/10/Serialization/Arrays"><a:base64Binary>mDoAAAUAAAD//v9mTwBtAG4AaQBfAFcAaABlAGUAbABfADEAMgBtAG0AXwBIAGUAeABfAE0AbwBkADEALQA0AEAAVQBpAFIAUwAuADEAIAAtACAATwBiAGoAZQBjAHQAIABUAHIAYQBuAHMAcABvAHQAIABSAG8AYgBvAHQAIABBAHIAbQAvAE8AbQBuAGkAIAB3AGgAZQBlAGwAIAB2ADkALQAxAEAATwBtAG4AaQBfAFcAaABlAGUAbABfADEAMgBtAG0AXwBIAGUAeABfAE0AbwBkADEABAAAABAAAAABAAAAAgAAAG8AAAAVAAAA</a:base64Binary></SWComponentPIDs><SWMainComponentPID i:nil="true"/><Visual z:Ref="i217"/><isFixedFrame>false</isFixedFrame><isIncomplete>false</isIncomplete></Link><Link z:Id="i269"><Attributes><Attribute z:Id="i270"><AttributeType>name</AttributeType><IsRequired>true</IsRequired><Value i:type="a:string" xmlns:a="http://www.w3.org/2001/XMLSchema">link4</Value></Attribute></Attributes><ChildElements><URDFElement z:Id="i271" i:type="Inertial"><Attributes/><ChildElements><URDFElement z:Id="i272" i:type="Origin"><Attributes><Attribute z:Id="i273"><AttributeType>xyz</AttributeType><IsRequired>true</IsRequired><Value i:type="a:ArrayOfdouble" xmlns:a="http://schemas.microsoft.com/2003/10/Serialization/Arrays"><a:double>0</a:double><a:double>0</a:double><a:double>0</a:double></Value></Attribute><Attribute z:Id="i274"><AttributeType>rpy</AttributeType><IsRequired>true</IsRequired><Value i:type="a:ArrayOfdouble" xmlns:a="http://schemas.microsoft.com/2003/10/Serialization/Arrays"><a:double>0</a:double><a:double>0</a:double><a:double>0</a:double></Value></Attribute></Attributes><ChildElements/><ElementName>origin</ElementName><required>false</required><RPYAttribute z:Ref="i274"/><XYZAttribute z:Ref="i273"/><isCustomized>false</isCustomized></URDFElement><URDFElement z:Id="i275" i:type="Mass"><Attributes><Attribute z:Id="i276"><AttributeType>value</AttributeType><IsRequired>true</IsRequired><Value i:type="a:double" xmlns:a="http://www.w3.org/2001/XMLSchema">0</Value></Attribute></Attributes><ChildElements/><ElementName>mass</ElementName><required>false</required><ValueAttribute z:Ref="i276"/></URDFElement><URDFElement z:Id="i277" i:type="Inertia"><Attributes><Attribute z:Id="i278"><AttributeType>ixx</AttributeType><IsRequired>true</IsRequired><Value i:type="a:double" xmlns:a="http://www.w3.org/2001/XMLSchema">0</Value></Attribute><Attribute z:Id="i279"><AttributeType>ixy</AttributeType><IsRequired>true</IsRequired><Value i:type="a:double" xmlns:a="http://www.w3.org/2001/XMLSchema">0</Value></Attribute><Attribute z:Id="i280"><AttributeType>ixz</AttributeType><IsRequired>true</IsRequired><Value i:type="a:double" xmlns:a="http://www.w3.org/2001/XMLSchema">0</Value></Attribute><Attribute z:Id="i281"><AttributeType>iyy</AttributeType><IsRequired>true</IsRequired><Value i:type="a:double" xmlns:a="http://www.w3.org/2001/XMLSchema">0</Value></Attribute><Attribute z:Id="i282"><AttributeType>iyz</AttributeType><IsRequired>true</IsRequired><Value i:type="a:double" xmlns:a="http://www.w3.org/2001/XMLSchema">0</Value></Attribute><Attribute z:Id="i283"><AttributeType>izz</AttributeType><IsRequired>true</IsRequired><Value i:type="a:double" xmlns:a="http://www.w3.org/2001/XMLSchema">0</Value></Attribute></Attributes><ChildElements/><ElementName>inertia</ElementName><required>false</required><IxxAttribute z:Ref="i278"/><IxyAttribute z:Ref="i279"/><IxzAttribute z:Ref="i280"/><IyyAttribute z:Ref="i281"/><IyzAttribute z:Ref="i282"/><IzzAttribute z:Ref="i283"/></URDFElement></ChildElements><ElementName>inertial</ElementName><required>false</required><Inertia z:Ref="i277"/><Mass z:Ref="i275"/><Origin z:Ref="i272"/></URDFElement><URDFElement z:Id="i284" i:type="Visual"><Attributes/><ChildElements><URDFElement z:Id="i285" i:type="Origin"><Attributes><Attribute z:Id="i286"><AttributeType>xyz</AttributeType><IsRequired>true</IsRequired><Value i:type="a:ArrayOfdouble" xmlns:a="http://schemas.microsoft.com/2003/10/Serialization/Arrays"><a:double>0</a:double><a:double>0</a:double><a:double>0</a:double></Value></Attribute><Attribute z:Id="i287"><AttributeType>rpy</AttributeType><IsRequired>true</IsRequired><Value i:type="a:ArrayOfdouble" xmlns:a="http://schemas.microsoft.com/2003/10/Serialization/Arrays"><a:double>0</a:double><a:double>0</a:double><a:double>0</a:double></Value></Attribute></Attributes><ChildElements/><ElementName>origin</ElementName><required>false</required><RPYAttribute z:Ref="i287"/><XYZAttribute z:Ref="i286"/><isCustomized>false</isCustomized></URDFElement><URDFElement z:Id="i288" i:type="Geometry"><Attributes/><ChildElements><URDFElement z:Id="i289" i:type="Mesh"><Attributes><Attribute z:Id="i290"><AttributeType>filename</AttributeType><IsRequired>true</IsRequired><Value i:nil="true"/></Attribute></Attributes><ChildElements/><ElementName>mesh</ElementName><required>false</required><FilenameAttribute z:Ref="i290"/></URDFElement></ChildElements><ElementName>geometry</ElementName><required>true</required><Mesh z:Ref="i289"/></URDFElement><URDFElement z:Id="i291" i:type="Material"><Attributes><Attribute z:Id="i292"><AttributeType>name</AttributeType><IsRequired>true</IsRequired><Value i:type="a:string" xmlns:a="http://www.w3.org/2001/XMLSchema"/></Attribute></Attributes><ChildElements><URDFElement z:Id="i293" i:type="Color"><Attributes><Attribute z:Id="i294"><AttributeType>rgba</AttributeType><IsRequired>true</IsRequired><Value i:type="a:ArrayOfdouble" xmlns:a="http://schemas.microsoft.com/2003/10/Serialization/Arrays"><a:double>1</a:double><a:double>1</a:double><a:double>1</a:double><a:double>1</a:double></Value></Attribute></Attributes><ChildElements/><ElementName>color</ElementName><required>false</required><RGBAAttribute z:Ref="i294"/></URDFElement><URDFElement z:Id="i295" i:type="Texture"><Attributes><Attribute z:Id="i296"><AttributeType>filename</AttributeType><IsRequired>true</IsRequired><Value i:nil="true"/></Attribute></Attributes><ChildElements/><ElementName>texture</ElementName><required>false</required><FilenameAttribute z:Ref="i296"/><wFilename/></URDFElement></ChildElements><ElementName>material</ElementName><required>false</required><Color z:Ref="i293"/><NameAttribute z:Ref="i292"/><Texture z:Ref="i295"/></URDFElement></ChildElements><ElementName>visual</ElementName><required>false</required><Geometry z:Ref="i288"/><Material z:Ref="i291"/><Origin z:Ref="i285"/></URDFElement><URDFElement z:Id="i297" i:type="Collision"><Attributes/><ChildElements><URDFElement z:Id="i298" i:type="Origin"><Attributes><Attribute z:Id="i299"><AttributeType>xyz</AttributeType><IsRequired>true</IsRequired><Value i:type="a:ArrayOfdouble" xmlns:a="http://schemas.microsoft.com/2003/10/Serialization/Arrays"><a:double>0</a:double><a:double>0</a:double><a:double>0</a:double></Value></Attribute><Attribute z:Id="i300"><AttributeType>rpy</AttributeType><IsRequired>true</IsRequired><Value i:type="a:ArrayOfdouble" xmlns:a="http://schemas.microsoft.com/2003/10/Serialization/Arrays"><a:double>0</a:double><a:double>0</a:double><a:double>0</a:double></Value></Attribute></Attributes><ChildElements/><ElementName>origin</ElementName><required>false</required><RPYAttribute z:Ref="i300"/><XYZAttribute z:Ref="i299"/><isCustomized>false</isCustomized></URDFElement><URDFElement z:Id="i301" i:type="Geometry"><Attributes/><ChildElements><URDFElement z:Id="i302" i:type="Mesh"><Attributes><Attribute z:Id="i303"><AttributeType>filename</AttributeType><IsRequired>true</IsRequired><Value i:nil="true"/></Attribute></Attributes><ChildElements/><ElementName>mesh</ElementName><required>false</required><FilenameAttribute z:Ref="i303"/></URDFElement></ChildElements><ElementName>geometry</ElementName><required>true</required><Mesh z:Ref="i302"/></URDFElement></ChildElements><ElementName>collision</ElementName><required>false</required><Geometry z:Ref="i301"/><Origin z:Ref="i298"/></URDFElement><URDFElement z:Id="i304" i:type="Joint"><Attributes><Attribute z:Id="i305"><AttributeType>name</AttributeType><IsRequired>true</IsRequired><Value i:type="a:string" xmlns:a="http://www.w3.org/2001/XMLSchema">back_right_wheel_joint</Value></Attribute><Attribute z:Id="i306"><AttributeType>type</AttributeType><IsRequired>true</IsRequired><Value i:type="a:string" xmlns:a="http://www.w3.org/2001/XMLSchema">continuous</Value></Attribute></Attributes><ChildElements><URDFElement z:Id="i307" i:type="Origin"><Attributes><Attribute z:Id="i308"><AttributeType>xyz</AttributeType><IsRequired>true</IsRequired><Value i:type="a:ArrayOfdouble" xmlns:a="http://schemas.microsoft.com/2003/10/Serialization/Arrays"><a:double>0</a:double><a:double>0</a:double><a:double>0</a:double></Value></Attribute><Attribute z:Id="i309"><AttributeType>rpy</AttributeType><IsRequired>true</IsRequired><Value i:type="a:ArrayOfdouble" xmlns:a="http://schemas.microsoft.com/2003/10/Serialization/Arrays"><a:double>0</a:double><a:double>0</a:double><a:double>0</a:double></Value></Attribute></Attributes><ChildElements/><ElementName>origin</ElementName><required>false</required><RPYAttribute z:Ref="i309"/><XYZAttribute z:Ref="i308"/><isCustomized>false</isCustomized></URDFElement><URDFElement z:Id="i310" i:type="ParentLink"><Attributes><Attribute z:Id="i311"><AttributeType>link</AttributeType><IsRequired>true</IsRequired><Value i:type="a:string" xmlns:a="http://www.w3.org/2001/XMLSchema"/></Attribute></Attributes><ChildElements/><ElementName>parent</ElementName><required>true</required><NameAttribute z:Ref="i311"/></URDFElement><URDFElement z:Id="i312" i:type="ChildLink"><Attributes><Attribute z:Id="i313"><AttributeType>link</AttributeType><IsRequired>true</IsRequired><Value i:type="a:string" xmlns:a="http://www.w3.org/2001/XMLSchema"/></Attribute></Attributes><ChildElements/><ElementName>child</ElementName><required>true</required><NameAttribute z:Ref="i313"/></URDFElement><URDFElement z:Id="i314" i:type="Axis"><Attributes><Attribute z:Id="i315"><AttributeType>xyz</AttributeType><IsRequired>true</IsRequired><Value i:type="a:ArrayOfdouble" xmlns:a="http://schemas.microsoft.com/2003/10/Serialization/Arrays"><a:double>0</a:double><a:double>0</a:double><a:double>0</a:double></Value></Attribute></Attributes><ChildElements/><ElementName>axis</ElementName><required>false</required><XYZAttribute z:Ref="i315"/></URDFElement><URDFElement z:Id="i316" i:type="Limit"><Attributes><Attribute z:Id="i317"><AttributeType>lower</AttributeType><IsRequired>false</IsRequired><Value i:nil="true"/></Attribute><Attribute z:Id="i318"><AttributeType>upper</AttributeType><IsRequired>false</IsRequired><Value i:nil="true"/></Attribute><Attribute z:Id="i319"><AttributeType>effort</AttributeType><IsRequired>true</IsRequired><Value i:nil="true"/></Attribute><Attribute z:Id="i320"><AttributeType>velocity</AttributeType><IsRequired>true</IsRequired><Value i:nil="true"/></Attribute></Attributes><ChildElements/><ElementName>limit</ElementName><required>false</required><EffortAttribute z:Ref="i319"/><LowerAttribute z:Ref="i317"/><UpperAttribute z:Ref="i318"/><VelocityAttribute z:Ref="i320"/></URDFElement><URDFElement z:Id="i321" i:type="Calibration"><Attributes><Attribute z:Id="i322"><AttributeType>rising</AttributeType><IsRequired>false</IsRequired><Value i:nil="true"/></Attribute><Attribute z:Id="i323"><AttributeType>falling</AttributeType><IsRequired>false</IsRequired><Value i:nil="true"/></Attribute></Attributes><ChildElements/><ElementName>calibration</ElementName><required>false</required><FallingAttribute z:Ref="i323"/><RisingAttribute z:Ref="i322"/></URDFElement><URDFElement z:Id="i324" i:type="Dynamics"><Attributes><Attribute z:Id="i325"><AttributeType>damping</AttributeType><IsRequired>false</IsRequired><Value i:nil="true"/></Attribute><Attribute z:Id="i326"><AttributeType>friction</AttributeType><IsRequired>false</IsRequired><Value i:nil="true"/></Attribute></Attributes><ChildElements/><ElementName>dynamics</ElementName><required>false</required><DampingAttribute z:Ref="i325"/><FrictionAttribute z:Ref="i326"/></URDFElement><URDFElement z:Id="i327" i:type="SafetyController"><Attributes><Attribute z:Id="i328"><AttributeType>soft_upper_limit</AttributeType><IsRequired>false</IsRequired><Value i:nil="true"/></Attribute><Attribute z:Id="i329"><AttributeType>soft_lower_limit</AttributeType><IsRequired>false</IsRequired><Value i:nil="true"/></Attribute><Attribute z:Id="i330"><AttributeType>k_position</AttributeType><IsRequired>false</IsRequired><Value i:nil="true"/></Attribute><Attribute z:Id="i331"><AttributeType>k_velocity</AttributeType><IsRequired>true</IsRequired><Value i:nil="true"/></Attribute></Attributes><ChildElements/><ElementName>safety_controller</ElementName><required>false</required><KPositionAttribute z:Ref="i330"/><KVelocityAttribute z:Ref="i331"/><SoftLowerAttribute z:Ref="i329"/><SoftUpperAttribute z:Ref="i328"/></URDFElement><URDFElement z:Id="i332" i:type="Mimic"><Attributes><Attribute z:Id="i333"><AttributeType>joint</AttributeType><IsRequired>true</IsRequired><Value i:nil="true"/></Attribute><Attribute z:Id="i334"><AttributeType>multiplier</AttributeType><IsRequired>false</IsRequired><Value i:nil="true"/></Attribute><Attribute z:Id="i335"><AttributeType>offset</AttributeType><IsRequired>false</IsRequired><Value i:nil="true"/></Attribute></Attributes><ChildElements/><ElementName>mimic</ElementName><required>false</required><JointNameAttribute z:Ref="i333"/><MultiplierAttribute z:Ref="i334"/><OffsetAttribute z:Ref="i335"/></URDFElement></ChildElements><ElementName>joint</ElementName><required>false</required><Axis z:Ref="i314"/><AxisName>back_right_wheel_axis</AxisName><Calibration z:Ref="i321"/><Child z:Ref="i312"/><CoordinateSystemName>base_link</CoordinateSystemName><Dynamics z:Ref="i324"/><Limit z:Ref="i316"/><Mimic z:Ref="i332"/><NameAttribute z:Ref="i305"/><Origin z:Ref="i307"/><Parent z:Ref="i310"/><Safety z:Ref="i327"/><TypeAttribute z:Ref="i306"/></URDFElement></ChildElements><ElementName>link</ElementName><required>true</required><Children/><Collision z:Ref="i297"/><Inertial z:Ref="i271"/><Joint z:Ref="i304"/><NameAttribute z:Ref="i270"/><Parent z:Ref="i1"/><STLQualityFine>false</STLQualityFine><SWComponentPIDs xmlns:a="http://schemas.microsoft.com/2003/10/Serialization/Arrays"><a:base64Binary>mDoAAAUAAAD//v9mTwBtAG4AaQBfAFcAaABlAGUAbABfADEAMgBtAG0AXwBIAGUAeABfAE0AbwBkADEALQAzAEAAVQBpAFIAUwAuADEAIAAtACAATwBiAGoAZQBjAHQAIABUAHIAYQBuAHMAcABvAHQAIABSAG8AYgBvAHQAIABBAHIAbQAvAE8AbQBuAGkAIAB3AGgAZQBlAGwAIAB2ADkALQAxAEAATwBtAG4AaQBfAFcAaABlAGUAbABfADEAMgBtAG0AXwBIAGUAeABfAE0AbwBkADEABAAAABAAAAABAAAAAgAAAGIAAAAVAAAA</a:base64Binary></SWComponentPIDs><SWMainComponentPID i:nil="true"/><Visual z:Ref="i284"/><isFixedFrame>false</isFixedFrame><isIncomplete>false</isIncomplete></Link></Children><Collision z:Ref="i29"/><Inertial z:Ref="i3"/><Joint z:Ref="i36"/><NameAttribute z:Ref="i2"/><Parent i:nil="true"/><STLQualityFine>false</STLQualityFine><SWComponentPIDs xmlns:a="http://schemas.microsoft.com/2003/10/Serialization/Arrays"><a:base64Binary>mDoAAAUAAAD//v+kcgBvAGIAbwB0AF4AVQBpAFIAUwAuADEAIAAtACAATwBiAGoAZQBjAHQAIABUAHIAYQBuAHMAcABvAHQAIABSAG8AYgBvAHQAIABBAHIAbQAtADEAQABVAGkAUgBTAC4AMQAgAC0AIABPAGIAagBlAGMAdAAgAFQAcgBhAG4AcwBwAG8AdAAgAFIAbwBiAG8AdAAgAEEAcgBtAC8AWwBGAGkAeAAgADcAXQAgADEALgBSAGUAdgAgAC0AIABDAGEAcwBpAHMAIABTAGEAbQBwAGkAbgBnACAAVABhAG0AYgBhAGgAYQBuACAAMgAgAG0AbQAtADIAQAByAG8AYgBvAHQAXgBVAGkAUgBTAC4AMQAgAC0AIABPAGIAagBlAGMAdAAgAFQAcgBhAG4AcwBwAG8AdAAgAFIAbwBiAG8AdAAgAEEAcgBtAAQAAAAQAAAAAQAAAAIAAAChAgAAIAAAAA==</a:base64Binary><a:base64Binary>mDoAAAUAAAD//v+ccgBvAGIAbwB0AF4AVQBpAFIAUwAuADEAIAAtACAATwBiAGoAZQBjAHQAIABUAHIAYQBuAHMAcABvAHQAIABSAG8AYgBvAHQAIABBAHIAbQAtADEAQABVAGkAUgBTAC4AMQAgAC0AIABPAGIAagBlAGMAdAAgAFQAcgBhAG4AcwBwAG8AdAAgAFIAbwBiAG8AdAAgAEEAcgBtAC8AWwBGAGkAeAAgADcAXQAgADEALgBSAGUAdgAgAC0AIABDAGEAcwBpAHMAIABTAGEAbQBwAGkAbgBnACAAVQB0AGEAbQBhAC0AMQBAAHIAbwBiAG8AdABeAFUAaQBSAFMALgAxACAALQAgAE8AYgBqAGUAYwB0ACAAVAByAGEAbgBzAHAAbwB0ACAAUgBvAGIAbwB0ACAAQQByAG0ABAAAABAAAAABAAAAAgAAAKECAAAdAAAA</a:base64Binary><a:base64Binary>mDoAAAUAAAD//v+dcgBvAGIAbwB0AF4AVQBpAFIAUwAuADEAIAAtACAATwBiAGoAZQBjAHQAIABUAHIAYQBuAHMAcABvAHQAIABSAG8AYgBvAHQAIABBAHIAbQAtADEAQABVAGkAUgBTAC4AMQAgAC0AIABPAGIAagBlAGMAdAAgAFQAcgBhAG4AcwBwAG8AdAAgAFIAbwBiAG8AdAAgAEEAcgBtAC8AWwBGAGkAeAAgADcAXQAgADEALgBSAGUAdgAgAC0AIABDAGEAcwBpAHMAIABEAGUAcABhAG4AIABCAGUAbABhAGsAYQBuAGcALQAxAEAAcgBvAGIAbwB0AF4AVQBpAFIAUwAuADEAIAAtACAATwBiAGoAZQBjAHQAIABUAHIAYQBuAHMAcABvAHQAIABSAG8AYgBvAHQAIABBAHIAbQAEAAAAEAAAAAEAAAACAAAAoQIAABsAAAA=</a:base64Binary><a:base64Binary>mDoAAAUAAAD//v+XcgBvAGIAbwB0AF4AVQBpAFIAUwAuADEAIAAtACAATwBiAGoAZQBjAHQAIABUAHIAYQBuAHMAcABvAHQAIABSAG8AYgBvAHQAIABBAHIAbQAtADEAQABVAGkAUgBTAC4AMQAgAC0AIABPAGIAagBlAGMAdAAgAFQAcgBhAG4AcwBwAG8AdAAgAFIAbwBiAG8AdAAgAEEAcgBtAC8AWwBGAGkAeAAgADcAXQAgADEALgBSAGUAdgAgAC0AIABMAGkAcABvACAAQwBhAHMAZQAgAEwAaQBuAGsALQA0AEAAcgBvAGIAbwB0AF4AVQBpAFIAUwAuADEAIAAtACAATwBiAGoAZQBjAHQAIABUAHIAYQBuAHMAcABvAHQAIABSAG8AYgBvAHQAIABBAHIAbQAEAAAAEAAAAAEAAAACAAAAoQIAAC0AAAA=</a:base64Binary><a:base64Binary>mDoAAAUAAAD//v+XcgBvAGIAbwB0AF4AVQBpAFIAUwAuADEAIAAtACAATwBiAGoAZQBjAHQAIABUAHIAYQBuAHMAcABvAHQAIABSAG8AYgBvAHQAIABBAHIAbQAtADEAQABVAGkAUgBTAC4AMQAgAC0AIABPAGIAagBlAGMAdAAgAFQAcgBhAG4AcwBwAG8AdAAgAFIAbwBiAG8AdAAgAEEAcgBtAC8AWwBGAGkAeAAgADcAXQAgADEALgBSAGUAdgAgAC0AIABMAGkAcABvACAAQwBhAHMAZQAgAEIAYQBzAGUALQAxAEAAcgBvAGIAbwB0AF4AVQBpAFIAUwAuADEAIAAtACAATwBiAGoAZQBjAHQAIABUAHIAYQBuAHMAcABvAHQAIABSAG8AYgBvAHQAIABBAHIAbQAEAAAAEAAAAAEAAAACAAAAoQIAAC4AAAA=</a:base64Binary><a:base64Binary>mDoAAAUAAAD//v+ZcgBvAGIAbwB0AF4AVQBpAFIAUwAuADEAIAAtACAATwBiAGoAZQBjAHQAIABUAHIAYQBuAHMAcABvAHQAIABSAG8AYgBvAHQAIABBAHIAbQAtADEAQABVAGkAUgBTAC4AMQAgAC0AIABPAGIAagBlAGMAdAAgAFQAcgBhAG4AcwBwAG8AdAAgAFIAbwBiAG8AdAAgAEEAcgBtAC8AWwBGAGkAeAAgADcAXQAgADEALgBSAGUAdgAgAC0AIABDAGEAcwBpAHMAIABCAGEAcwBlACAAUwBlAHIAdgBvAC0AMQBAAHIAbwBiAG8AdABeAFUAaQBSAFMALgAxACAALQAgAE8AYgBqAGUAYwB0ACAAVAByAGEAbgBzAHAAbwB0ACAAUgBvAGIAbwB0ACAAQQByAG0ABAAAABAAAAABAAAAAgAAAKECAAAYAAAA</a:base64Binary><a:base64Binary>mDoAAAUAAAD//v+bcgBvAGIAbwB0AF4AVQBpAFIAUwAuADEAIAAtACAATwBiAGoAZQBjAHQAIABUAHIAYQBuAHMAcABvAHQAIABSAG8AYgBvAHQAIABBAHIAbQAtADEAQABVAGkAUgBTAC4AMQAgAC0AIABPAGIAagBlAGMAdAAgAFQAcgBhAG4AcwBwAG8AdAAgAFIAbwBiAG8AdAAgAEEAcgBtAC8AWwBGAGkAeAAgADcAXQAgADEALgBSAGUAdgAgAC0AIABDAGEAcwBpAHMAIABMAGkAbgBrACAAdABvACAAQgBvAGQAeQAtADEAQAByAG8AYgBvAHQAXgBVAGkAUgBTAC4AMQAgAC0AIABPAGIAagBlAGMAdAAgAFQAcgBhAG4AcwBwAG8AdAAgAFIAbwBiAG8AdAAgAEEAcgBtAAQAAAAQAAAAAQAAAAIAAAChAgAAGQAAAA==</a:base64Binary><a:base64Binary>mDoAAAUAAAD//v+RcgBvAGIAbwB0AF4AVQBpAFIAUwAuADEAIAAtACAATwBiAGoAZQBjAHQAIABUAHIAYQBuAHMAcABvAHQAIABSAG8AYgBvAHQAIABBAHIAbQAtADEAQABVAGkAUgBTAC4AMQAgAC0AIABPAGIAagBlAGMAdAAgAFQAcgBhAG4AcwBwAG8AdAAgAFIAbwBiAG8AdAAgAEEAcgBtAC8AWwB1AG4AdgBdACAAUwBwAGEAYwBlAHIAIABMAG8AZwBhAG0AIAAyADUAIABtAG0ALQAyAEAAcgBvAGIAbwB0AF4AVQBpAFIAUwAuADEAIAAtACAATwBiAGoAZQBjAHQAIABUAHIAYQBuAHMAcABvAHQAIABSAG8AYgBvAHQAIABBAHIAbQAEAAAAEAAAAAEAAAACAAAAoQIAADEAAAA=</a:base64Binary><a:base64Binary>mDoAAAUAAAD//v+RcgBvAGIAbwB0AF4AVQBpAFIAUwAuADEAIAAtACAATwBiAGoAZQBjAHQAIABUAHIAYQBuAHMAcABvAHQAIABSAG8AYgBvAHQAIABBAHIAbQAtADEAQABVAGkAUgBTAC4AMQAgAC0AIABPAGIAagBlAGMAdAAgAFQAcgBhAG4AcwBwAG8AdAAgAFIAbwBiAG8AdAAgAEEAcgBtAC8AWwB1AG4AdgBdACAAUwBwAGEAYwBlAHIAIABMAG8AZwBhAG0AIAAyADUAIABtAG0ALQAxAEAAcgBvAGIAbwB0AF4AVQBpAFIAUwAuADEAIAAtACAATwBiAGoAZQBjAHQAIABUAHIAYQBuAHMAcABvAHQAIABSAG8AYgBvAHQAIABBAHIAbQAEAAAAEAAAAAEAAAACAAAAoQIAADAAAAA=</a:base64Binary><a:base64Binary>mDoAAAUAAAD//v+bcgBvAGIAbwB0AF4AVQBpAFIAUwAuADEAIAAtACAATwBiAGoAZQBjAHQAIABUAHIAYQBuAHMAcABvAHQAIABSAG8AYgBvAHQAIABBAHIAbQAtADEAQABVAGkAUgBTAC4AMQAgAC0AIABPAGIAagBlAGMAdAAgAFQAcgBhAG4AcwBwAG8AdAAgAFIAbwBiAG8AdAAgAEEAcgBtAC8AWwBGAGkAeAAgADcAXQAgADEALgBSAGUAdgAgAC0AIABDAGEAcwBpAHMAIABMAGkAbgBrACAAdABvACAAQgBvAGQAeQAtADIAQAByAG8AYgBvAHQAXgBVAGkAUgBTAC4AMQAgAC0AIABPAGIAagBlAGMAdAAgAFQAcgBhAG4AcwBwAG8AdAAgAFIAbwBiAG8AdAAgAEEAcgBtAAQAAAAQAAAAAQAAAAIAAAChAgAAGgAAAA==</a:base64Binary><a:base64Binary>mDoAAAUAAAD//v+XcgBvAGIAbwB0AF4AVQBpAFIAUwAuADEAIAAtACAATwBiAGoAZQBjAHQAIABUAHIAYQBuAHMAcABvAHQAIABSAG8AYgBvAHQAIABBAHIAbQAtADEAQABVAGkAUgBTAC4AMQAgAC0AIABPAGIAagBlAGMAdAAgAFQAcgBhAG4AcwBwAG8AdAAgAFIAbwBiAG8AdAAgAEEAcgBtAC8AWwBGAGkAeAAgADcAXQAgADEALgBSAGUAdgAgAC0AIABMAGkAcABvACAAQwBhAHMAZQAgAEwAaQBuAGsALQAxAEAAcgBvAGIAbwB0AF4AVQBpAFIAUwAuADEAIAAtACAATwBiAGoAZQBjAHQAIABUAHIAYQBuAHMAcABvAHQAIABSAG8AYgBvAHQAIABBAHIAbQAEAAAAEAAAAAEAAAACAAAAoQIAACoAAAA=</a:base64Binary><a:base64Binary>mDoAAAUAAAD//v+kcgBvAGIAbwB0AF4AVQBpAFIAUwAuADEAIAAtACAATwBiAGoAZQBjAHQAIABUAHIAYQBuAHMAcABvAHQAIABSAG8AYgBvAHQAIABBAHIAbQAtADEAQABVAGkAUgBTAC4AMQAgAC0AIABPAGIAagBlAGMAdAAgAFQAcgBhAG4AcwBwAG8AdAAgAFIAbwBiAG8AdAAgAEEAcgBtAC8AWwBGAGkAeAAgADcAXQAgADEALgBSAGUAdgAgAC0AIABDAGEAcwBpAHMAIABMAGkAbgBrACAAUwBhAG0AcABpAG4AZwAgAHQAbwAgAEQAZQBwAGEAbgAtADEAQAByAG8AYgBvAHQAXgBVAGkAUgBTAC4AMQAgAC0AIABPAGIAagBlAGMAdAAgAFQAcgBhAG4AcwBwAG8AdAAgAFIAbwBiAG8AdAAgAEEAcgBtAAQAAAAQAAAAAQAAAAIAAAChAgAAIQAAAA==</a:base64Binary><a:base64Binary>mDoAAAUAAAD//v+RcgBvAGIAbwB0AF4AVQBpAFIAUwAuADEAIAAtACAATwBiAGoAZQBjAHQAIABUAHIAYQBuAHMAcABvAHQAIABSAG8AYgBvAHQAIABBAHIAbQAtADEAQABVAGkAUgBTAC4AMQAgAC0AIABPAGIAagBlAGMAdAAgAFQAcgBhAG4AcwBwAG8AdAAgAFIAbwBiAG8AdAAgAEEAcgBtAC8AWwB1AG4AdgBdACAAUwBwAGEAYwBlAHIAIABMAG8AZwBhAG0AIAAyADUAIABtAG0ALQAzAEAAcgBvAGIAbwB0AF4AVQBpAFIAUwAuADEAIAAtACAATwBiAGoAZQBjAHQAIABUAHIAYQBuAHMAcABvAHQAIABSAG8AYgBvAHQAIABBAHIAbQAEAAAAEAAAAAEAAAACAAAAoQIAADIAAAA=</a:base64Binary><a:base64Binary>mDoAAAUAAAD//v+dcgBvAGIAbwB0AF4AVQBpAFIAUwAuADEAIAAtACAATwBiAGoAZQBjAHQAIABUAHIAYQBuAHMAcABvAHQAIABSAG8AYgBvAHQAIABBAHIAbQAtADEAQABVAGkAUgBTAC4AMQAgAC0AIABPAGIAagBlAGMAdAAgAFQAcgBhAG4AcwBwAG8AdAAgAFIAbwBiAG8AdAAgAEEAcgBtAC8AWwBGAGkAeAAgADcAXQAgADEALgBSAGUAdgAgAC0AIABDAGEAcwBpAHMAIABEAGUAcABhAG4AIABCAGUAbABhAGsAYQBuAGcALQAyAEAAcgBvAGIAbwB0AF4AVQBpAFIAUwAuADEAIAAtACAATwBiAGoAZQBjAHQAIABUAHIAYQBuAHMAcABvAHQAIABSAG8AYgBvAHQAIABBAHIAbQAEAAAAEAAAAAEAAAACAAAAoQIAABwAAAA=</a:base64Binary><a:base64Binary>mDoAAAUAAAD//v+XcgBvAGIAbwB0AF4AVQBpAFIAUwAuADEAIAAtACAATwBiAGoAZQBjAHQAIABUAHIAYQBuAHMAcABvAHQAIABSAG8AYgBvAHQAIABBAHIAbQAtADEAQABVAGkAUgBTAC4AMQAgAC0AIABPAGIAagBlAGMAdAAgAFQAcgBhAG4AcwBwAG8AdAAgAFIAbwBiAG8AdAAgAEEAcgBtAC8AWwBGAGkAeAAgADcAXQAgADEALgBSAGUAdgAgAC0AIABMAGkAcABvACAAQwBhAHMAZQAgAEIAYQBzAGUALQAyAEAAcgBvAGIAbwB0AF4AVQBpAFIAUwAuADEAIAAtACAATwBiAGoAZQBjAHQAIABUAHIAYQBuAHMAcABvAHQAIABSAG8AYgBvAHQAIABBAHIAbQAEAAAAEAAAAAEAAAACAAAAoQIAAC8AAAA=</a:base64Binary><a:base64Binary>mDoAAAUAAAD//v+XcgBvAGIAbwB0AF4AVQBpAFIAUwAuADEAIAAtACAATwBiAGoAZQBjAHQAIABUAHIAYQBuAHMAcABvAHQAIABSAG8AYgBvAHQAIABBAHIAbQAtADEAQABVAGkAUgBTAC4AMQAgAC0AIABPAGIAagBlAGMAdAAgAFQAcgBhAG4AcwBwAG8AdAAgAFIAbwBiAG8AdAAgAEEAcgBtAC8AWwBGAGkAeAAgADcAXQAgADEALgBSAGUAdgAgAC0AIABMAGkAcABvACAAQwBhAHMAZQAgAEwAaQBuAGsALQAzAEAAcgBvAGIAbwB0AF4AVQBpAFIAUwAuADEAIAAtACAATwBiAGoAZQBjAHQAIABUAHIAYQBuAHMAcABvAHQAIABSAG8AYgBvAHQAIABBAHIAbQAEAAAAEAAAAAEAAAACAAAAoQIAACwAAAA=</a:base64Binary><a:base64Binary>mDoAAAUAAAD//v+XcgBvAGIAbwB0AF4AVQBpAFIAUwAuADEAIAAtACAATwBiAGoAZQBjAHQAIABUAHIAYQBuAHMAcABvAHQAIABSAG8AYgBvAHQAIABBAHIAbQAtADEAQABVAGkAUgBTAC4AMQAgAC0AIABPAGIAagBlAGMAdAAgAFQAcgBhAG4AcwBwAG8AdAAgAFIAbwBiAG8AdAAgAEEAcgBtAC8AWwBGAGkAeAAgADcAXQAgADEALgBSAGUAdgAgAC0AIABMAGkAcABvACAAQwBhAHMAZQAgAEwAaQBuAGsALQAyAEAAcgBvAGIAbwB0AF4AVQBpAFIAUwAuADEAIAAtACAATwBiAGoAZQBjAHQAIABUAHIAYQBuAHMAcABvAHQAIABSAG8AYgBvAHQAIABBAHIAbQAEAAAAEAAAAAEAAAACAAAAoQIAACsAAAA=</a:base64Binary><a:base64Binary>mDoAAAUAAAD//v/GcgBvAGIAbwB0AF4AVQBpAFIAUwAuADEAIAAtACAATwBiAGoAZQBjAHQAIABUAHIAYQBuAHMAcABvAHQAIABSAG8AYgBvAHQAIABBAHIAbQAtADEAQABVAGkAUgBTAC4AMQAgAC0AIABPAGIAagBlAGMAdAAgAFQAcgBhAG4AcwBwAG8AdAAgAFIAbwBiAG8AdAAgAEEAcgBtAC8AWwBGAGkAeAAgADcAXQAgADEALgBSAGUAdgAuADEAIAAtACAAQQBzAHMAZQBtADIALQAxAEAAcgBvAGIAbwB0AF4AVQBpAFIAUwAuADEAIAAtACAATwBiAGoAZQBjAHQAIABUAHIAYQBuAHMAcABvAHQAIABSAG8AYgBvAHQAIABBAHIAbQAvAFsARgBpAHgAIAA3AF0AIAAxAC4AUgBlAHYAIAAtACAAQgBvAGQAeQAgAEIAYQBzAGUALQAxAEAAWwBGAGkAeAAgADcAXQAgADEALgBSAGUAdgAuADEAIAAtACAAQQBzAHMAZQBtADIABAAAABAAAAABAAAAAwAAAKECAAA0AAAAEQAAAA==</a:base64Binary><a:base64Binary>mDoAAAUAAAD//v/GcgBvAGIAbwB0AF4AVQBpAFIAUwAuADEAIAAtACAATwBiAGoAZQBjAHQAIABUAHIAYQBuAHMAcABvAHQAIABSAG8AYgBvAHQAIABBAHIAbQAtADEAQABVAGkAUgBTAC4AMQAgAC0AIABPAGIAagBlAGMAdAAgAFQAcgBhAG4AcwBwAG8AdAAgAFIAbwBiAG8AdAAgAEEAcgBtAC8AWwBGAGkAeAAgADcAXQAgADEALgBSAGUAdgAuADEAIAAtACAAQQBzAHMAZQBtADIALQAxAEAAcgBvAGIAbwB0AF4AVQBpAFIAUwAuADEAIAAtACAATwBiAGoAZQBjAHQAIABUAHIAYQBuAHMAcABvAHQAIABSAG8AYgBvAHQAIABBAHIAbQAvAFsARgBpAHgAIAA3AF0AIAAxAC4AUgBlAHYAIAAtACAAQgBvAGQAeQAgAEIAYQBjAGsALQAxAEAAWwBGAGkAeAAgADcAXQAgADEALgBSAGUAdgAuADEAIAAtACAAQQBzAHMAZQBtADIABAAAABAAAAABAAAAAwAAAKECAAA0AAAAKwAAAA==</a:base64Binary><a:base64Binary>mDoAAAUAAAD//v/JcgBvAGIAbwB0AF4AVQBpAFIAUwAuADEAIAAtACAATwBiAGoAZQBjAHQAIABUAHIAYQBuAHMAcABvAHQAIABSAG8AYgBvAHQAIABBAHIAbQAtADEAQABVAGkAUgBTAC4AMQAgAC0AIABPAGIAagBlAGMAdAAgAFQAcgBhAG4AcwBwAG8AdAAgAFIAbwBiAG8AdAAgAEEAcgBtAC8AWwBGAGkAeAAgADcAXQAgADEALgBSAGUAdgAuADEAIAAtACAAQQBzAHMAZQBtADIALQAxAEAAcgBvAGIAbwB0AF4AVQBpAFIAUwAuADEAIAAtACAATwBiAGoAZQBjAHQAIABUAHIAYQBuAHMAcABvAHQAIABSAG8AYgBvAHQAIABBAHIAbQAvAFsARgBpAHgAIAA3AF0AIAAxAC4AUgBlAHYAIAAtACAAQgBvAGQAeQAgAFMAYQBtAHAAaQBuAGcALQAyAEAAWwBGAGkAeAAgADcAXQAgADEALgBSAGUAdgAuADEAIAAtACAAQQBzAHMAZQBtADIABAAAABAAAAABAAAAAwAAAKECAAA0AAAAFwAAAA==</a:base64Binary><a:base64Binary>mDoAAAUAAAD//v/HcgBvAGIAbwB0AF4AVQBpAFIAUwAuADEAIAAtACAATwBiAGoAZQBjAHQAIABUAHIAYQBuAHMAcABvAHQAIABSAG8AYgBvAHQAIABBAHIAbQAtADEAQABVAGkAUgBTAC4AMQAgAC0AIABPAGIAagBlAGMAdAAgAFQAcgBhAG4AcwBwAG8AdAAgAFIAbwBiAG8AdAAgAEEAcgBtAC8AWwBGAGkAeAAgADcAXQAgADEALgBSAGUAdgAuADEAIAAtACAAQQBzAHMAZQBtADIALQAxAEAAcgBvAGIAbwB0AF4AVQBpAFIAUwAuADEAIAAtACAATwBiAGoAZQBjAHQAIABUAHIAYQBuAHMAcABvAHQAIABSAG8AYgBvAHQAIABBAHIAbQAvAFsARgBpAHgAIAA3AF0AIAAxAC4AUgBlAHYAIAAtACAAQgBvAGQAeQAgAFUAcABwAGUAcgAtADEAQABbAEYAaQB4ACAANwBdACAAMQAuAFIAZQB2AC4AMQAgAC0AIABBAHMAcwBlAG0AMgAEAAAAEAAAAAEAAAADAAAAoQIAADQAAAAWAAAA</a:base64Binary><a:base64Binary>mDoAAAUAAAD//v/LcgBvAGIAbwB0AF4AVQBpAFIAUwAuADEAIAAtACAATwBiAGoAZQBjAHQAIABUAHIAYQBuAHMAcABvAHQAIABSAG8AYgBvAHQAIABBAHIAbQAtADEAQABVAGkAUgBTAC4AMQAgAC0AIABPAGIAagBlAGMAdAAgAFQAcgBhAG4AcwBwAG8AdAAgAFIAbwBiAG8AdAAgAEEAcgBtAC8AWwBGAGkAeAAgADcAXQAgADEALgBSAGUAdgAuADEAIAAtACAAQQBzAHMAZQBtADIALQAxAEAAcgBvAGIAbwB0AF4AVQBpAFIAUwAuADEAIAAtACAATwBiAGoAZQBjAHQAIABUAHIAYQBuAHMAcABvAHQAIABSAG8AYgBvAHQAIABBAHIAbQAvAFsARgBpAHgAIAA3AF0AIAAxAC4AUgBlAHYAIAAtACAAQgBvAGQAeQAgADQANQAgAEQAZQBnAHIAZQBlAC0AMgBAAFsARgBpAHgAIAA3AF0AIAAxAC4AUgBlAHYALgAxACAALQAgAEEAcwBzAGUAbQAyAAQAAAAQAAAAAQAAAAMAAAChAgAANAAAABUAAAA=</a:base64Binary><a:base64Binary>mDoAAAUAAAD//v/HcgBvAGIAbwB0AF4AVQBpAFIAUwAuADEAIAAtACAATwBiAGoAZQBjAHQAIABUAHIAYQBuAHMAcABvAHQAIABSAG8AYgBvAHQAIABBAHIAbQAtADEAQABVAGkAUgBTAC4AMQAgAC0AIABPAGIAagBlAGMAdAAgAFQAcgBhAG4AcwBwAG8AdAAgAFIAbwBiAG8AdAAgAEEAcgBtAC8AWwBGAGkAeAAgADcAXQAgADEALgBSAGUAdgAuADEAIAAtACAAQQBzAHMAZQBtADIALQAxAEAAcgBvAGIAbwB0AF4AVQBpAFIAUwAuADEAIAAtACAATwBiAGoAZQBjAHQAIABUAHIAYQBuAHMAcABvAHQAIABSAG8AYgBvAHQAIABBAHIAbQAvAFsARgBpAHgAIAA3AF0AIAAxAC4AUgBlAHYAIAAtACAAQgBvAGQAeQAgAEYAcgBvAG4AdAAtADEAQABbAEYAaQB4ACAANwBdACAAMQAuAFIAZQB2AC4AMQAgAC0AIABBAHMAcwBlAG0AMgAEAAAAEAAAAAEAAAADAAAAoQIAADQAAAASAAAA</a:base64Binary><a:base64Binary>mDoAAAUAAAD//v/LcgBvAGIAbwB0AF4AVQBpAFIAUwAuADEAIAAtACAATwBiAGoAZQBjAHQAIABUAHIAYQBuAHMAcABvAHQAIABSAG8AYgBvAHQAIABBAHIAbQAtADEAQABVAGkAUgBTAC4AMQAgAC0AIABPAGIAagBlAGMAdAAgAFQAcgBhAG4AcwBwAG8AdAAgAFIAbwBiAG8AdAAgAEEAcgBtAC8AWwBGAGkAeAAgADcAXQAgADEALgBSAGUAdgAuADEAIAAtACAAQQBzAHMAZQBtADIALQAxAEAAcgBvAGIAbwB0AF4AVQBpAFIAUwAuADEAIAAtACAATwBiAGoAZQBjAHQAIABUAHIAYQBuAHMAcABvAHQAIABSAG8AYgBvAHQAIABBAHIAbQAvAFsARgBpAHgAIAA3AF0AIAAxAC4AUgBlAHYAIAAtACAAQgBvAGQAeQAgADQANQAgAEQAZQBnAHIAZQBlAC0AMQBAAFsARgBpAHgAIAA3AF0AIAAxAC4AUgBlAHYALgAxACAALQAgAEEAcwBzAGUAbQAyAAQAAAAQAAAAAQAAAAMAAAChAgAANAAAABQAAAA=</a:base64Binary><a:base64Binary>mDoAAAUAAAD//v/JcgBvAGIAbwB0AF4AVQBpAFIAUwAuADEAIAAtACAATwBiAGoAZQBjAHQAIABUAHIAYQBuAHMAcABvAHQAIABSAG8AYgBvAHQAIABBAHIAbQAtADEAQABVAGkAUgBTAC4AMQAgAC0AIABPAGIAagBlAGMAdAAgAFQAcgBhAG4AcwBwAG8AdAAgAFIAbwBiAG8AdAAgAEEAcgBtAC8AWwBGAGkAeAAgADcAXQAgADEALgBSAGUAdgAuADEAIAAtACAAQQBzAHMAZQBtADIALQAxAEAAcgBvAGIAbwB0AF4AVQBpAFIAUwAuADEAIAAtACAATwBiAGoAZQBjAHQAIABUAHIAYQBuAHMAcABvAHQAIABSAG8AYgBvAHQAIABBAHIAbQAvAFsARgBpAHgAIAA3AF0AIAAxAC4AUgBlAHYAIAAtACAAQgBvAGQAeQAgAFMAYQBtAHAAaQBuAGcALQAxAEAAWwBGAGkAeAAgADcAXQAgADEALgBSAGUAdgAuADEAIAAtACAAQQBzAHMAZQBtADIABAAAABAAAAABAAAAAwAAAKECAAA0AAAAEwAAAA==</a:base64Binary><a:base64Binary>mDoAAAUAAAD//v+FcgBvAGIAbwB0AF4AVQBpAFIAUwAuADEAIAAtACAATwBiAGoAZQBjAHQAIABUAHIAYQBuAHMAcABvAHQAIABSAG8AYgBvAHQAIABBAHIAbQAtADEAQABVAGkAUgBTAC4AMQAgAC0AIABPAGIAagBlAGMAdAAgAFQAcgBhAG4AcwBwAG8AdAAgAFIAbwBiAG8AdAAgAEEAcgBtAC8AYwBhAG0AZQByAGEAaABvAGwAZABlAHIALQAxAEAAcgBvAGIAbwB0AF4AVQBpAFIAUwAuADEAIAAtACAATwBiAGoAZQBjAHQAIABUAHIAYQBuAHMAcABvAHQAIABSAG8AYgBvAHQAIABBAHIAbQAEAAAAEAAAAAEAAAACAAAAoQIAADcAAAA=</a:base64Binary><a:base64Binary>mDoAAAUAAAD//v+GcgBvAGIAbwB0AF4AVQBpAFIAUwAuADEAIAAtACAATwBiAGoAZQBjAHQAIABUAHIAYQBuAHMAcABvAHQAIABSAG8AYgBvAHQAIABBAHIAbQAtADEAQABVAGkAUgBTAC4AMQAgAC0AIABPAGIAagBlAGMAdAAgAFQAcgBhAG4AcwBwAG8AdAAgAFIAbwBiAG8AdAAgAEEAcgBtAC8AYwBhAG0AZQByAGEAaABvAGwAZABlAHIAMgAtADEAQAByAG8AYgBvAHQAXgBVAGkAUgBTAC4AMQAgAC0AIABPAGIAagBlAGMAdAAgAFQAcgBhAG4AcwBwAG8AdAAgAFIAbwBiAG8AdAAgAEEAcgBtAAQAAAAQAAAAAQAAAAIAAAChAgAANgAAAA==</a:base64Binary><a:base64Binary>mDoAAAUAAAD//v+kcgBvAGIAbwB0AF4AVQBpAFIAUwAuADEAIAAtACAATwBiAGoAZQBjAHQAIABUAHIAYQBuAHMAcABvAHQAIABSAG8AYgBvAHQAIABBAHIAbQAtADEAQABVAGkAUgBTAC4AMQAgAC0AIABPAGIAagBlAGMAdAAgAFQAcgBhAG4AcwBwAG8AdAAgAFIAbwBiAG8AdAAgAEEAcgBtAC8AWwBGAGkAeAAgADcAXQAgADEALgBSAGUAdgAgAC0AIABDAGEAcwBpAHMAIABTAGEAbQBwAGkAbgBnACAAVABhAG0AYgBhAGgAYQBuACAAMgAgAG0AbQAtADEAQAByAG8AYgBvAHQAXgBVAGkAUgBTAC4AMQAgAC0AIABPAGIAagBlAGMAdAAgAFQAcgBhAG4AcwBwAG8AdAAgAFIAbwBiAG8AdAAgAEEAcgBtAAQAAAAQAAAAAQAAAAIAAAChAgAAHwAAAA==</a:base64Binary><a:base64Binary>mDoAAAUAAAD//v+ccgBvAGIAbwB0AF4AVQBpAFIAUwAuADEAIAAtACAATwBiAGoAZQBjAHQAIABUAHIAYQBuAHMAcABvAHQAIABSAG8AYgBvAHQAIABBAHIAbQAtADEAQABVAGkAUgBTAC4AMQAgAC0AIABPAGIAagBlAGMAdAAgAFQAcgBhAG4AcwBwAG8AdAAgAFIAbwBiAG8AdAAgAEEAcgBtAC8AWwBGAGkAeAAgADcAXQAgADEALgBSAGUAdgAgAC0AIABDAGEAcwBpAHMAIABTAGEAbQBwAGkAbgBnACAAVQB0AGEAbQBhAC0AMgBAAHIAbwBiAG8AdABeAFUAaQBSAFMALgAxACAALQAgAE8AYgBqAGUAYwB0ACAAVAByAGEAbgBzAHAAbwB0ACAAUgBvAGIAbwB0ACAAQQByAG0ABAAAABAAAAABAAAAAgAAAKECAAAeAAAA</a:base64Binary><a:base64Binary>mDoAAAUAAAD//v+kcgBvAGIAbwB0AF4AVQBpAFIAUwAuADEAIAAtACAATwBiAGoAZQBjAHQAIABUAHIAYQBuAHMAcABvAHQAIABSAG8AYgBvAHQAIABBAHIAbQAtADEAQABVAGkAUgBTAC4AMQAgAC0AIABPAGIAagBlAGMAdAAgAFQAcgBhAG4AcwBwAG8AdAAgAFIAbwBiAG8AdAAgAEEAcgBtAC8AWwBGAGkAeAAgADcAXQAgADEALgBSAGUAdgAgAC0AIABDAGEAcwBpAHMAIABMAGkAbgBrACAAUwBhAG0AcABpAG4AZwAgAHQAbwAgAEQAZQBwAGEAbgAtADQAQAByAG8AYgBvAHQAXgBVAGkAUgBTAC4AMQAgAC0AIABPAGIAagBlAGMAdAAgAFQAcgBhAG4AcwBwAG8AdAAgAFIAbwBiAG8AdAAgAEEAcgBtAAQAAAAQAAAAAQAAAAIAAAChAgAAJAAAAA==</a:base64Binary><a:base64Binary>mDoAAAUAAAD//v+RcgBvAGIAbwB0AF4AVQBpAFIAUwAuADEAIAAtACAATwBiAGoAZQBjAHQAIABUAHIAYQBuAHMAcABvAHQAIABSAG8AYgBvAHQAIABBAHIAbQAtADEAQABVAGkAUgBTAC4AMQAgAC0AIABPAGIAagBlAGMAdAAgAFQAcgBhAG4AcwBwAG8AdAAgAFIAbwBiAG8AdAAgAEEAcgBtAC8AWwB1AG4AdgBdACAAUwBwAGEAYwBlAHIAIABMAG8AZwBhAG0AIAAyADUAIABtAG0ALQA0AEAAcgBvAGIAbwB0AF4AVQBpAFIAUwAuADEAIAAtACAATwBiAGoAZQBjAHQAIABUAHIAYQBuAHMAcABvAHQAIABSAG8AYgBvAHQAIABBAHIAbQAEAAAAEAAAAAEAAAACAAAAoQIAADMAAAA=</a:base64Binary></SWComponentPIDs><SWMainComponentPID i:nil="true"/><Visual z:Ref="i16"/><isFixedFrame>false</isFixedFrame><isIncomplete>false</isIncomplete></Link>
2026-04-21 13:28:46,264 INFO  AssemblyExportForm.cs: 309 - Saving URDF package to F:\Github\Mobile-Manipulator-Simulation-Academic-Project-Journey\senior-project\cad\New folder\UiRS.1 - Object Transpot Robot Arm.SLDASM
2026-04-21 13:28:46,266 INFO  ExportHelper.cs: 147 - Beginning the export process
2026-04-21 13:28:46,271 INFO  ExportHelper.cs: 153 - Creating package directories with name UiRS.1 - Object Transpot Robot Arm.SLDASM and save path F:\Github\Mobile-Manipulator-Simulation-Academic-Project-Journey\senior-project\cad\New folder
2026-04-21 13:28:49,034 INFO  ExportHelper.cs: 162 - Creating CMakeLists.txt at F:\Github\Mobile-Manipulator-Simulation-Academic-Project-Journey\senior-project\cad\New folder\UiRS.1 - Object Transpot Robot Arm.SLDASM\CMakeLists.txt
2026-04-21 13:28:49,052 INFO  ExportHelper.cs: 166 - Creating joint names config at F:\Github\Mobile-Manipulator-Simulation-Academic-Project-Journey\senior-project\cad\New folder\UiRS.1 - Object Transpot Robot Arm.SLDASM\config\joint_names_UiRS.1 - Object Transpot Robot Arm.SLDASM.yaml
2026-04-21 13:28:49,053 INFO  ExportHelper.cs: 170 - Creating package.xml at F:\Github\Mobile-Manipulator-Simulation-Academic-Project-Journey\senior-project\cad\New folder\UiRS.1 - Object Transpot Robot Arm.SLDASM\package.xml
2026-04-21 13:28:49,055 INFO  PackageXMLWriter.cs: 21 - Creating package.xml at F:\Github\Mobile-Manipulator-Simulation-Academic-Project-Journey\senior-project\cad\New folder\UiRS.1 - Object Transpot Robot Arm.SLDASM\package.xml
2026-04-21 13:28:49,065 INFO  ExportHelper.cs: 177 - Creating RVIZ launch file in F:\Github\Mobile-Manipulator-Simulation-Academic-Project-Journey\senior-project\cad\New folder\UiRS.1 - Object Transpot Robot Arm.SLDASM\launch\
2026-04-21 13:28:49,071 INFO  ExportHelper.cs: 182 - Creating Gazebo launch file in F:\Github\Mobile-Manipulator-Simulation-Academic-Project-Journey\senior-project\cad\New folder\UiRS.1 - Object Transpot Robot Arm.SLDASM\launch\
2026-04-21 13:28:49,072 INFO  ExportHelper.cs: 187 - Saving existing STL preferences
2026-04-21 13:28:49,073 INFO  ExportHelper.cs: 450 - Saving users preferences
2026-04-21 13:28:49,074 INFO  ExportHelper.cs: 190 - Modifying STL preferences
2026-04-21 13:28:49,075 INFO  ExportHelper.cs: 464 - Setting STL preferences
2026-04-21 13:28:49,085 INFO  ExportHelper.cs: 196 - Found 0 hidden components 
2026-04-21 13:28:49,085 INFO  ExportHelper.cs: 197 - Hiding all components
2026-04-21 13:28:49,245 INFO  ExportHelper.cs: 204 - Beginning individual files export
2026-04-21 13:28:49,248 INFO  ExportHelper.cs: 270 - Exporting link: base_link
2026-04-21 13:28:49,248 INFO  ExportHelper.cs: 272 - Link base_link has 4 children
2026-04-21 13:28:49,249 INFO  ExportHelper.cs: 270 - Exporting link: linnk1
2026-04-21 13:28:49,251 INFO  ExportHelper.cs: 272 - Link linnk1 has 0 children
2026-04-21 13:28:49,251 INFO  ExportHelper.cs: 317 - linnk1: Exporting STL with coordinate frame base_link
2026-04-21 13:28:49,252 INFO  ExportHelper.cs: 322 - linnk1: Reference geometry name 
2026-04-21 13:28:49,300 INFO  ExportHelper.cs: 330 - Saving STL to F:\Github\Mobile-Manipulator-Simulation-Academic-Project-Journey\senior-project\cad\New folder\UiRS.1 - Object Transpot Robot Arm.SLDASM\meshes\linnk1.STL
2026-04-21 13:28:53,842 INFO  ExportHelper.cs: 405 - Removing SW header in STL file
2026-04-21 13:28:53,845 INFO  ExportHelper.cs: 270 - Exporting link: link2
2026-04-21 13:28:53,846 INFO  ExportHelper.cs: 272 - Link link2 has 0 children
2026-04-21 13:28:53,846 INFO  ExportHelper.cs: 317 - link2: Exporting STL with coordinate frame base_link
2026-04-21 13:28:53,846 INFO  ExportHelper.cs: 322 - link2: Reference geometry name 
2026-04-21 13:28:53,891 INFO  ExportHelper.cs: 330 - Saving STL to F:\Github\Mobile-Manipulator-Simulation-Academic-Project-Journey\senior-project\cad\New folder\UiRS.1 - Object Transpot Robot Arm.SLDASM\meshes\link2.STL
2026-04-21 13:28:58,111 INFO  ExportHelper.cs: 405 - Removing SW header in STL file
2026-04-21 13:28:58,112 INFO  ExportHelper.cs: 270 - Exporting link: link3
2026-04-21 13:28:58,113 INFO  ExportHelper.cs: 272 - Link link3 has 0 children
2026-04-21 13:28:58,113 INFO  ExportHelper.cs: 317 - link3: Exporting STL with coordinate frame base_link
2026-04-21 13:28:58,114 INFO  ExportHelper.cs: 322 - link3: Reference geometry name 
2026-04-21 13:28:58,160 INFO  ExportHelper.cs: 330 - Saving STL to F:\Github\Mobile-Manipulator-Simulation-Academic-Project-Journey\senior-project\cad\New folder\UiRS.1 - Object Transpot Robot Arm.SLDASM\meshes\link3.STL
2026-04-21 13:29:02,405 INFO  ExportHelper.cs: 405 - Removing SW header in STL file
2026-04-21 13:29:02,406 INFO  ExportHelper.cs: 270 - Exporting link: link4
2026-04-21 13:29:02,407 INFO  ExportHelper.cs: 272 - Link link4 has 0 children
2026-04-21 13:29:02,407 INFO  ExportHelper.cs: 317 - link4: Exporting STL with coordinate frame base_link
2026-04-21 13:29:02,407 INFO  ExportHelper.cs: 322 - link4: Reference geometry name 
2026-04-21 13:29:02,453 INFO  ExportHelper.cs: 330 - Saving STL to F:\Github\Mobile-Manipulator-Simulation-Academic-Project-Journey\senior-project\cad\New folder\UiRS.1 - Object Transpot Robot Arm.SLDASM\meshes\link4.STL
2026-04-21 13:29:06,727 INFO  ExportHelper.cs: 405 - Removing SW header in STL file
2026-04-21 13:29:06,727 INFO  ExportHelper.cs: 317 - base_link: Exporting STL with coordinate frame base_link
2026-04-21 13:29:06,728 INFO  ExportHelper.cs: 322 - base_link: Reference geometry name 
2026-04-21 13:29:07,034 INFO  ExportHelper.cs: 330 - Saving STL to F:\Github\Mobile-Manipulator-Simulation-Academic-Project-Journey\senior-project\cad\New folder\UiRS.1 - Object Transpot Robot Arm.SLDASM\meshes\base_link.STL
2026-04-21 13:29:07,796 INFO  ExportHelper.cs: 405 - Removing SW header in STL file
2026-04-21 13:29:07,796 INFO  ExportHelper.cs: 145 - Showing all components except previously hidden components
2026-04-21 13:29:08,427 INFO  ExportHelper.cs: 145 - Resetting STL preferences
2026-04-21 13:29:08,427 INFO  ExportHelper.cs: 478 - Returning STL preferences to user preferences
2026-04-21 13:29:08,428 INFO  ExportHelper.cs: 228 - Writing URDF file to F:\Github\Mobile-Manipulator-Simulation-Academic-Project-Journey\senior-project\cad\New folder\UiRS.1 - Object Transpot Robot Arm.SLDASM\urdf\UiRS.1 - Object Transpot Robot Arm.SLDASM.urdf
2026-04-21 13:29:08,950 INFO  CSVImportExport.cs: 32 - Writing CSV file F:\Github\Mobile-Manipulator-Simulation-Academic-Project-Journey\senior-project\cad\New folder\UiRS.1 - Object Transpot Robot Arm.SLDASM\urdf\UiRS.1 - Object Transpot Robot Arm.SLDASM.csv
2026-04-21 13:29:08,972 ERROR CSVImportExport.cs: 130 - The following columns were not written to the CSV: Link.Joint.ChildLink.link,
2026-04-21 13:29:08,972 ERROR CSVImportExport.cs: 130 - The following columns were not written to the CSV: Link.Joint.ChildLink.link,
2026-04-21 13:29:08,973 ERROR CSVImportExport.cs: 130 - The following columns were not written to the CSV: Link.Joint.ChildLink.link,
2026-04-21 13:29:08,973 ERROR CSVImportExport.cs: 130 - The following columns were not written to the CSV: Link.Joint.ChildLink.link,
2026-04-21 13:29:08,974 ERROR CSVImportExport.cs: 130 - The following columns were not written to the CSV: Link.Joint.ChildLink.link,
2026-04-21 13:29:08,974 INFO  ExportHelper.cs: 234 - Copying log file
2026-04-21 13:29:08,979 INFO  ExportHelper.cs: 439 - Copying C:\Users\hp\sw2urdf_logs\sw2urdf.log to F:\Github\Mobile-Manipulator-Simulation-Academic-Project-Journey\senior-project\cad\New folder\UiRS.1 - Object Transpot Robot Arm.SLDASM\export.log
